/*
SQLyog Ultimate v12.09 (64 bit)
MySQL - 5.7.26 : Database - ry-lz2
*********************************************************************
*/

/*!40101 SET NAMES utf8 */;

/*!40101 SET SQL_MODE=''*/;

/*!40014 SET @OLD_UNIQUE_CHECKS=@@UNIQUE_CHECKS, UNIQUE_CHECKS=0 */;
/*!40014 SET @OLD_FOREIGN_KEY_CHECKS=@@FOREIGN_KEY_CHECKS, FOREIGN_KEY_CHECKS=0 */;
/*!40101 SET @OLD_SQL_MODE=@@SQL_MODE, SQL_MODE='NO_AUTO_VALUE_ON_ZERO' */;
/*!40111 SET @OLD_SQL_NOTES=@@SQL_NOTES, SQL_NOTES=0 */;
CREATE DATABASE /*!32312 IF NOT EXISTS*/`ry-lz2` /*!40100 DEFAULT CHARACTER SET utf8mb4 */;

USE `ry-lz2`;

/*Table structure for table `classify` */

DROP TABLE IF EXISTS `classify`;

CREATE TABLE `classify` (
  `id` int(11) NOT NULL AUTO_INCREMENT COMMENT 'ID',
  `name` varchar(100) DEFAULT NULL COMMENT 'åˆ†ç±»åç§°',
  PRIMARY KEY (`id`)
) ENGINE=MyISAM AUTO_INCREMENT=4 DEFAULT CHARSET=utf8mb4 COMMENT='åˆ†ç±»';

/*Data for the table `classify` */

insert  into `classify`(`id`,`name`) values (1,'åœ°é¢'),(2,'å¢™é¢'),(3,'æ¶ˆé˜²æ “');

/*Table structure for table `clean` */

DROP TABLE IF EXISTS `clean`;

CREATE TABLE `clean` (
  `id` int(100) NOT NULL AUTO_INCREMENT COMMENT 'ID',
  `place` varchar(500) DEFAULT NULL COMMENT 'åœ°ç‚¹',
  `question` varchar(500) DEFAULT NULL COMMENT 'å«ç”Ÿæè¿°',
  `pic` varchar(500) DEFAULT NULL COMMENT 'å›¾ç‰‡',
  `time` timestamp NULL DEFAULT CURRENT_TIMESTAMP COMMENT 'æ—¶é—´',
  `name` varchar(100) DEFAULT NULL COMMENT 'æäº¤äºº',
  `phone` varchar(11) DEFAULT NULL COMMENT 'è”ç³»æ–¹å¼',
  `status` smallint(5) DEFAULT NULL COMMENT 'çŠ¶æ€',
  PRIMARY KEY (`id`)
) ENGINE=InnoDB AUTO_INCREMENT=87 DEFAULT CHARSET=utf8mb4 COMMENT='å«ç”Ÿè¡¨';

/*Data for the table `clean` */

insert  into `clean`(`id`,`place`,`question`,`pic`,`time`,`name`,`phone`,`status`) values (84,'j01-101','','/image/upload/2024/03/29/b1da6f7c-f487-446a-91e6-f7204523f7bc.jpg','2024-03-29 14:24:06','ä¸´èŒ','13181342970',1),(85,'j02-111','åœ°é¢æœ‰åƒåœ¾','/image/upload/2024/03/29/8b0bd4b4-7f34-46b4-a9d7-210032e32aaf.jpg','2024-03-29 14:24:56','è¨è¾¾','13181342970',1),(86,'','','/image/uploadOpen/2024/04/01/cbd28ab6-85d3-41e4-b2e7-bde5b07926eb.jpg','2024-04-01 09:07:09','','',0);

/*Table structure for table `didian` */

DROP TABLE IF EXISTS `didian`;

CREATE TABLE `didian` (
  `id` int(11) NOT NULL AUTO_INCREMENT COMMENT 'ID',
  `name` varchar(100) DEFAULT 'æ— ' COMMENT 'åç§°',
  PRIMARY KEY (`id`)
) ENGINE=MyISAM AUTO_INCREMENT=17 DEFAULT CHARSET=utf8mb4 COMMENT='åœ°ç‚¹';

/*Data for the table `didian` */

insert  into `didian`(`id`,`name`) values (1,'å›¾ä¹¦ä¿¡æ¯æ¥¼-è‹¹æœæœºæˆ¿'),(2,'å›¾ä¹¦ä¿¡æ¯æ¥¼-å¤§æ•°æ®æœºæˆ¿'),(3,'å›¾ä¹¦ä¿¡æ¯æ¥¼-æœºæˆ¿'),(4,'å›¾ä¹¦ä¿¡æ¯æ¥¼-1+X'),(5,'j01-301'),(6,'j01-302'),(7,'j01-303'),(8,'j01-401'),(9,'j01-402'),(10,'j01-403'),(11,'j01-404'),(12,'j01-503'),(13,'j01-504'),(14,'j02-502'),(15,'j02-503'),(16,'j02-504');

/*Table structure for table `gen_table` */

DROP TABLE IF EXISTS `gen_table`;

CREATE TABLE `gen_table` (
  `table_id` bigint(20) NOT NULL AUTO_INCREMENT COMMENT 'ç¼–å·',
  `table_name` varchar(200) DEFAULT '' COMMENT 'è¡¨åç§°',
  `table_comment` varchar(500) DEFAULT '' COMMENT 'è¡¨æè¿°',
  `sub_table_name` varchar(64) DEFAULT NULL COMMENT 'å…³è”å­è¡¨çš„è¡¨å',
  `sub_table_fk_name` varchar(64) DEFAULT NULL COMMENT 'å­è¡¨å…³è”çš„å¤–é”®å',
  `class_name` varchar(100) DEFAULT '' COMMENT 'å®ä½“ç±»åç§°',
  `tpl_category` varchar(200) DEFAULT 'crud' COMMENT 'ä½¿ç”¨çš„æ¨¡æ¿ï¼ˆcrudå•è¡¨æ“ä½œ treeæ ‘è¡¨æ“ä½œ subä¸»å­è¡¨æ“ä½œï¼‰',
  `use_mybatis_plus` int(11) DEFAULT '0' COMMENT 'ä½¿ç”¨MybatisPlus',
  `package_name` varchar(100) DEFAULT NULL COMMENT 'ç”ŸæˆåŒ…è·¯å¾„',
  `module_name` varchar(30) DEFAULT NULL COMMENT 'ç”Ÿæˆæ¨¡å—å',
  `business_name` varchar(30) DEFAULT NULL COMMENT 'ç”Ÿæˆä¸šåŠ¡å',
  `function_name` varchar(50) DEFAULT NULL COMMENT 'ç”ŸæˆåŠŸèƒ½å',
  `function_author` varchar(50) DEFAULT NULL COMMENT 'ç”ŸæˆåŠŸèƒ½ä½œè€…',
  `gen_type` char(1) DEFAULT '0' COMMENT 'ç”Ÿæˆä»£ç æ–¹å¼ï¼ˆ0zipå‹ç¼©åŒ… 1è‡ªå®šä¹‰è·¯å¾„ï¼‰',
  `gen_path` varchar(200) DEFAULT '/' COMMENT 'ç”Ÿæˆè·¯å¾„ï¼ˆä¸å¡«é»˜è®¤é¡¹ç›®è·¯å¾„ï¼‰',
  `options` varchar(1000) DEFAULT NULL COMMENT 'å…¶å®ƒç”Ÿæˆé€‰é¡¹',
  `create_by` varchar(64) DEFAULT '' COMMENT 'åˆ›å»ºè€…',
  `create_time` datetime DEFAULT NULL COMMENT 'åˆ›å»ºæ—¶é—´',
  `update_by` varchar(64) DEFAULT '' COMMENT 'æ›´æ–°è€…',
  `update_time` datetime DEFAULT NULL COMMENT 'æ›´æ–°æ—¶é—´',
  `remark` varchar(500) DEFAULT NULL COMMENT 'å¤‡æ³¨',
  PRIMARY KEY (`table_id`)
) ENGINE=InnoDB AUTO_INCREMENT=27 DEFAULT CHARSET=utf8mb4 COMMENT='ä»£ç ç”Ÿæˆä¸šåŠ¡è¡¨';

/*Data for the table `gen_table` */

insert  into `gen_table`(`table_id`,`table_name`,`table_comment`,`sub_table_name`,`sub_table_fk_name`,`class_name`,`tpl_category`,`use_mybatis_plus`,`package_name`,`module_name`,`business_name`,`function_name`,`function_author`,`gen_type`,`gen_path`,`options`,`create_by`,`create_time`,`update_by`,`update_time`,`remark`) values (19,'user','ç”¨æˆ·','',NULL,'User','crud',1,'com.ruoyi.work','work','user','ç”¨æˆ·','SJY','0','/','{\"parentMenuId\":\"2006\",\"treeName\":\"\",\"treeParentCode\":\"\",\"parentMenuName\":\"å®è®­å®¤\",\"treeCode\":\"\"}','admin','2024-03-12 09:04:58','','2024-03-12 09:05:24',''),(24,'safe','ç»´ä¿®','',NULL,'Safe','crud',1,'com.ruoyi.work','work','safe','ç»´ä¿®','SJY','0','/','{\"parentMenuId\":\"2006\",\"treeName\":\"\",\"treeParentCode\":\"\",\"parentMenuName\":\"å®è®­å®¤\",\"treeCode\":\"\"}','admin','2024-03-25 09:50:48','','2024-03-27 14:18:02',''),(25,'clean','å«ç”Ÿè¡¨','',NULL,'Clean','crud',1,'com.ruoyi.work','work','clean','å«ç”Ÿ','SJY','0','/','{\"parentMenuId\":\"2006\",\"treeName\":\"\",\"treeParentCode\":\"\",\"parentMenuName\":\"å®è®­å®¤\",\"treeCode\":\"\"}','admin','2024-03-27 14:20:44','','2024-03-27 14:22:19',''),(26,'classify','åˆ†ç±»','',NULL,'Classify','crud',1,'com.ruoyi.work','work','classify','åˆ†ç±»','SJY','0','/','{\"parentMenuId\":\"2006\",\"treeName\":\"\",\"treeParentCode\":\"\",\"parentMenuName\":\"å®è®­å®¤\",\"treeCode\":\"\"}','admin','2024-04-02 08:55:29','','2024-04-02 08:55:50','');

/*Table structure for table `gen_table_column` */

DROP TABLE IF EXISTS `gen_table_column`;

CREATE TABLE `gen_table_column` (
  `column_id` bigint(20) NOT NULL AUTO_INCREMENT COMMENT 'ç¼–å·',
  `table_id` varchar(64) DEFAULT NULL COMMENT 'å½’å±è¡¨ç¼–å·',
  `column_name` varchar(200) DEFAULT NULL COMMENT 'åˆ—åç§°',
  `column_comment` varchar(500) DEFAULT NULL COMMENT 'åˆ—æè¿°',
  `column_type` varchar(100) DEFAULT NULL COMMENT 'åˆ—ç±»å‹',
  `java_type` varchar(500) DEFAULT NULL COMMENT 'JAVAç±»å‹',
  `java_field` varchar(200) DEFAULT NULL COMMENT 'JAVAå­—æ®µå',
  `is_pk` char(1) DEFAULT NULL COMMENT 'æ˜¯å¦ä¸»é”®ï¼ˆ1æ˜¯ï¼‰',
  `is_increment` char(1) DEFAULT NULL COMMENT 'æ˜¯å¦è‡ªå¢ï¼ˆ1æ˜¯ï¼‰',
  `is_required` char(1) DEFAULT NULL COMMENT 'æ˜¯å¦å¿…å¡«ï¼ˆ1æ˜¯ï¼‰',
  `is_insert` char(1) DEFAULT NULL COMMENT 'æ˜¯å¦ä¸ºæ’å…¥å­—æ®µï¼ˆ1æ˜¯ï¼‰',
  `is_edit` char(1) DEFAULT NULL COMMENT 'æ˜¯å¦ç¼–è¾‘å­—æ®µï¼ˆ1æ˜¯ï¼‰',
  `is_list` char(1) DEFAULT NULL COMMENT 'æ˜¯å¦åˆ—è¡¨å­—æ®µï¼ˆ1æ˜¯ï¼‰',
  `is_query` char(1) DEFAULT NULL COMMENT 'æ˜¯å¦æŸ¥è¯¢å­—æ®µï¼ˆ1æ˜¯ï¼‰',
  `query_type` varchar(200) DEFAULT 'EQ' COMMENT 'æŸ¥è¯¢æ–¹å¼ï¼ˆç­‰äºã€ä¸ç­‰äºã€å¤§äºã€å°äºã€èŒƒå›´ï¼‰',
  `html_type` varchar(200) DEFAULT NULL COMMENT 'æ˜¾ç¤ºç±»å‹ï¼ˆæ–‡æœ¬æ¡†ã€æ–‡æœ¬åŸŸã€ä¸‹æ‹‰æ¡†ã€å¤é€‰æ¡†ã€å•é€‰æ¡†ã€æ—¥æœŸæ§ä»¶ï¼‰',
  `dict_type` varchar(200) DEFAULT '' COMMENT 'å­—å…¸ç±»å‹',
  `sort` int(11) DEFAULT NULL COMMENT 'æ’åº',
  `create_by` varchar(64) DEFAULT '' COMMENT 'åˆ›å»ºè€…',
  `create_time` datetime DEFAULT NULL COMMENT 'åˆ›å»ºæ—¶é—´',
  `update_by` varchar(64) DEFAULT '' COMMENT 'æ›´æ–°è€…',
  `update_time` datetime DEFAULT NULL COMMENT 'æ›´æ–°æ—¶é—´',
  PRIMARY KEY (`column_id`)
) ENGINE=InnoDB AUTO_INCREMENT=175 DEFAULT CHARSET=utf8mb4 COMMENT='ä»£ç ç”Ÿæˆä¸šåŠ¡è¡¨å­—æ®µ';

/*Data for the table `gen_table_column` */

insert  into `gen_table_column`(`column_id`,`table_id`,`column_name`,`column_comment`,`column_type`,`java_type`,`java_field`,`is_pk`,`is_increment`,`is_required`,`is_insert`,`is_edit`,`is_list`,`is_query`,`query_type`,`html_type`,`dict_type`,`sort`,`create_by`,`create_time`,`update_by`,`update_time`) values (126,'19','id','id','int(10)','Integer','id','1','1',NULL,NULL,NULL,'1',NULL,'EQ','input','',1,'admin','2024-03-12 09:04:58',NULL,'2024-03-12 09:05:24'),(127,'19','username','ç”¨æˆ·å','varchar(50)','String','username','0','0',NULL,'1','1','1','1','LIKE','input','',2,'admin','2024-03-12 09:04:58',NULL,'2024-03-12 09:05:24'),(128,'19','password','å¯†ç ','varchar(50)','String','password','0','0',NULL,'1','1','1',NULL,'EQ','input','',3,'admin','2024-03-12 09:04:58',NULL,'2024-03-12 09:05:24'),(156,'24','id','ID','int(10)','Integer','id','1','1',NULL,NULL,NULL,'1',NULL,'EQ','input','',1,'admin','2024-03-25 09:50:48',NULL,'2024-03-27 14:18:03'),(157,'24','place','åœ°ç‚¹','varchar(100)','String','place','0','0',NULL,'1','1','1','1','EQ','input','',2,'admin','2024-03-25 09:50:48',NULL,'2024-03-27 14:18:03'),(158,'24','type','åˆ†ç±»','varchar(50)','String','type','0','0',NULL,'1','1','1','1','EQ','select','',3,'admin','2024-03-25 09:50:48',NULL,'2024-03-27 14:18:03'),(159,'24','question','é—®é¢˜æè¿°','varchar(50)','String','question','0','0',NULL,'1','1','1',NULL,'EQ','input','',4,'admin','2024-03-25 09:50:48',NULL,'2024-03-27 14:18:03'),(160,'24','pic','å›¾ç‰‡','varchar(200)','String','pic','0','0',NULL,'1','1','1',NULL,'EQ','upload','',5,'admin','2024-03-25 09:50:48',NULL,'2024-03-27 14:18:03'),(161,'24','time','æ—¶é—´','timestamp','Date','time','0','0',NULL,'1','1','1','1','EQ','datetime','',6,'admin','2024-03-25 09:50:48',NULL,'2024-03-27 14:18:03'),(162,'24','name','æäº¤äºº','varchar(20)','String','name','0','0',NULL,'1','1','1','1','LIKE','input','',7,'admin','2024-03-25 09:50:48',NULL,'2024-03-27 14:18:03'),(163,'24','phone','è”ç³»æ–¹å¼','varchar(11)','String','phone','0','0',NULL,'1','1','1',NULL,'EQ','input','',8,'admin','2024-03-25 09:50:48',NULL,'2024-03-27 14:18:03'),(164,'24','status','çŠ¶æ€','smallint(5)','Integer','status','0','0',NULL,'1','1','1','1','EQ','radio','work_safe_status',9,'admin','2024-03-25 09:50:48',NULL,'2024-03-27 14:18:03'),(165,'25','id','ID','int(100)','Long','id','1','1',NULL,NULL,NULL,'1',NULL,'EQ','input','',1,'admin','2024-03-27 14:20:44',NULL,'2024-03-27 14:22:19'),(166,'25','place','åœ°ç‚¹','varchar(500)','String','place','0','0',NULL,'1','1','1','1','EQ','textarea','',2,'admin','2024-03-27 14:20:44',NULL,'2024-03-27 14:22:19'),(167,'25','question','å«ç”Ÿæè¿°','varchar(500)','String','question','0','0',NULL,'1','1','1','1','LIKE','textarea','',3,'admin','2024-03-27 14:20:44',NULL,'2024-03-27 14:22:19'),(168,'25','pic','å›¾ç‰‡','varchar(500)','String','pic','0','0',NULL,'1','1','1',NULL,'EQ','upload','',4,'admin','2024-03-27 14:20:44',NULL,'2024-03-27 14:22:19'),(169,'25','time','æ—¶é—´','timestamp','Date','time','0','0',NULL,'1','1','1','1','EQ','datetime','',5,'admin','2024-03-27 14:20:44',NULL,'2024-03-27 14:22:19'),(170,'25','name','æäº¤äºº','varchar(100)','String','name','0','0',NULL,'1','1','1','1','LIKE','input','',6,'admin','2024-03-27 14:20:44',NULL,'2024-03-27 14:22:19'),(171,'25','phone','è”ç³»æ–¹å¼','varchar(11)','String','phone','0','0',NULL,'1','1','1',NULL,'EQ','input','',7,'admin','2024-03-27 14:20:44',NULL,'2024-03-27 14:22:19'),(172,'25','status','çŠ¶æ€','smallint(5)','Integer','status','0','0',NULL,'1','1','1','1','EQ','radio','work_clean_status',8,'admin','2024-03-27 14:20:44',NULL,'2024-03-27 14:22:19'),(173,'26','id','ID','int(11)','Long','id','1','1',NULL,NULL,NULL,'1',NULL,'EQ','input','',1,'admin','2024-04-02 08:55:29',NULL,'2024-04-02 08:55:50'),(174,'26','name','åˆ†ç±»åç§°','varchar(100)','String','name','0','0',NULL,'1','1','1','1','LIKE','input','',2,'admin','2024-04-02 08:55:29',NULL,'2024-04-02 08:55:50');

/*Table structure for table `qrtz_blob_triggers` */

DROP TABLE IF EXISTS `qrtz_blob_triggers`;

CREATE TABLE `qrtz_blob_triggers` (
  `sched_name` varchar(120) NOT NULL COMMENT 'è°ƒåº¦åç§°',
  `trigger_name` varchar(200) NOT NULL COMMENT 'qrtz_triggersè¡¨trigger_nameçš„å¤–é”®',
  `trigger_group` varchar(200) NOT NULL COMMENT 'qrtz_triggersè¡¨trigger_groupçš„å¤–é”®',
  `blob_data` blob COMMENT 'å­˜æ”¾æŒä¹…åŒ–Triggerå¯¹è±¡',
  PRIMARY KEY (`sched_name`,`trigger_name`,`trigger_group`),
  CONSTRAINT `qrtz_blob_triggers_ibfk_1` FOREIGN KEY (`sched_name`, `trigger_name`, `trigger_group`) REFERENCES `qrtz_triggers` (`sched_name`, `trigger_name`, `trigger_group`)
) ENGINE=InnoDB DEFAULT CHARSET=utf8mb4 COMMENT='Blobç±»å‹çš„è§¦å‘å™¨è¡¨';

/*Data for the table `qrtz_blob_triggers` */

/*Table structure for table `qrtz_calendars` */

DROP TABLE IF EXISTS `qrtz_calendars`;

CREATE TABLE `qrtz_calendars` (
  `sched_name` varchar(120) NOT NULL COMMENT 'è°ƒåº¦åç§°',
  `calendar_name` varchar(200) NOT NULL COMMENT 'æ—¥å†åç§°',
  `calendar` blob NOT NULL COMMENT 'å­˜æ”¾æŒä¹…åŒ–calendarå¯¹è±¡',
  PRIMARY KEY (`sched_name`,`calendar_name`)
) ENGINE=InnoDB DEFAULT CHARSET=utf8mb4 COMMENT='æ—¥å†ä¿¡æ¯è¡¨';

/*Data for the table `qrtz_calendars` */

/*Table structure for table `qrtz_cron_triggers` */

DROP TABLE IF EXISTS `qrtz_cron_triggers`;

CREATE TABLE `qrtz_cron_triggers` (
  `sched_name` varchar(120) NOT NULL COMMENT 'è°ƒåº¦åç§°',
  `trigger_name` varchar(200) NOT NULL COMMENT 'qrtz_triggersè¡¨trigger_nameçš„å¤–é”®',
  `trigger_group` varchar(200) NOT NULL COMMENT 'qrtz_triggersè¡¨trigger_groupçš„å¤–é”®',
  `cron_expression` varchar(200) NOT NULL COMMENT 'cronè¡¨è¾¾å¼',
  `time_zone_id` varchar(80) DEFAULT NULL COMMENT 'æ—¶åŒº',
  PRIMARY KEY (`sched_name`,`trigger_name`,`trigger_group`),
  CONSTRAINT `qrtz_cron_triggers_ibfk_1` FOREIGN KEY (`sched_name`, `trigger_name`, `trigger_group`) REFERENCES `qrtz_triggers` (`sched_name`, `trigger_name`, `trigger_group`)
) ENGINE=InnoDB DEFAULT CHARSET=utf8mb4 COMMENT='Cronç±»å‹çš„è§¦å‘å™¨è¡¨';

/*Data for the table `qrtz_cron_triggers` */

insert  into `qrtz_cron_triggers`(`sched_name`,`trigger_name`,`trigger_group`,`cron_expression`,`time_zone_id`) values ('RuoyiScheduler','TASK_CLASS_NAME1','DEFAULT','0/10 * * * * ?','Asia/Shanghai'),('RuoyiScheduler','TASK_CLASS_NAME2','DEFAULT','0/15 * * * * ?','Asia/Shanghai'),('RuoyiScheduler','TASK_CLASS_NAME3','DEFAULT','0/20 * * * * ?','Asia/Shanghai');

/*Table structure for table `qrtz_fired_triggers` */

DROP TABLE IF EXISTS `qrtz_fired_triggers`;

CREATE TABLE `qrtz_fired_triggers` (
  `sched_name` varchar(120) NOT NULL COMMENT 'è°ƒåº¦åç§°',
  `entry_id` varchar(95) NOT NULL COMMENT 'è°ƒåº¦å™¨å®ä¾‹id',
  `trigger_name` varchar(200) NOT NULL COMMENT 'qrtz_triggersè¡¨trigger_nameçš„å¤–é”®',
  `trigger_group` varchar(200) NOT NULL COMMENT 'qrtz_triggersè¡¨trigger_groupçš„å¤–é”®',
  `instance_name` varchar(200) NOT NULL COMMENT 'è°ƒåº¦å™¨å®ä¾‹å',
  `fired_time` bigint(13) NOT NULL COMMENT 'è§¦å‘çš„æ—¶é—´',
  `sched_time` bigint(13) NOT NULL COMMENT 'å®šæ—¶å™¨åˆ¶å®šçš„æ—¶é—´',
  `priority` int(11) NOT NULL COMMENT 'ä¼˜å…ˆçº§',
  `state` varchar(16) NOT NULL COMMENT 'çŠ¶æ€',
  `job_name` varchar(200) DEFAULT NULL COMMENT 'ä»»åŠ¡åç§°',
  `job_group` varchar(200) DEFAULT NULL COMMENT 'ä»»åŠ¡ç»„å',
  `is_nonconcurrent` varchar(1) DEFAULT NULL COMMENT 'æ˜¯å¦å¹¶å‘',
  `requests_recovery` varchar(1) DEFAULT NULL COMMENT 'æ˜¯å¦æ¥å—æ¢å¤æ‰§è¡Œ',
  PRIMARY KEY (`sched_name`,`entry_id`)
) ENGINE=InnoDB DEFAULT CHARSET=utf8mb4 COMMENT='å·²è§¦å‘çš„è§¦å‘å™¨è¡¨';

/*Data for the table `qrtz_fired_triggers` */

/*Table structure for table `qrtz_job_details` */

DROP TABLE IF EXISTS `qrtz_job_details`;

CREATE TABLE `qrtz_job_details` (
  `sched_name` varchar(120) NOT NULL COMMENT 'è°ƒåº¦åç§°',
  `job_name` varchar(200) NOT NULL COMMENT 'ä»»åŠ¡åç§°',
  `job_group` varchar(200) NOT NULL COMMENT 'ä»»åŠ¡ç»„å',
  `description` varchar(250) DEFAULT NULL COMMENT 'ç›¸å…³ä»‹ç»',
  `job_class_name` varchar(250) NOT NULL COMMENT 'æ‰§è¡Œä»»åŠ¡ç±»åç§°',
  `is_durable` varchar(1) NOT NULL COMMENT 'æ˜¯å¦æŒä¹…åŒ–',
  `is_nonconcurrent` varchar(1) NOT NULL COMMENT 'æ˜¯å¦å¹¶å‘',
  `is_update_data` varchar(1) NOT NULL COMMENT 'æ˜¯å¦æ›´æ–°æ•°æ®',
  `requests_recovery` varchar(1) NOT NULL COMMENT 'æ˜¯å¦æ¥å—æ¢å¤æ‰§è¡Œ',
  `job_data` blob COMMENT 'å­˜æ”¾æŒä¹…åŒ–jobå¯¹è±¡',
  PRIMARY KEY (`sched_name`,`job_name`,`job_group`)
) ENGINE=InnoDB DEFAULT CHARSET=utf8mb4 COMMENT='ä»»åŠ¡è¯¦ç»†ä¿¡æ¯è¡¨';

/*Data for the table `qrtz_job_details` */

insert  into `qrtz_job_details`(`sched_name`,`job_name`,`job_group`,`description`,`job_class_name`,`is_durable`,`is_nonconcurrent`,`is_update_data`,`requests_recovery`,`job_data`) values ('RuoyiScheduler','TASK_CLASS_NAME1','DEFAULT',NULL,'com.ruoyi.quartz.util.QuartzDisallowConcurrentExecution','0','1','0','0','¬í\0sr\0org.quartz.JobDataMapŸ°ƒè¿©°Ë\0\0xr\0&org.quartz.utils.StringKeyDirtyFlagMap‚èÃûÅ](\0Z\0allowsTransientDataxr\0org.quartz.utils.DirtyFlagMapæ.­(v\nÎ\0Z\0dirtyL\0mapt\0Ljava/util/Map;xpsr\0java.util.HashMapÚÁÃ`Ñ\0F\0\nloadFactorI\0	thresholdxp?@\0\0\0\0\0w\0\0\0\0\0\0t\0TASK_PROPERTIESsr\0com.ruoyi.quartz.domain.SysJob\0\0\0\0\0\0\0\0L\0\nconcurrentt\0Ljava/lang/String;L\0cronExpressionq\0~\0	L\0invokeTargetq\0~\0	L\0jobGroupq\0~\0	L\0jobIdt\0Ljava/lang/Long;L\0jobNameq\0~\0	L\0\rmisfirePolicyq\0~\0	L\0statusq\0~\0	xr\0\'com.ruoyi.common.core.domain.BaseEntity\0\0\0\0\0\0\0\0L\0createByq\0~\0	L\0\ncreateTimet\0Ljava/util/Date;L\0paramsq\0~\0L\0remarkq\0~\0	L\0searchValueq\0~\0	L\0updateByq\0~\0	L\0\nupdateTimeq\0~\0xpt\0adminsr\0java.util.DatehjKYt\0\0xpw\0\0{ÎR™Èxpt\0\0pppt\01t\00/10 * * * * ?t\0ryTask.ryNoParamst\0DEFAULTsr\0java.lang.Long;‹äÌ#ß\0J\0valuexr\0java.lang.Number†¬•”à‹\0\0xp\0\0\0\0\0\0\0t\0ç³»ç»Ÿé»˜è®¤ï¼ˆæ— å‚ï¼‰t\03t\01x\0'),('RuoyiScheduler','TASK_CLASS_NAME2','DEFAULT',NULL,'com.ruoyi.quartz.util.QuartzDisallowConcurrentExecution','0','1','0','0','¬í\0sr\0org.quartz.JobDataMapŸ°ƒè¿©°Ë\0\0xr\0&org.quartz.utils.StringKeyDirtyFlagMap‚èÃûÅ](\0Z\0allowsTransientDataxr\0org.quartz.utils.DirtyFlagMapæ.­(v\nÎ\0Z\0dirtyL\0mapt\0Ljava/util/Map;xpsr\0java.util.HashMapÚÁÃ`Ñ\0F\0\nloadFactorI\0	thresholdxp?@\0\0\0\0\0w\0\0\0\0\0\0t\0TASK_PROPERTIESsr\0com.ruoyi.quartz.domain.SysJob\0\0\0\0\0\0\0\0L\0\nconcurrentt\0Ljava/lang/String;L\0cronExpressionq\0~\0	L\0invokeTargetq\0~\0	L\0jobGroupq\0~\0	L\0jobIdt\0Ljava/lang/Long;L\0jobNameq\0~\0	L\0\rmisfirePolicyq\0~\0	L\0statusq\0~\0	xr\0\'com.ruoyi.common.core.domain.BaseEntity\0\0\0\0\0\0\0\0L\0createByq\0~\0	L\0\ncreateTimet\0Ljava/util/Date;L\0paramsq\0~\0L\0remarkq\0~\0	L\0searchValueq\0~\0	L\0updateByq\0~\0	L\0\nupdateTimeq\0~\0xpt\0adminsr\0java.util.DatehjKYt\0\0xpw\0\0{ÎR™Èxpt\0\0pppt\01t\00/15 * * * * ?t\0ryTask.ryParams(\'ry\')t\0DEFAULTsr\0java.lang.Long;‹äÌ#ß\0J\0valuexr\0java.lang.Number†¬•”à‹\0\0xp\0\0\0\0\0\0\0t\0ç³»ç»Ÿé»˜è®¤ï¼ˆæœ‰å‚ï¼‰t\03t\01x\0'),('RuoyiScheduler','TASK_CLASS_NAME3','DEFAULT',NULL,'com.ruoyi.quartz.util.QuartzDisallowConcurrentExecution','0','1','0','0','¬í\0sr\0org.quartz.JobDataMapŸ°ƒè¿©°Ë\0\0xr\0&org.quartz.utils.StringKeyDirtyFlagMap‚èÃûÅ](\0Z\0allowsTransientDataxr\0org.quartz.utils.DirtyFlagMapæ.­(v\nÎ\0Z\0dirtyL\0mapt\0Ljava/util/Map;xpsr\0java.util.HashMapÚÁÃ`Ñ\0F\0\nloadFactorI\0	thresholdxp?@\0\0\0\0\0w\0\0\0\0\0\0t\0TASK_PROPERTIESsr\0com.ruoyi.quartz.domain.SysJob\0\0\0\0\0\0\0\0L\0\nconcurrentt\0Ljava/lang/String;L\0cronExpressionq\0~\0	L\0invokeTargetq\0~\0	L\0jobGroupq\0~\0	L\0jobIdt\0Ljava/lang/Long;L\0jobNameq\0~\0	L\0\rmisfirePolicyq\0~\0	L\0statusq\0~\0	xr\0\'com.ruoyi.common.core.domain.BaseEntity\0\0\0\0\0\0\0\0L\0createByq\0~\0	L\0\ncreateTimet\0Ljava/util/Date;L\0paramsq\0~\0L\0remarkq\0~\0	L\0searchValueq\0~\0	L\0updateByq\0~\0	L\0\nupdateTimeq\0~\0xpt\0adminsr\0java.util.DatehjKYt\0\0xpw\0\0{ÎR°xpt\0\0pppt\01t\00/20 * * * * ?t\08ryTask.ryMultipleParams(\'ry\', true, 2000L, 316.50D, 100)t\0DEFAULTsr\0java.lang.Long;‹äÌ#ß\0J\0valuexr\0java.lang.Number†¬•”à‹\0\0xp\0\0\0\0\0\0\0t\0ç³»ç»Ÿé»˜è®¤ï¼ˆå¤šå‚ï¼‰t\03t\01x\0');

/*Table structure for table `qrtz_locks` */

DROP TABLE IF EXISTS `qrtz_locks`;

CREATE TABLE `qrtz_locks` (
  `sched_name` varchar(120) NOT NULL COMMENT 'è°ƒåº¦åç§°',
  `lock_name` varchar(40) NOT NULL COMMENT 'æ‚²è§‚é”åç§°',
  PRIMARY KEY (`sched_name`,`lock_name`)
) ENGINE=InnoDB DEFAULT CHARSET=utf8mb4 COMMENT='å­˜å‚¨çš„æ‚²è§‚é”ä¿¡æ¯è¡¨';

/*Data for the table `qrtz_locks` */

insert  into `qrtz_locks`(`sched_name`,`lock_name`) values ('RuoyiScheduler','STATE_ACCESS'),('RuoyiScheduler','TRIGGER_ACCESS');

/*Table structure for table `qrtz_paused_trigger_grps` */

DROP TABLE IF EXISTS `qrtz_paused_trigger_grps`;

CREATE TABLE `qrtz_paused_trigger_grps` (
  `sched_name` varchar(120) NOT NULL COMMENT 'è°ƒåº¦åç§°',
  `trigger_group` varchar(200) NOT NULL COMMENT 'qrtz_triggersè¡¨trigger_groupçš„å¤–é”®',
  PRIMARY KEY (`sched_name`,`trigger_group`)
) ENGINE=InnoDB DEFAULT CHARSET=utf8mb4 COMMENT='æš‚åœçš„è§¦å‘å™¨è¡¨';

/*Data for the table `qrtz_paused_trigger_grps` */

/*Table structure for table `qrtz_scheduler_state` */

DROP TABLE IF EXISTS `qrtz_scheduler_state`;

CREATE TABLE `qrtz_scheduler_state` (
  `sched_name` varchar(120) NOT NULL COMMENT 'è°ƒåº¦åç§°',
  `instance_name` varchar(200) NOT NULL COMMENT 'å®ä¾‹åç§°',
  `last_checkin_time` bigint(13) NOT NULL COMMENT 'ä¸Šæ¬¡æ£€æŸ¥æ—¶é—´',
  `checkin_interval` bigint(13) NOT NULL COMMENT 'æ£€æŸ¥é—´éš”æ—¶é—´',
  PRIMARY KEY (`sched_name`,`instance_name`)
) ENGINE=InnoDB DEFAULT CHARSET=utf8mb4 COMMENT='è°ƒåº¦å™¨çŠ¶æ€è¡¨';

/*Data for the table `qrtz_scheduler_state` */

insert  into `qrtz_scheduler_state`(`sched_name`,`instance_name`,`last_checkin_time`,`checkin_interval`) values ('RuoyiScheduler','DESKTOP-M7O88B51713140877749',1713160542355,15000);

/*Table structure for table `qrtz_simple_triggers` */

DROP TABLE IF EXISTS `qrtz_simple_triggers`;

CREATE TABLE `qrtz_simple_triggers` (
  `sched_name` varchar(120) NOT NULL COMMENT 'è°ƒåº¦åç§°',
  `trigger_name` varchar(200) NOT NULL COMMENT 'qrtz_triggersè¡¨trigger_nameçš„å¤–é”®',
  `trigger_group` varchar(200) NOT NULL COMMENT 'qrtz_triggersè¡¨trigger_groupçš„å¤–é”®',
  `repeat_count` bigint(7) NOT NULL COMMENT 'é‡å¤çš„æ¬¡æ•°ç»Ÿè®¡',
  `repeat_interval` bigint(12) NOT NULL COMMENT 'é‡å¤çš„é—´éš”æ—¶é—´',
  `times_triggered` bigint(10) NOT NULL COMMENT 'å·²ç»è§¦å‘çš„æ¬¡æ•°',
  PRIMARY KEY (`sched_name`,`trigger_name`,`trigger_group`),
  CONSTRAINT `qrtz_simple_triggers_ibfk_1` FOREIGN KEY (`sched_name`, `trigger_name`, `trigger_group`) REFERENCES `qrtz_triggers` (`sched_name`, `trigger_name`, `trigger_group`)
) ENGINE=InnoDB DEFAULT CHARSET=utf8mb4 COMMENT='ç®€å•è§¦å‘å™¨çš„ä¿¡æ¯è¡¨';

/*Data for the table `qrtz_simple_triggers` */

/*Table structure for table `qrtz_simprop_triggers` */

DROP TABLE IF EXISTS `qrtz_simprop_triggers`;

CREATE TABLE `qrtz_simprop_triggers` (
  `sched_name` varchar(120) NOT NULL COMMENT 'è°ƒåº¦åç§°',
  `trigger_name` varchar(200) NOT NULL COMMENT 'qrtz_triggersè¡¨trigger_nameçš„å¤–é”®',
  `trigger_group` varchar(200) NOT NULL COMMENT 'qrtz_triggersè¡¨trigger_groupçš„å¤–é”®',
  `str_prop_1` varchar(512) DEFAULT NULL COMMENT 'Stringç±»å‹çš„triggerçš„ç¬¬ä¸€ä¸ªå‚æ•°',
  `str_prop_2` varchar(512) DEFAULT NULL COMMENT 'Stringç±»å‹çš„triggerçš„ç¬¬äºŒä¸ªå‚æ•°',
  `str_prop_3` varchar(512) DEFAULT NULL COMMENT 'Stringç±»å‹çš„triggerçš„ç¬¬ä¸‰ä¸ªå‚æ•°',
  `int_prop_1` int(11) DEFAULT NULL COMMENT 'intç±»å‹çš„triggerçš„ç¬¬ä¸€ä¸ªå‚æ•°',
  `int_prop_2` int(11) DEFAULT NULL COMMENT 'intç±»å‹çš„triggerçš„ç¬¬äºŒä¸ªå‚æ•°',
  `long_prop_1` bigint(20) DEFAULT NULL COMMENT 'longç±»å‹çš„triggerçš„ç¬¬ä¸€ä¸ªå‚æ•°',
  `long_prop_2` bigint(20) DEFAULT NULL COMMENT 'longç±»å‹çš„triggerçš„ç¬¬äºŒä¸ªå‚æ•°',
  `dec_prop_1` decimal(13,4) DEFAULT NULL COMMENT 'decimalç±»å‹çš„triggerçš„ç¬¬ä¸€ä¸ªå‚æ•°',
  `dec_prop_2` decimal(13,4) DEFAULT NULL COMMENT 'decimalç±»å‹çš„triggerçš„ç¬¬äºŒä¸ªå‚æ•°',
  `bool_prop_1` varchar(1) DEFAULT NULL COMMENT 'Booleanç±»å‹çš„triggerçš„ç¬¬ä¸€ä¸ªå‚æ•°',
  `bool_prop_2` varchar(1) DEFAULT NULL COMMENT 'Booleanç±»å‹çš„triggerçš„ç¬¬äºŒä¸ªå‚æ•°',
  PRIMARY KEY (`sched_name`,`trigger_name`,`trigger_group`),
  CONSTRAINT `qrtz_simprop_triggers_ibfk_1` FOREIGN KEY (`sched_name`, `trigger_name`, `trigger_group`) REFERENCES `qrtz_triggers` (`sched_name`, `trigger_name`, `trigger_group`)
) ENGINE=InnoDB DEFAULT CHARSET=utf8mb4 COMMENT='åŒæ­¥æœºåˆ¶çš„è¡Œé”è¡¨';

/*Data for the table `qrtz_simprop_triggers` */

/*Table structure for table `qrtz_triggers` */

DROP TABLE IF EXISTS `qrtz_triggers`;

CREATE TABLE `qrtz_triggers` (
  `sched_name` varchar(120) NOT NULL COMMENT 'è°ƒåº¦åç§°',
  `trigger_name` varchar(200) NOT NULL COMMENT 'è§¦å‘å™¨çš„åå­—',
  `trigger_group` varchar(200) NOT NULL COMMENT 'è§¦å‘å™¨æ‰€å±ç»„çš„åå­—',
  `job_name` varchar(200) NOT NULL COMMENT 'qrtz_job_detailsè¡¨job_nameçš„å¤–é”®',
  `job_group` varchar(200) NOT NULL COMMENT 'qrtz_job_detailsè¡¨job_groupçš„å¤–é”®',
  `description` varchar(250) DEFAULT NULL COMMENT 'ç›¸å…³ä»‹ç»',
  `next_fire_time` bigint(13) DEFAULT NULL COMMENT 'ä¸Šä¸€æ¬¡è§¦å‘æ—¶é—´ï¼ˆæ¯«ç§’ï¼‰',
  `prev_fire_time` bigint(13) DEFAULT NULL COMMENT 'ä¸‹ä¸€æ¬¡è§¦å‘æ—¶é—´ï¼ˆé»˜è®¤ä¸º-1è¡¨ç¤ºä¸è§¦å‘ï¼‰',
  `priority` int(11) DEFAULT NULL COMMENT 'ä¼˜å…ˆçº§',
  `trigger_state` varchar(16) NOT NULL COMMENT 'è§¦å‘å™¨çŠ¶æ€',
  `trigger_type` varchar(8) NOT NULL COMMENT 'è§¦å‘å™¨çš„ç±»å‹',
  `start_time` bigint(13) NOT NULL COMMENT 'å¼€å§‹æ—¶é—´',
  `end_time` bigint(13) DEFAULT NULL COMMENT 'ç»“æŸæ—¶é—´',
  `calendar_name` varchar(200) DEFAULT NULL COMMENT 'æ—¥ç¨‹è¡¨åç§°',
  `misfire_instr` smallint(2) DEFAULT NULL COMMENT 'è¡¥å¿æ‰§è¡Œçš„ç­–ç•¥',
  `job_data` blob COMMENT 'å­˜æ”¾æŒä¹…åŒ–jobå¯¹è±¡',
  PRIMARY KEY (`sched_name`,`trigger_name`,`trigger_group`),
  KEY `sched_name` (`sched_name`,`job_name`,`job_group`),
  CONSTRAINT `qrtz_triggers_ibfk_1` FOREIGN KEY (`sched_name`, `job_name`, `job_group`) REFERENCES `qrtz_job_details` (`sched_name`, `job_name`, `job_group`)
) ENGINE=InnoDB DEFAULT CHARSET=utf8mb4 COMMENT='è§¦å‘å™¨è¯¦ç»†ä¿¡æ¯è¡¨';

/*Data for the table `qrtz_triggers` */

insert  into `qrtz_triggers`(`sched_name`,`trigger_name`,`trigger_group`,`job_name`,`job_group`,`description`,`next_fire_time`,`prev_fire_time`,`priority`,`trigger_state`,`trigger_type`,`start_time`,`end_time`,`calendar_name`,`misfire_instr`,`job_data`) values ('RuoyiScheduler','TASK_CLASS_NAME1','DEFAULT','TASK_CLASS_NAME1','DEFAULT',NULL,1713141040000,-1,5,'PAUSED','CRON',1713141040000,0,NULL,2,''),('RuoyiScheduler','TASK_CLASS_NAME2','DEFAULT','TASK_CLASS_NAME2','DEFAULT',NULL,1713141045000,-1,5,'PAUSED','CRON',1713141041000,0,NULL,2,''),('RuoyiScheduler','TASK_CLASS_NAME3','DEFAULT','TASK_CLASS_NAME3','DEFAULT',NULL,1713141060000,-1,5,'PAUSED','CRON',1713141041000,0,NULL,2,'');

/*Table structure for table `safe` */

DROP TABLE IF EXISTS `safe`;

CREATE TABLE `safe` (
  `id` int(10) NOT NULL AUTO_INCREMENT COMMENT 'ID',
  `place` varchar(100) DEFAULT NULL COMMENT 'åœ°ç‚¹',
  `type` varchar(50) DEFAULT NULL COMMENT 'åˆ†ç±»',
  `question` varchar(50) DEFAULT NULL COMMENT 'é—®é¢˜æè¿°',
  `pic` varchar(200) DEFAULT NULL COMMENT 'å›¾ç‰‡',
  `time` timestamp NOT NULL DEFAULT CURRENT_TIMESTAMP ON UPDATE CURRENT_TIMESTAMP COMMENT 'æ—¶é—´',
  `name` varchar(20) DEFAULT NULL COMMENT 'æäº¤äºº',
  `phone` varchar(11) DEFAULT NULL COMMENT 'è”ç³»æ–¹å¼',
  `status` smallint(5) DEFAULT NULL COMMENT 'çŠ¶æ€',
  PRIMARY KEY (`id`)
) ENGINE=MyISAM AUTO_INCREMENT=45 DEFAULT CHARSET=utf8mb4 COMMENT='ç»´ä¿®';

/*Data for the table `safe` */

insert  into `safe`(`id`,`place`,`type`,`question`,`pic`,`time`,`name`,`phone`,`status`) values (44,'å›¾ä¹¦ä¿¡æ¯æ¥¼-1+X','','æµ‹è¯•','/image/upload/2024/04/02/270d2da6-0572-4f88-aaec-7233b3c1cdaf.jpg','2024-04-02 00:00:00','å°è¾¾å•Š','18053937959',1),(40,'101','','dsadaas','/image/upload/2024/03/29/cafebca1-b9c8-4b63-990e-47ec4321ada2.jpg','2024-03-29 14:25:16','è¨è¾¾','13181342970',1),(39,'','','','/image/upload/2024/03/29/c6a4ab62-29e0-46e5-b980-e601b2eb12a1.jpg','2024-03-29 14:11:39','','',0);

/*Table structure for table `sys_config` */

DROP TABLE IF EXISTS `sys_config`;

CREATE TABLE `sys_config` (
  `config_id` int(5) NOT NULL AUTO_INCREMENT COMMENT 'å‚æ•°ä¸»é”®',
  `config_name` varchar(100) DEFAULT '' COMMENT 'å‚æ•°åç§°',
  `config_key` varchar(100) DEFAULT '' COMMENT 'å‚æ•°é”®å',
  `config_value` varchar(500) DEFAULT '' COMMENT 'å‚æ•°é”®å€¼',
  `config_type` char(1) DEFAULT 'N' COMMENT 'ç³»ç»Ÿå†…ç½®ï¼ˆYæ˜¯ Nå¦ï¼‰',
  `create_by` varchar(64) DEFAULT '' COMMENT 'åˆ›å»ºè€…',
  `create_time` datetime DEFAULT NULL COMMENT 'åˆ›å»ºæ—¶é—´',
  `update_by` varchar(64) DEFAULT '' COMMENT 'æ›´æ–°è€…',
  `update_time` datetime DEFAULT NULL COMMENT 'æ›´æ–°æ—¶é—´',
  `remark` varchar(500) DEFAULT NULL COMMENT 'å¤‡æ³¨',
  PRIMARY KEY (`config_id`)
) ENGINE=InnoDB AUTO_INCREMENT=11 DEFAULT CHARSET=utf8mb4 COMMENT='å‚æ•°é…ç½®è¡¨';

/*Data for the table `sys_config` */

insert  into `sys_config`(`config_id`,`config_name`,`config_key`,`config_value`,`config_type`,`create_by`,`create_time`,`update_by`,`update_time`,`remark`) values (1,'ä¸»æ¡†æ¶é¡µ-é»˜è®¤çš®è‚¤æ ·å¼åç§°','sys.index.skinName','skin-classic','Y','admin','2021-09-27 13:05:36','admin','2021-09-28 10:48:48','ç»å…¸ skin-classicã€è“è‰² skin-blueã€ç»¿è‰² skin-greenã€ç´«è‰² skin-purpleã€çº¢è‰² skin-redã€é»„è‰² skin-yellow'),(2,'ç”¨æˆ·ç®¡ç†-è´¦å·åˆå§‹å¯†ç ','sys.user.initPassword','123456','Y','admin','2021-09-27 13:05:36','',NULL,'åˆå§‹åŒ–å¯†ç  123456'),(3,'ä¸»æ¡†æ¶é¡µ-ä¾§è¾¹æ ä¸»é¢˜','sys.index.sideTheme','theme-dark','Y','admin','2021-09-27 13:05:36','',NULL,'æ·±é»‘ä¸»é¢˜theme-darkï¼Œæµ…è‰²ä¸»é¢˜theme-lightï¼Œæ·±è“ä¸»é¢˜theme-blue'),(4,'è´¦å·è‡ªåŠ©-æ˜¯å¦å¼€å¯ç”¨æˆ·æ³¨å†ŒåŠŸèƒ½','sys.account.registerUser','false','Y','admin','2021-09-27 13:05:36','',NULL,'æ˜¯å¦å¼€å¯æ³¨å†Œç”¨æˆ·åŠŸèƒ½ï¼ˆtrueå¼€å¯ï¼Œfalseå…³é—­ï¼‰'),(5,'ç”¨æˆ·ç®¡ç†-å¯†ç å­—ç¬¦èŒƒå›´','sys.account.chrtype','0','Y','admin','2021-09-27 13:05:36','',NULL,'é»˜è®¤ä»»æ„å­—ç¬¦èŒƒå›´ï¼Œ0ä»»æ„ï¼ˆå¯†ç å¯ä»¥è¾“å…¥ä»»æ„å­—ç¬¦ï¼‰ï¼Œ1æ•°å­—ï¼ˆå¯†ç åªèƒ½ä¸º0-9æ•°å­—ï¼‰ï¼Œ2è‹±æ–‡å­—æ¯ï¼ˆå¯†ç åªèƒ½ä¸ºa-zå’ŒA-Zå­—æ¯ï¼‰ï¼Œ3å­—æ¯å’Œæ•°å­—ï¼ˆå¯†ç å¿…é¡»åŒ…å«å­—æ¯ï¼Œæ•°å­—ï¼‰,4å­—æ¯æ•°å­—å’Œç‰¹æ®Šå­—ç¬¦ï¼ˆç›®å‰æ”¯æŒçš„ç‰¹æ®Šå­—ç¬¦åŒ…æ‹¬ï¼š~!@#$%^&*()-=_+ï¼‰'),(6,'ç”¨æˆ·ç®¡ç†-åˆå§‹å¯†ç ä¿®æ”¹ç­–ç•¥','sys.account.initPasswordModify','0','Y','admin','2021-09-27 13:05:36','',NULL,'0ï¼šåˆå§‹å¯†ç ä¿®æ”¹ç­–ç•¥å…³é—­ï¼Œæ²¡æœ‰ä»»ä½•æç¤ºï¼Œ1ï¼šæé†’ç”¨æˆ·ï¼Œå¦‚æœæœªä¿®æ”¹åˆå§‹å¯†ç ï¼Œåˆ™åœ¨ç™»å½•æ—¶å°±ä¼šæé†’ä¿®æ”¹å¯†ç å¯¹è¯æ¡†'),(7,'ç”¨æˆ·ç®¡ç†-è´¦å·å¯†ç æ›´æ–°å‘¨æœŸ','sys.account.passwordValidateDays','0','Y','admin','2021-09-27 13:05:36','',NULL,'å¯†ç æ›´æ–°å‘¨æœŸï¼ˆå¡«å†™æ•°å­—ï¼Œæ•°æ®åˆå§‹åŒ–å€¼ä¸º0ä¸é™åˆ¶ï¼Œè‹¥ä¿®æ”¹å¿…é¡»ä¸ºå¤§äº0å°äº365çš„æ­£æ•´æ•°ï¼‰ï¼Œå¦‚æœè¶…è¿‡è¿™ä¸ªå‘¨æœŸç™»å½•ç³»ç»Ÿæ—¶ï¼Œåˆ™åœ¨ç™»å½•æ—¶å°±ä¼šæé†’ä¿®æ”¹å¯†ç å¯¹è¯æ¡†'),(8,'ä¸»æ¡†æ¶é¡µ-èœå•å¯¼èˆªæ˜¾ç¤ºé£æ ¼','sys.index.menuStyle','default','Y','admin','2021-09-27 13:05:36','',NULL,'èœå•å¯¼èˆªæ˜¾ç¤ºé£æ ¼ï¼ˆdefaultä¸ºå·¦ä¾§å¯¼èˆªèœå•ï¼Œtopnavä¸ºé¡¶éƒ¨å¯¼èˆªèœå•ï¼‰'),(9,'ä¸»æ¡†æ¶é¡µ-æ˜¯å¦å¼€å¯é¡µè„š','sys.index.footer','true','Y','admin','2021-09-27 13:05:36','',NULL,'æ˜¯å¦å¼€å¯åº•éƒ¨é¡µè„šæ˜¾ç¤ºï¼ˆtrueæ˜¾ç¤ºï¼Œfalseéšè—ï¼‰'),(10,'ä¸»æ¡†æ¶é¡µ-æ˜¯å¦å¼€å¯é¡µç­¾','sys.index.tagsView','true','Y','admin','2021-09-27 13:05:36','',NULL,'æ˜¯å¦å¼€å¯èœå•å¤šé¡µç­¾æ˜¾ç¤ºï¼ˆtrueæ˜¾ç¤ºï¼Œfalseéšè—ï¼‰');

/*Table structure for table `sys_dept` */

DROP TABLE IF EXISTS `sys_dept`;

CREATE TABLE `sys_dept` (
  `dept_id` bigint(20) NOT NULL AUTO_INCREMENT COMMENT 'éƒ¨é—¨id',
  `parent_id` bigint(20) DEFAULT '0' COMMENT 'çˆ¶éƒ¨é—¨id',
  `ancestors` varchar(50) DEFAULT '' COMMENT 'ç¥–çº§åˆ—è¡¨',
  `dept_name` varchar(30) DEFAULT '' COMMENT 'éƒ¨é—¨åç§°',
  `order_num` int(4) DEFAULT '0' COMMENT 'æ˜¾ç¤ºé¡ºåº',
  `leader` varchar(20) DEFAULT NULL COMMENT 'è´Ÿè´£äºº',
  `phone` varchar(11) DEFAULT NULL COMMENT 'è”ç³»ç”µè¯',
  `email` varchar(50) DEFAULT NULL COMMENT 'é‚®ç®±',
  `status` char(1) DEFAULT '0' COMMENT 'éƒ¨é—¨çŠ¶æ€ï¼ˆ0æ­£å¸¸ 1åœç”¨ï¼‰',
  `del_flag` char(1) DEFAULT '0' COMMENT 'åˆ é™¤æ ‡å¿—ï¼ˆ0ä»£è¡¨å­˜åœ¨ 2ä»£è¡¨åˆ é™¤ï¼‰',
  `create_by` varchar(64) DEFAULT '' COMMENT 'åˆ›å»ºè€…',
  `create_time` datetime DEFAULT NULL COMMENT 'åˆ›å»ºæ—¶é—´',
  `update_by` varchar(64) DEFAULT '' COMMENT 'æ›´æ–°è€…',
  `update_time` datetime DEFAULT NULL COMMENT 'æ›´æ–°æ—¶é—´',
  PRIMARY KEY (`dept_id`)
) ENGINE=InnoDB AUTO_INCREMENT=110 DEFAULT CHARSET=utf8mb4 COMMENT='éƒ¨é—¨è¡¨';

/*Data for the table `sys_dept` */

insert  into `sys_dept`(`dept_id`,`parent_id`,`ancestors`,`dept_name`,`order_num`,`leader`,`phone`,`email`,`status`,`del_flag`,`create_by`,`create_time`,`update_by`,`update_time`) values (100,0,'0','è‹¥ä¾ç§‘æŠ€',0,'è‹¥ä¾','15888888888','ry@qq.com','0','0','admin','2021-09-10 14:08:32','',NULL),(101,100,'0,100','æ·±åœ³æ€»å…¬å¸',1,'è‹¥ä¾','15888888888','ry@qq.com','0','0','admin','2021-09-10 14:08:32','',NULL),(102,100,'0,100','é•¿æ²™åˆ†å…¬å¸',2,'è‹¥ä¾','15888888888','ry@qq.com','0','0','admin','2021-09-10 14:08:32','',NULL),(103,101,'0,100,101','ç ”å‘éƒ¨é—¨',1,'è‹¥ä¾','15888888888','ry@qq.com','0','0','admin','2021-09-10 14:08:32','',NULL),(104,101,'0,100,101','å¸‚åœºéƒ¨é—¨',2,'è‹¥ä¾','15888888888','ry@qq.com','0','0','admin','2021-09-10 14:08:32','',NULL),(105,101,'0,100,101','æµ‹è¯•éƒ¨é—¨',3,'è‹¥ä¾','15888888888','ry@qq.com','0','0','admin','2021-09-10 14:08:32','',NULL),(106,101,'0,100,101','è´¢åŠ¡éƒ¨é—¨',4,'è‹¥ä¾','15888888888','ry@qq.com','0','0','admin','2021-09-10 14:08:32','',NULL),(107,101,'0,100,101','è¿ç»´éƒ¨é—¨',5,'è‹¥ä¾','15888888888','ry@qq.com','0','0','admin','2021-09-10 14:08:32','',NULL),(108,102,'0,100,102','å¸‚åœºéƒ¨é—¨',1,'è‹¥ä¾','15888888888','ry@qq.com','0','0','admin','2021-09-10 14:08:32','',NULL),(109,102,'0,100,102','è´¢åŠ¡éƒ¨é—¨',2,'è‹¥ä¾','15888888888','ry@qq.com','0','0','admin','2021-09-10 14:08:32','',NULL);

/*Table structure for table `sys_dict_data` */

DROP TABLE IF EXISTS `sys_dict_data`;

CREATE TABLE `sys_dict_data` (
  `dict_code` bigint(20) NOT NULL AUTO_INCREMENT COMMENT 'å­—å…¸ç¼–ç ',
  `dict_sort` int(4) DEFAULT '0' COMMENT 'å­—å…¸æ’åº',
  `dict_label` varchar(100) DEFAULT '' COMMENT 'å­—å…¸æ ‡ç­¾',
  `dict_value` varchar(100) DEFAULT '' COMMENT 'å­—å…¸é”®å€¼',
  `dict_type` varchar(100) DEFAULT '' COMMENT 'å­—å…¸ç±»å‹',
  `css_class` varchar(100) DEFAULT NULL COMMENT 'æ ·å¼å±æ€§ï¼ˆå…¶ä»–æ ·å¼æ‰©å±•ï¼‰',
  `list_class` varchar(100) DEFAULT NULL COMMENT 'è¡¨æ ¼å›æ˜¾æ ·å¼',
  `is_default` char(1) DEFAULT 'N' COMMENT 'æ˜¯å¦é»˜è®¤ï¼ˆYæ˜¯ Nå¦ï¼‰',
  `status` char(1) DEFAULT '0' COMMENT 'çŠ¶æ€ï¼ˆ0æ­£å¸¸ 1åœç”¨ï¼‰',
  `create_by` varchar(64) DEFAULT '' COMMENT 'åˆ›å»ºè€…',
  `create_time` datetime DEFAULT NULL COMMENT 'åˆ›å»ºæ—¶é—´',
  `update_by` varchar(64) DEFAULT '' COMMENT 'æ›´æ–°è€…',
  `update_time` datetime DEFAULT NULL COMMENT 'æ›´æ–°æ—¶é—´',
  `remark` varchar(500) DEFAULT NULL COMMENT 'å¤‡æ³¨',
  PRIMARY KEY (`dict_code`)
) ENGINE=InnoDB AUTO_INCREMENT=34 DEFAULT CHARSET=utf8mb4 COMMENT='å­—å…¸æ•°æ®è¡¨';

/*Data for the table `sys_dict_data` */

insert  into `sys_dict_data`(`dict_code`,`dict_sort`,`dict_label`,`dict_value`,`dict_type`,`css_class`,`list_class`,`is_default`,`status`,`create_by`,`create_time`,`update_by`,`update_time`,`remark`) values (1,1,'ç”·','0','sys_user_sex','','','Y','0','admin','2021-09-10 14:08:43','',NULL,'æ€§åˆ«ç”·'),(2,2,'å¥³','1','sys_user_sex','','','N','0','admin','2021-09-10 14:08:43','',NULL,'æ€§åˆ«å¥³'),(3,3,'æœªçŸ¥','2','sys_user_sex','','','N','0','admin','2021-09-10 14:08:43','',NULL,'æ€§åˆ«æœªçŸ¥'),(4,1,'æ˜¾ç¤º','0','sys_show_hide','','primary','Y','0','admin','2021-09-10 14:08:43','',NULL,'æ˜¾ç¤ºèœå•'),(5,2,'éšè—','1','sys_show_hide','','danger','N','0','admin','2021-09-10 14:08:43','',NULL,'éšè—èœå•'),(6,1,'æ­£å¸¸','0','sys_normal_disable','','primary','Y','0','admin','2021-09-10 14:08:43','',NULL,'æ­£å¸¸çŠ¶æ€'),(7,2,'åœç”¨','1','sys_normal_disable','','danger','N','0','admin','2021-09-10 14:08:43','',NULL,'åœç”¨çŠ¶æ€'),(8,1,'æ­£å¸¸','0','sys_job_status','','primary','Y','0','admin','2021-09-10 14:08:43','',NULL,'æ­£å¸¸çŠ¶æ€'),(9,2,'æš‚åœ','1','sys_job_status','','danger','N','0','admin','2021-09-10 14:08:43','',NULL,'åœç”¨çŠ¶æ€'),(10,1,'é»˜è®¤','DEFAULT','sys_job_group','','','Y','0','admin','2021-09-10 14:08:43','',NULL,'é»˜è®¤åˆ†ç»„'),(11,2,'ç³»ç»Ÿ','SYSTEM','sys_job_group','','','N','0','admin','2021-09-10 14:08:43','',NULL,'ç³»ç»Ÿåˆ†ç»„'),(12,1,'æ˜¯','Y','sys_yes_no','','primary','Y','0','admin','2021-09-10 14:08:43','',NULL,'ç³»ç»Ÿé»˜è®¤æ˜¯'),(13,2,'å¦','N','sys_yes_no','','danger','N','0','admin','2021-09-10 14:08:43','',NULL,'ç³»ç»Ÿé»˜è®¤å¦'),(14,1,'é€šçŸ¥','1','sys_notice_type','','warning','Y','0','admin','2021-09-10 14:08:43','',NULL,'é€šçŸ¥'),(15,2,'å…¬å‘Š','2','sys_notice_type','','success','N','0','admin','2021-09-10 14:08:43','',NULL,'å…¬å‘Š'),(16,1,'æ­£å¸¸','0','sys_notice_status','','primary','Y','0','admin','2021-09-10 14:08:43','',NULL,'æ­£å¸¸çŠ¶æ€'),(17,2,'å…³é—­','1','sys_notice_status','','danger','N','0','admin','2021-09-10 14:08:43','',NULL,'å…³é—­çŠ¶æ€'),(18,99,'å…¶ä»–','0','sys_oper_type','','info','N','0','admin','2021-09-10 14:08:43','',NULL,'å…¶ä»–æ“ä½œ'),(19,1,'æ–°å¢','1','sys_oper_type','','info','N','0','admin','2021-09-10 14:08:44','',NULL,'æ–°å¢æ“ä½œ'),(20,2,'ä¿®æ”¹','2','sys_oper_type','','info','N','0','admin','2021-09-10 14:08:44','',NULL,'ä¿®æ”¹æ“ä½œ'),(21,3,'åˆ é™¤','3','sys_oper_type','','danger','N','0','admin','2021-09-10 14:08:44','',NULL,'åˆ é™¤æ“ä½œ'),(22,4,'æˆæƒ','4','sys_oper_type','','primary','N','0','admin','2021-09-10 14:08:44','',NULL,'æˆæƒæ“ä½œ'),(23,5,'å¯¼å‡º','5','sys_oper_type','','warning','N','0','admin','2021-09-10 14:08:44','',NULL,'å¯¼å‡ºæ“ä½œ'),(24,6,'å¯¼å…¥','6','sys_oper_type','','warning','N','0','admin','2021-09-10 14:08:44','',NULL,'å¯¼å…¥æ“ä½œ'),(25,7,'å¼ºé€€','7','sys_oper_type','','danger','N','0','admin','2021-09-10 14:08:44','',NULL,'å¼ºé€€æ“ä½œ'),(26,8,'ç”Ÿæˆä»£ç ','8','sys_oper_type','','warning','N','0','admin','2021-09-10 14:08:44','',NULL,'ç”Ÿæˆæ“ä½œ'),(27,9,'æ¸…ç©ºæ•°æ®','9','sys_oper_type','','danger','N','0','admin','2021-09-10 14:08:44','',NULL,'æ¸…ç©ºæ“ä½œ'),(28,1,'æˆåŠŸ','0','sys_common_status','','primary','N','0','admin','2021-09-10 14:08:44','',NULL,'æ­£å¸¸çŠ¶æ€'),(29,2,'å¤±è´¥','1','sys_common_status','','danger','N','0','admin','2021-09-10 14:08:44','',NULL,'åœç”¨çŠ¶æ€'),(30,0,'å·²å®Œæˆ','1','work_clean_status','','success','Y','0','admin','2024-03-06 10:39:03','admin','2024-03-06 10:53:56',''),(31,1,'æœªå®Œæˆ','0','work_clean_status','','warning','Y','0','admin','2024-03-06 10:41:27','admin','2024-03-06 10:54:01',''),(32,0,'å·²å®Œæˆ','1','work_safe_status',NULL,'success','Y','0','admin','2024-03-25 09:16:59','',NULL,NULL),(33,1,'æœªå®Œæˆ','0','work_safe_status',NULL,'danger','Y','0','admin','2024-03-25 09:17:16','',NULL,NULL);

/*Table structure for table `sys_dict_type` */

DROP TABLE IF EXISTS `sys_dict_type`;

CREATE TABLE `sys_dict_type` (
  `dict_id` bigint(20) NOT NULL AUTO_INCREMENT COMMENT 'å­—å…¸ä¸»é”®',
  `dict_name` varchar(100) DEFAULT '' COMMENT 'å­—å…¸åç§°',
  `dict_type` varchar(100) DEFAULT '' COMMENT 'å­—å…¸ç±»å‹',
  `status` char(1) DEFAULT '0' COMMENT 'çŠ¶æ€ï¼ˆ0æ­£å¸¸ 1åœç”¨ï¼‰',
  `create_by` varchar(64) DEFAULT '' COMMENT 'åˆ›å»ºè€…',
  `create_time` datetime DEFAULT NULL COMMENT 'åˆ›å»ºæ—¶é—´',
  `update_by` varchar(64) DEFAULT '' COMMENT 'æ›´æ–°è€…',
  `update_time` datetime DEFAULT NULL COMMENT 'æ›´æ–°æ—¶é—´',
  `remark` varchar(500) DEFAULT NULL COMMENT 'å¤‡æ³¨',
  PRIMARY KEY (`dict_id`),
  UNIQUE KEY `dict_type` (`dict_type`)
) ENGINE=InnoDB AUTO_INCREMENT=13 DEFAULT CHARSET=utf8mb4 COMMENT='å­—å…¸ç±»å‹è¡¨';

/*Data for the table `sys_dict_type` */

insert  into `sys_dict_type`(`dict_id`,`dict_name`,`dict_type`,`status`,`create_by`,`create_time`,`update_by`,`update_time`,`remark`) values (1,'ç”¨æˆ·æ€§åˆ«','sys_user_sex','0','admin','2021-09-10 14:08:42','',NULL,'ç”¨æˆ·æ€§åˆ«åˆ—è¡¨'),(2,'èœå•çŠ¶æ€','sys_show_hide','0','admin','2021-09-10 14:08:42','',NULL,'èœå•çŠ¶æ€åˆ—è¡¨'),(3,'ç³»ç»Ÿå¼€å…³','sys_normal_disable','0','admin','2021-09-10 14:08:42','',NULL,'ç³»ç»Ÿå¼€å…³åˆ—è¡¨'),(4,'ä»»åŠ¡çŠ¶æ€','sys_job_status','0','admin','2021-09-10 14:08:42','',NULL,'ä»»åŠ¡çŠ¶æ€åˆ—è¡¨'),(5,'ä»»åŠ¡åˆ†ç»„','sys_job_group','0','admin','2021-09-10 14:08:42','',NULL,'ä»»åŠ¡åˆ†ç»„åˆ—è¡¨'),(6,'ç³»ç»Ÿæ˜¯å¦','sys_yes_no','0','admin','2021-09-10 14:08:42','',NULL,'ç³»ç»Ÿæ˜¯å¦åˆ—è¡¨'),(7,'é€šçŸ¥ç±»å‹','sys_notice_type','0','admin','2021-09-10 14:08:42','',NULL,'é€šçŸ¥ç±»å‹åˆ—è¡¨'),(8,'é€šçŸ¥çŠ¶æ€','sys_notice_status','0','admin','2021-09-10 14:08:42','',NULL,'é€šçŸ¥çŠ¶æ€åˆ—è¡¨'),(9,'æ“ä½œç±»å‹','sys_oper_type','0','admin','2021-09-10 14:08:42','',NULL,'æ“ä½œç±»å‹åˆ—è¡¨'),(10,'ç³»ç»ŸçŠ¶æ€','sys_common_status','0','admin','2021-09-10 14:08:43','',NULL,'ç™»å½•çŠ¶æ€åˆ—è¡¨'),(11,'å«ç”ŸçŠ¶æ€','work_clean_status','0','admin','2024-03-06 10:37:36','',NULL,NULL),(12,'ç»´ä¿®çŠ¶æ€','work_safe_status','0','admin','2024-03-25 09:16:17','',NULL,NULL);

/*Table structure for table `sys_job` */

DROP TABLE IF EXISTS `sys_job`;

CREATE TABLE `sys_job` (
  `job_id` bigint(20) NOT NULL AUTO_INCREMENT COMMENT 'ä»»åŠ¡ID',
  `job_name` varchar(64) NOT NULL DEFAULT '' COMMENT 'ä»»åŠ¡åç§°',
  `job_group` varchar(64) NOT NULL DEFAULT 'DEFAULT' COMMENT 'ä»»åŠ¡ç»„å',
  `invoke_target` varchar(500) NOT NULL COMMENT 'è°ƒç”¨ç›®æ ‡å­—ç¬¦ä¸²',
  `cron_expression` varchar(255) DEFAULT '' COMMENT 'cronæ‰§è¡Œè¡¨è¾¾å¼',
  `misfire_policy` varchar(20) DEFAULT '3' COMMENT 'è®¡åˆ’æ‰§è¡Œé”™è¯¯ç­–ç•¥ï¼ˆ1ç«‹å³æ‰§è¡Œ 2æ‰§è¡Œä¸€æ¬¡ 3æ”¾å¼ƒæ‰§è¡Œï¼‰',
  `concurrent` char(1) DEFAULT '1' COMMENT 'æ˜¯å¦å¹¶å‘æ‰§è¡Œï¼ˆ0å…è®¸ 1ç¦æ­¢ï¼‰',
  `status` char(1) DEFAULT '0' COMMENT 'çŠ¶æ€ï¼ˆ0æ­£å¸¸ 1æš‚åœï¼‰',
  `create_by` varchar(64) DEFAULT '' COMMENT 'åˆ›å»ºè€…',
  `create_time` datetime DEFAULT NULL COMMENT 'åˆ›å»ºæ—¶é—´',
  `update_by` varchar(64) DEFAULT '' COMMENT 'æ›´æ–°è€…',
  `update_time` datetime DEFAULT NULL COMMENT 'æ›´æ–°æ—¶é—´',
  `remark` varchar(500) DEFAULT '' COMMENT 'å¤‡æ³¨ä¿¡æ¯',
  PRIMARY KEY (`job_id`,`job_name`,`job_group`)
) ENGINE=InnoDB AUTO_INCREMENT=4 DEFAULT CHARSET=utf8mb4 COMMENT='å®šæ—¶ä»»åŠ¡è°ƒåº¦è¡¨';

/*Data for the table `sys_job` */

insert  into `sys_job`(`job_id`,`job_name`,`job_group`,`invoke_target`,`cron_expression`,`misfire_policy`,`concurrent`,`status`,`create_by`,`create_time`,`update_by`,`update_time`,`remark`) values (1,'ç³»ç»Ÿé»˜è®¤ï¼ˆæ— å‚ï¼‰','DEFAULT','ryTask.ryNoParams','0/10 * * * * ?','3','1','1','admin','2021-09-10 14:08:45','',NULL,''),(2,'ç³»ç»Ÿé»˜è®¤ï¼ˆæœ‰å‚ï¼‰','DEFAULT','ryTask.ryParams(\'ry\')','0/15 * * * * ?','3','1','1','admin','2021-09-10 14:08:45','',NULL,''),(3,'ç³»ç»Ÿé»˜è®¤ï¼ˆå¤šå‚ï¼‰','DEFAULT','ryTask.ryMultipleParams(\'ry\', true, 2000L, 316.50D, 100)','0/20 * * * * ?','3','1','1','admin','2021-09-10 14:08:46','',NULL,'');

/*Table structure for table `sys_job_log` */

DROP TABLE IF EXISTS `sys_job_log`;

CREATE TABLE `sys_job_log` (
  `job_log_id` bigint(20) NOT NULL AUTO_INCREMENT COMMENT 'ä»»åŠ¡æ—¥å¿—ID',
  `job_name` varchar(64) NOT NULL COMMENT 'ä»»åŠ¡åç§°',
  `job_group` varchar(64) NOT NULL COMMENT 'ä»»åŠ¡ç»„å',
  `invoke_target` varchar(500) NOT NULL COMMENT 'è°ƒç”¨ç›®æ ‡å­—ç¬¦ä¸²',
  `job_message` varchar(500) DEFAULT NULL COMMENT 'æ—¥å¿—ä¿¡æ¯',
  `status` char(1) DEFAULT '0' COMMENT 'æ‰§è¡ŒçŠ¶æ€ï¼ˆ0æ­£å¸¸ 1å¤±è´¥ï¼‰',
  `exception_info` varchar(2000) DEFAULT '' COMMENT 'å¼‚å¸¸ä¿¡æ¯',
  `create_time` datetime DEFAULT NULL COMMENT 'åˆ›å»ºæ—¶é—´',
  PRIMARY KEY (`job_log_id`)
) ENGINE=InnoDB DEFAULT CHARSET=utf8mb4 COMMENT='å®šæ—¶ä»»åŠ¡è°ƒåº¦æ—¥å¿—è¡¨';

/*Data for the table `sys_job_log` */

/*Table structure for table `sys_logininfor` */

DROP TABLE IF EXISTS `sys_logininfor`;

CREATE TABLE `sys_logininfor` (
  `info_id` bigint(20) NOT NULL AUTO_INCREMENT COMMENT 'è®¿é—®ID',
  `login_name` varchar(50) DEFAULT '' COMMENT 'ç™»å½•è´¦å·',
  `ipaddr` varchar(128) DEFAULT '' COMMENT 'ç™»å½•IPåœ°å€',
  `login_location` varchar(255) DEFAULT '' COMMENT 'ç™»å½•åœ°ç‚¹',
  `browser` varchar(50) DEFAULT '' COMMENT 'æµè§ˆå™¨ç±»å‹',
  `os` varchar(50) DEFAULT '' COMMENT 'æ“ä½œç³»ç»Ÿ',
  `status` char(1) DEFAULT '0' COMMENT 'ç™»å½•çŠ¶æ€ï¼ˆ0æˆåŠŸ 1å¤±è´¥ï¼‰',
  `msg` varchar(255) DEFAULT '' COMMENT 'æç¤ºæ¶ˆæ¯',
  `login_time` datetime DEFAULT NULL COMMENT 'è®¿é—®æ—¶é—´',
  PRIMARY KEY (`info_id`)
) ENGINE=InnoDB AUTO_INCREMENT=341 DEFAULT CHARSET=utf8mb4 COMMENT='ç³»ç»Ÿè®¿é—®è®°å½•';

/*Data for the table `sys_logininfor` */

insert  into `sys_logininfor`(`info_id`,`login_name`,`ipaddr`,`login_location`,`browser`,`os`,`status`,`msg`,`login_time`) values (1,'admin','127.0.0.1','å†…ç½‘IP','Chrome 12','Windows 10','0','ç™»å½•æˆåŠŸ','2024-02-28 10:02:27'),(2,'admin','127.0.0.1','å†…ç½‘IP','Chrome 12','Windows 10','0','ç™»å½•æˆåŠŸ','2024-02-28 13:59:15'),(3,'admin','127.0.0.1','å†…ç½‘IP','Chrome 12','Windows 10','0','ç™»å½•æˆåŠŸ','2024-02-28 14:18:10'),(4,'admin','127.0.0.1','å†…ç½‘IP','Chrome 12','Windows 10','0','ç™»å½•æˆåŠŸ','2024-02-28 14:25:40'),(5,'admin','127.0.0.1','å†…ç½‘IP','Chrome 12','Windows 10','0','ç™»å½•æˆåŠŸ','2024-02-28 14:38:47'),(6,'admin','127.0.0.1','å†…ç½‘IP','Chrome 12','Windows 10','0','ç™»å½•æˆåŠŸ','2024-02-28 14:55:05'),(7,'admin','127.0.0.1','å†…ç½‘IP','Chrome 12','Windows 10','0','ç™»å½•æˆåŠŸ','2024-02-28 14:58:09'),(8,'admin','127.0.0.1','å†…ç½‘IP','Chrome 12','Windows 10','0','ç™»å½•æˆåŠŸ','2024-02-29 08:24:26'),(9,'admin','127.0.0.1','å†…ç½‘IP','Chrome 12','Windows 10','0','ç™»å½•æˆåŠŸ','2024-02-29 09:40:20'),(10,'fgh','127.0.0.1','å†…ç½‘IP','Chrome 12','Windows 10','0','ç™»å½•æˆåŠŸ','2024-02-29 10:16:58'),(11,'fgh','127.0.0.1','å†…ç½‘IP','Chrome 12','Windows 10','0','é€€å‡ºæˆåŠŸ','2024-02-29 10:17:09'),(12,'admin','127.0.0.1','å†…ç½‘IP','Chrome 12','Windows 10','0','ç™»å½•æˆåŠŸ','2024-02-29 10:17:11'),(13,'fgh','127.0.0.1','å†…ç½‘IP','Chrome 12','Windows 10','0','ç™»å½•æˆåŠŸ','2024-02-29 10:19:54'),(14,'admin','127.0.0.1','å†…ç½‘IP','Chrome 12','Windows 10','0','ç™»å½•æˆåŠŸ','2024-03-01 08:24:38'),(15,'admin','127.0.0.1','å†…ç½‘IP','Chrome 12','Windows 10','0','ç™»å½•æˆåŠŸ','2024-03-01 09:19:27'),(16,'admin','127.0.0.1','å†…ç½‘IP','Chrome 12','Windows 10','0','ç™»å½•æˆåŠŸ','2024-03-01 09:22:03'),(17,'admin','127.0.0.1','å†…ç½‘IP','Chrome 12','Windows 10','0','ç™»å½•æˆåŠŸ','2024-03-01 09:40:36'),(18,'admin','127.0.0.1','å†…ç½‘IP','Chrome 12','Windows 10','0','ç™»å½•æˆåŠŸ','2024-03-01 09:43:14'),(19,'admin','127.0.0.1','å†…ç½‘IP','Chrome 12','Windows 10','0','ç™»å½•æˆåŠŸ','2024-03-01 10:01:23'),(20,'admin','127.0.0.1','å†…ç½‘IP','Chrome 12','Windows 10','0','ç™»å½•æˆåŠŸ','2024-03-01 10:03:13'),(21,'admin','127.0.0.1','å†…ç½‘IP','Chrome 12','Windows 10','0','ç™»å½•æˆåŠŸ','2024-03-01 10:53:48'),(22,'admin','127.0.0.1','å†…ç½‘IP','Chrome 12','Windows 10','0','ç™»å½•æˆåŠŸ','2024-03-01 10:53:54'),(23,'admin','127.0.0.1','å†…ç½‘IP','Chrome 12','Windows 10','0','ç™»å½•æˆåŠŸ','2024-03-01 10:54:01'),(24,'admin','127.0.0.1','å†…ç½‘IP','Chrome 12','Windows 10','0','ç™»å½•æˆåŠŸ','2024-03-01 10:56:51'),(25,'admin','127.0.0.1','å†…ç½‘IP','Chrome 12','Windows 10','0','ç™»å½•æˆåŠŸ','2024-03-01 10:57:41'),(26,'admin','127.0.0.1','å†…ç½‘IP','Chrome 12','Windows 10','0','ç™»å½•æˆåŠŸ','2024-03-01 11:00:09'),(27,'admin','127.0.0.1','å†…ç½‘IP','Chrome 12','Windows 10','0','ç™»å½•æˆåŠŸ','2024-03-04 08:24:29'),(28,'admin','127.0.0.1','å†…ç½‘IP','Chrome 12','Windows 10','0','ç™»å½•æˆåŠŸ','2024-03-04 08:33:13'),(29,'admin','127.0.0.1','å†…ç½‘IP','Chrome 12','Windows 10','0','ç™»å½•æˆåŠŸ','2024-03-04 08:52:17'),(30,'admin','127.0.0.1','å†…ç½‘IP','Chrome 12','Windows 10','0','ç™»å½•æˆåŠŸ','2024-03-04 09:03:04'),(31,'admin','127.0.0.1','å†…ç½‘IP','Chrome 12','Windows 10','0','ç™»å½•æˆåŠŸ','2024-03-04 09:26:20'),(32,'admin','127.0.0.1','å†…ç½‘IP','Chrome 12','Windows 10','0','ç™»å½•æˆåŠŸ','2024-03-04 09:30:40'),(33,'admin','127.0.0.1','å†…ç½‘IP','Chrome 12','Windows 10','0','ç™»å½•æˆåŠŸ','2024-03-04 09:34:39'),(34,'admin','127.0.0.1','å†…ç½‘IP','Chrome 12','Windows 10','0','ç™»å½•æˆåŠŸ','2024-03-04 13:46:24'),(35,'admin','127.0.0.1','å†…ç½‘IP','Chrome 12','Windows 10','0','ç™»å½•æˆåŠŸ','2024-03-04 13:51:30'),(36,'admin','127.0.0.1','å†…ç½‘IP','Chrome 12','Windows 10','0','ç™»å½•æˆåŠŸ','2024-03-04 15:12:05'),(37,'admin','127.0.0.1','å†…ç½‘IP','Chrome 12','Windows 10','0','ç™»å½•æˆåŠŸ','2024-03-04 15:38:38'),(38,'admin','127.0.0.1','å†…ç½‘IP','Chrome 12','Windows 10','1','éªŒè¯ç é”™è¯¯','2024-03-04 15:47:37'),(39,'admin','127.0.0.1','å†…ç½‘IP','Chrome 12','Windows 10','0','ç™»å½•æˆåŠŸ','2024-03-04 15:47:40'),(40,'admin','127.0.0.1','å†…ç½‘IP','Chrome 12','Windows 10','1','éªŒè¯ç é”™è¯¯','2024-03-04 15:48:01'),(41,'admin','127.0.0.1','å†…ç½‘IP','Chrome 12','Windows 10','1','éªŒè¯ç é”™è¯¯','2024-03-04 15:48:04'),(42,'admin','127.0.0.1','å†…ç½‘IP','Chrome 12','Windows 10','0','ç™»å½•æˆåŠŸ','2024-03-04 15:48:08'),(43,'admin','127.0.0.1','å†…ç½‘IP','Chrome 12','Windows 10','1','éªŒè¯ç é”™è¯¯','2024-03-04 15:52:07'),(44,'admin','127.0.0.1','å†…ç½‘IP','Chrome 12','Windows 10','1','éªŒè¯ç é”™è¯¯','2024-03-04 15:52:12'),(45,'admin','127.0.0.1','å†…ç½‘IP','Chrome 12','Windows 10','0','ç™»å½•æˆåŠŸ','2024-03-04 15:52:15'),(46,'admin','127.0.0.1','å†…ç½‘IP','Chrome 12','Windows 10','0','ç™»å½•æˆåŠŸ','2024-03-04 15:55:42'),(47,'admin','127.0.0.1','å†…ç½‘IP','Chrome 12','Windows 10','0','ç™»å½•æˆåŠŸ','2024-03-04 16:02:35'),(48,'admin','127.0.0.1','å†…ç½‘IP','Chrome 12','Windows 10','0','ç™»å½•æˆåŠŸ','2024-03-05 08:24:56'),(49,'admin','127.0.0.1','å†…ç½‘IP','Chrome 12','Windows 10','1','éªŒè¯ç é”™è¯¯','2024-03-05 08:29:34'),(50,'admin','127.0.0.1','å†…ç½‘IP','Chrome 12','Windows 10','0','ç™»å½•æˆåŠŸ','2024-03-05 08:29:37'),(51,'admin','127.0.0.1','å†…ç½‘IP','Chrome 12','Windows 10','0','ç™»å½•æˆåŠŸ','2024-03-05 08:32:38'),(52,'admin','127.0.0.1','å†…ç½‘IP','Chrome 12','Windows 10','0','ç™»å½•æˆåŠŸ','2024-03-05 08:42:29'),(53,'admin','127.0.0.1','å†…ç½‘IP','Chrome 12','Windows 10','0','ç™»å½•æˆåŠŸ','2024-03-05 08:46:50'),(54,'admin','127.0.0.1','å†…ç½‘IP','Chrome 12','Windows 10','0','ç™»å½•æˆåŠŸ','2024-03-05 08:49:03'),(55,'admin','127.0.0.1','å†…ç½‘IP','Chrome 12','Windows 10','0','ç™»å½•æˆåŠŸ','2024-03-05 08:51:40'),(56,'admin','127.0.0.1','å†…ç½‘IP','Chrome 12','Windows 10','0','ç™»å½•æˆåŠŸ','2024-03-05 08:53:14'),(57,'admin','127.0.0.1','å†…ç½‘IP','Chrome 12','Windows 10','0','ç™»å½•æˆåŠŸ','2024-03-05 08:54:53'),(58,'admin','127.0.0.1','å†…ç½‘IP','Chrome 12','Windows 10','0','ç™»å½•æˆåŠŸ','2024-03-05 08:55:53'),(59,'admin','127.0.0.1','å†…ç½‘IP','Chrome 12','Windows 10','0','ç™»å½•æˆåŠŸ','2024-03-05 08:58:09'),(60,'admin','127.0.0.1','å†…ç½‘IP','Chrome 12','Windows 10','0','ç™»å½•æˆåŠŸ','2024-03-05 09:00:44'),(61,'admin','127.0.0.1','å†…ç½‘IP','Chrome 12','Windows 10','0','ç™»å½•æˆåŠŸ','2024-03-05 09:02:29'),(62,'admin','127.0.0.1','å†…ç½‘IP','Chrome 12','Windows 10','0','ç™»å½•æˆåŠŸ','2024-03-05 09:05:00'),(63,'admin','127.0.0.1','å†…ç½‘IP','Chrome 12','Windows 10','0','ç™»å½•æˆåŠŸ','2024-03-05 09:05:42'),(64,'admin','127.0.0.1','å†…ç½‘IP','Chrome 12','Windows 10','0','ç™»å½•æˆåŠŸ','2024-03-05 10:05:24'),(65,'admin','127.0.0.1','å†…ç½‘IP','Chrome 12','Windows 10','0','ç™»å½•æˆåŠŸ','2024-03-05 10:06:11'),(66,'admin','127.0.0.1','å†…ç½‘IP','Chrome 12','Windows 10','0','ç™»å½•æˆåŠŸ','2024-03-05 10:10:01'),(67,'admin','127.0.0.1','å†…ç½‘IP','Chrome 12','Windows 10','0','ç™»å½•æˆåŠŸ','2024-03-05 10:11:20'),(68,'admin','127.0.0.1','å†…ç½‘IP','Chrome 12','Windows 10','0','ç™»å½•æˆåŠŸ','2024-03-05 10:20:29'),(69,'admin','127.0.0.1','å†…ç½‘IP','Chrome 12','Windows 10','0','ç™»å½•æˆåŠŸ','2024-03-05 10:23:24'),(70,'admin','127.0.0.1','å†…ç½‘IP','Chrome 12','Windows 10','0','ç™»å½•æˆåŠŸ','2024-03-05 10:27:01'),(71,'admin','127.0.0.1','å†…ç½‘IP','Chrome 12','Windows 10','0','ç™»å½•æˆåŠŸ','2024-03-05 10:31:04'),(72,'admin','127.0.0.1','å†…ç½‘IP','Chrome 12','Windows 10','0','ç™»å½•æˆåŠŸ','2024-03-05 10:58:56'),(73,'admin','127.0.0.1','å†…ç½‘IP','Chrome 12','Windows 10','0','ç™»å½•æˆåŠŸ','2024-03-05 14:26:52'),(74,'admin','127.0.0.1','å†…ç½‘IP','Chrome 12','Windows 10','0','ç™»å½•æˆåŠŸ','2024-03-05 14:34:06'),(75,'admin','127.0.0.1','å†…ç½‘IP','Chrome 12','Windows 10','0','ç™»å½•æˆåŠŸ','2024-03-05 14:37:18'),(76,'admin','127.0.0.1','å†…ç½‘IP','Chrome 12','Windows 10','0','ç™»å½•æˆåŠŸ','2024-03-05 14:41:07'),(77,'admin','127.0.0.1','å†…ç½‘IP','Chrome 12','Windows 10','0','ç™»å½•æˆåŠŸ','2024-03-05 14:42:13'),(78,'admin','127.0.0.1','å†…ç½‘IP','Chrome 12','Windows 10','0','ç™»å½•æˆåŠŸ','2024-03-05 14:43:54'),(79,'admin','127.0.0.1','å†…ç½‘IP','Chrome 12','Windows 10','0','ç™»å½•æˆåŠŸ','2024-03-05 14:47:19'),(80,'admin','127.0.0.1','å†…ç½‘IP','Chrome 12','Windows 10','0','ç™»å½•æˆåŠŸ','2024-03-05 14:51:13'),(81,'admin','127.0.0.1','å†…ç½‘IP','Chrome 12','Windows 10','0','ç™»å½•æˆåŠŸ','2024-03-05 14:53:23'),(82,'admin','127.0.0.1','å†…ç½‘IP','Chrome 12','Windows 10','0','ç™»å½•æˆåŠŸ','2024-03-05 15:24:35'),(83,'admin','127.0.0.1','å†…ç½‘IP','Chrome 12','Windows 10','0','ç™»å½•æˆåŠŸ','2024-03-05 15:31:43'),(84,'admin','127.0.0.1','å†…ç½‘IP','Chrome 12','Windows 10','0','ç™»å½•æˆåŠŸ','2024-03-05 15:33:06'),(85,'admin','127.0.0.1','å†…ç½‘IP','Chrome 12','Windows 10','0','ç™»å½•æˆåŠŸ','2024-03-05 15:34:42'),(86,'admin','127.0.0.1','å†…ç½‘IP','Chrome 12','Windows 10','0','ç™»å½•æˆåŠŸ','2024-03-06 08:14:18'),(87,'admin','127.0.0.1','å†…ç½‘IP','Chrome 12','Windows 10','0','ç™»å½•æˆåŠŸ','2024-03-06 08:21:06'),(88,'admin','127.0.0.1','å†…ç½‘IP','Chrome 12','Windows 10','0','ç™»å½•æˆåŠŸ','2024-03-06 08:23:51'),(89,'admin','127.0.0.1','å†…ç½‘IP','Chrome 12','Windows 10','0','ç™»å½•æˆåŠŸ','2024-03-06 08:30:28'),(90,'admin','127.0.0.1','å†…ç½‘IP','Chrome 12','Windows 10','0','ç™»å½•æˆåŠŸ','2024-03-06 08:31:45'),(91,'admin','127.0.0.1','å†…ç½‘IP','Chrome 12','Windows 10','0','ç™»å½•æˆåŠŸ','2024-03-06 08:36:05'),(92,'admin','127.0.0.1','å†…ç½‘IP','Chrome 12','Windows 10','0','ç™»å½•æˆåŠŸ','2024-03-06 08:37:01'),(93,'admin','127.0.0.1','å†…ç½‘IP','Chrome 12','Windows 10','0','ç™»å½•æˆåŠŸ','2024-03-06 08:41:31'),(94,'admin','127.0.0.1','å†…ç½‘IP','Chrome 12','Windows 10','0','ç™»å½•æˆåŠŸ','2024-03-06 08:42:25'),(95,'admin','127.0.0.1','å†…ç½‘IP','Chrome 12','Windows 10','0','ç™»å½•æˆåŠŸ','2024-03-06 08:50:19'),(96,'admin','127.0.0.1','å†…ç½‘IP','Chrome 12','Windows 10','0','ç™»å½•æˆåŠŸ','2024-03-06 08:51:32'),(97,'admin','127.0.0.1','å†…ç½‘IP','Chrome 12','Windows 10','0','ç™»å½•æˆåŠŸ','2024-03-06 09:52:42'),(98,'admin','127.0.0.1','å†…ç½‘IP','Chrome 12','Windows 10','0','ç™»å½•æˆåŠŸ','2024-03-06 10:34:39'),(99,'admin','127.0.0.1','å†…ç½‘IP','Chrome 12','Windows 10','0','ç™»å½•æˆåŠŸ','2024-03-06 10:36:29'),(100,'admin','127.0.0.1','å†…ç½‘IP','Chrome 12','Windows 10','0','ç™»å½•æˆåŠŸ','2024-03-06 10:44:16'),(101,'admin','127.0.0.1','å†…ç½‘IP','Chrome 12','Windows 10','0','ç™»å½•æˆåŠŸ','2024-03-06 10:56:37'),(102,'admin','127.0.0.1','å†…ç½‘IP','Chrome 12','Windows 10','0','ç™»å½•æˆåŠŸ','2024-03-06 11:00:28'),(103,'admin','127.0.0.1','å†…ç½‘IP','Chrome 12','Windows 10','0','ç™»å½•æˆåŠŸ','2024-03-06 13:29:27'),(104,'admin','127.0.0.1','å†…ç½‘IP','Chrome 12','Windows 10','0','ç™»å½•æˆåŠŸ','2024-03-06 13:38:34'),(105,'admin','192.168.1.39','å†…ç½‘IP','Chrome 12','Windows 10','0','ç™»å½•æˆåŠŸ','2024-03-06 13:39:44'),(106,'admin','192.168.1.42','å†…ç½‘IP','Chrome 12','Windows 10','0','ç™»å½•æˆåŠŸ','2024-03-06 14:12:38'),(107,'admin','127.0.0.1','å†…ç½‘IP','Chrome 12','Windows 10','0','ç™»å½•æˆåŠŸ','2024-03-06 14:13:25'),(108,'admin','127.0.0.1','å†…ç½‘IP','Chrome 12','Windows 10','0','ç™»å½•æˆåŠŸ','2024-03-06 14:57:00'),(109,'admin','192.168.1.42','å†…ç½‘IP','Chrome 12','Windows 10','0','ç™»å½•æˆåŠŸ','2024-03-06 15:16:04'),(110,'admin','127.0.0.1','å†…ç½‘IP','Chrome 12','Windows 10','0','ç™»å½•æˆåŠŸ','2024-03-06 15:16:25'),(111,'admin','192.168.1.42','å†…ç½‘IP','Chrome 12','Windows 10','0','ç™»å½•æˆåŠŸ','2024-03-06 15:24:18'),(112,'admin','192.168.1.39','å†…ç½‘IP','Chrome 12','Windows 10','0','ç™»å½•æˆåŠŸ','2024-03-06 15:35:09'),(113,'admin','192.168.1.39','å†…ç½‘IP','Chrome 12','Windows 10','0','ç™»å½•æˆåŠŸ','2024-03-06 15:48:30'),(114,'admin','127.0.0.1','å†…ç½‘IP','Chrome 12','Windows 10','0','ç™»å½•æˆåŠŸ','2024-03-06 15:51:05'),(115,'admin','192.168.1.39','å†…ç½‘IP','Chrome 12','Windows 10','0','ç™»å½•æˆåŠŸ','2024-03-06 15:53:35'),(116,'admin','192.168.1.39','å†…ç½‘IP','Chrome 12','Windows 10','0','ç™»å½•æˆåŠŸ','2024-03-06 15:53:55'),(117,'admin','127.0.0.1','å†…ç½‘IP','Chrome 12','Windows 10','0','ç™»å½•æˆåŠŸ','2024-03-07 08:13:16'),(118,'admin','192.168.1.39','å†…ç½‘IP','Chrome 12','Windows 10','0','ç™»å½•æˆåŠŸ','2024-03-07 08:30:35'),(119,'admin','127.0.0.1','å†…ç½‘IP','Chrome 12','Windows 10','0','ç™»å½•æˆåŠŸ','2024-03-07 08:40:24'),(120,'admin','192.168.1.42','å†…ç½‘IP','Chrome 12','Windows 10','0','ç™»å½•æˆåŠŸ','2024-03-07 08:52:43'),(121,'admin','192.168.1.39','å†…ç½‘IP','Chrome 12','Windows 10','0','ç™»å½•æˆåŠŸ','2024-03-07 09:17:30'),(122,'admin','127.0.0.1','å†…ç½‘IP','Chrome 12','Windows 10','0','ç™»å½•æˆåŠŸ','2024-03-07 09:23:38'),(123,'admin','127.0.0.1','å†…ç½‘IP','Chrome 12','Windows 10','0','ç™»å½•æˆåŠŸ','2024-03-07 09:24:32'),(124,'admin','127.0.0.1','å†…ç½‘IP','Chrome 12','Windows 10','0','ç™»å½•æˆåŠŸ','2024-03-07 09:33:19'),(125,'admin','127.0.0.1','å†…ç½‘IP','Chrome 12','Windows 10','0','ç™»å½•æˆåŠŸ','2024-03-07 10:08:35'),(126,'admin','127.0.0.1','å†…ç½‘IP','Chrome 12','Windows 10','0','ç™»å½•æˆåŠŸ','2024-03-07 15:11:24'),(127,'admin','127.0.0.1','å†…ç½‘IP','Chrome 12','Windows 10','0','ç™»å½•æˆåŠŸ','2024-03-08 08:14:25'),(128,'admin','127.0.0.1','å†…ç½‘IP','Chrome 12','Windows 10','0','ç™»å½•æˆåŠŸ','2024-03-08 08:14:33'),(129,'admin','127.0.0.1','å†…ç½‘IP','Chrome 12','Windows 10','0','ç™»å½•æˆåŠŸ','2024-03-08 08:17:52'),(130,'admin','127.0.0.1','å†…ç½‘IP','Chrome 12','Windows 10','0','ç™»å½•æˆåŠŸ','2024-03-08 08:30:19'),(131,'admin','127.0.0.1','å†…ç½‘IP','Chrome 12','Windows 10','0','ç™»å½•æˆåŠŸ','2024-03-08 08:35:54'),(132,'admin','127.0.0.1','å†…ç½‘IP','Chrome 12','Windows 10','0','ç™»å½•æˆåŠŸ','2024-03-08 08:46:15'),(133,'admin','127.0.0.1','å†…ç½‘IP','Chrome 12','Windows 10','0','ç™»å½•æˆåŠŸ','2024-03-08 08:46:24'),(134,'admin','127.0.0.1','å†…ç½‘IP','Chrome 12','Windows 10','0','ç™»å½•æˆåŠŸ','2024-03-08 08:50:46'),(135,'admin','127.0.0.1','å†…ç½‘IP','Chrome 12','Windows 10','0','ç™»å½•æˆåŠŸ','2024-03-08 09:15:37'),(136,'admin','127.0.0.1','å†…ç½‘IP','Chrome 12','Windows 10','0','ç™»å½•æˆåŠŸ','2024-03-08 09:17:54'),(137,'admin','127.0.0.1','å†…ç½‘IP','Chrome 12','Windows 10','0','ç™»å½•æˆåŠŸ','2024-03-08 09:20:42'),(138,'admin','127.0.0.1','å†…ç½‘IP','Chrome 12','Windows 10','0','ç™»å½•æˆåŠŸ','2024-03-08 09:25:40'),(139,'admin','127.0.0.1','å†…ç½‘IP','Chrome 12','Windows 10','0','ç™»å½•æˆåŠŸ','2024-03-08 09:27:55'),(140,'admin','127.0.0.1','å†…ç½‘IP','Chrome 12','Windows 10','0','ç™»å½•æˆåŠŸ','2024-03-08 09:46:32'),(141,'admin','127.0.0.1','å†…ç½‘IP','Chrome 12','Windows 10','0','ç™»å½•æˆåŠŸ','2024-03-08 09:54:41'),(142,'admin','127.0.0.1','å†…ç½‘IP','Chrome 12','Windows 10','0','ç™»å½•æˆåŠŸ','2024-03-08 10:58:23'),(143,'admin','127.0.0.1','å†…ç½‘IP','Chrome 12','Windows 10','0','ç™»å½•æˆåŠŸ','2024-03-11 08:41:22'),(144,'admin','192.168.1.42','å†…ç½‘IP','Chrome 12','Windows 10','0','ç™»å½•æˆåŠŸ','2024-03-11 09:10:14'),(145,'admin','127.0.0.1','å†…ç½‘IP','Chrome 12','Windows 10','0','ç™»å½•æˆåŠŸ','2024-03-11 09:44:34'),(146,'admin','127.0.0.1','å†…ç½‘IP','Chrome 12','Windows 10','0','ç™»å½•æˆåŠŸ','2024-03-11 10:08:41'),(147,'admin','127.0.0.1','å†…ç½‘IP','Chrome 12','Windows 10','0','ç™»å½•æˆåŠŸ','2024-03-11 10:08:50'),(148,'admin','192.168.1.42','å†…ç½‘IP','Chrome 12','Windows 10','0','ç™»å½•æˆåŠŸ','2024-03-11 10:13:53'),(149,'admin','127.0.0.1','å†…ç½‘IP','Chrome 12','Windows 10','0','é€€å‡ºæˆåŠŸ','2024-03-11 10:57:46'),(150,'teacher','127.0.0.1','å†…ç½‘IP','Chrome 12','Windows 10','0','ç™»å½•æˆåŠŸ','2024-03-11 10:57:49'),(151,'teacher','127.0.0.1','å†…ç½‘IP','Chrome 12','Windows 10','0','é€€å‡ºæˆåŠŸ','2024-03-11 10:58:09'),(152,'admin','127.0.0.1','å†…ç½‘IP','Chrome 12','Windows 10','0','ç™»å½•æˆåŠŸ','2024-03-11 10:58:11'),(153,'admin','127.0.0.1','å†…ç½‘IP','Chrome 12','Windows 10','0','é€€å‡ºæˆåŠŸ','2024-03-11 11:04:00'),(154,'teacher','127.0.0.1','å†…ç½‘IP','Chrome 12','Windows 10','0','ç™»å½•æˆåŠŸ','2024-03-11 11:04:18'),(155,'admin','192.168.1.42','å†…ç½‘IP','Chrome 12','Windows 10','0','ç™»å½•æˆåŠŸ','2024-03-11 11:24:22'),(156,'teacher','127.0.0.1','å†…ç½‘IP','Chrome 12','Windows 10','0','é€€å‡ºæˆåŠŸ','2024-03-11 11:24:33'),(157,'admin','127.0.0.1','å†…ç½‘IP','Chrome 12','Windows 10','0','ç™»å½•æˆåŠŸ','2024-03-11 11:24:35'),(158,'admin','127.0.0.1','å†…ç½‘IP','Chrome 12','Windows 10','0','ç™»å½•æˆåŠŸ','2024-03-11 11:27:01'),(159,'admin','127.0.0.1','å†…ç½‘IP','Chrome 12','Windows 10','0','é€€å‡ºæˆåŠŸ','2024-03-11 11:27:11'),(160,'teacher','127.0.0.1','å†…ç½‘IP','Chrome 12','Windows 10','0','ç™»å½•æˆåŠŸ','2024-03-11 11:27:13'),(161,'admin','127.0.0.1','å†…ç½‘IP','Chrome 12','Windows 10','0','ç™»å½•æˆåŠŸ','2024-03-11 11:29:27'),(162,'admin','127.0.0.1','å†…ç½‘IP','Chrome 12','Windows 10','0','é€€å‡ºæˆåŠŸ','2024-03-11 11:29:35'),(163,'teacher','127.0.0.1','å†…ç½‘IP','Chrome 12','Windows 10','0','ç™»å½•æˆåŠŸ','2024-03-11 11:29:37'),(164,'teacher','127.0.0.1','å†…ç½‘IP','Chrome 12','Windows 10','0','ç™»å½•æˆåŠŸ','2024-03-11 11:30:05'),(165,'admin','192.168.1.42','å†…ç½‘IP','Chrome 12','Windows 10','0','ç™»å½•æˆåŠŸ','2024-03-11 11:40:58'),(166,'admin','192.168.1.42','å†…ç½‘IP','Chrome 12','Windows 10','0','ç™»å½•æˆåŠŸ','2024-03-11 11:47:51'),(167,'admin','127.0.0.1','å†…ç½‘IP','Chrome 12','Windows 10','0','ç™»å½•æˆåŠŸ','2024-03-11 12:08:41'),(168,'admin','192.168.1.42','å†…ç½‘IP','Chrome 12','Windows 10','0','ç™»å½•æˆåŠŸ','2024-03-11 12:14:58'),(169,'admin','127.0.0.1','å†…ç½‘IP','Chrome 12','Windows 10','0','ç™»å½•æˆåŠŸ','2024-03-11 14:38:12'),(170,'admin','127.0.0.1','å†…ç½‘IP','Chrome 12','Windows 10','0','ç™»å½•æˆåŠŸ','2024-03-11 14:43:46'),(171,'admin','127.0.0.1','å†…ç½‘IP','Chrome 12','Windows 10','0','ç™»å½•æˆåŠŸ','2024-03-11 14:48:57'),(172,'admin','127.0.0.1','å†…ç½‘IP','Chrome 12','Windows 10','0','ç™»å½•æˆåŠŸ','2024-03-11 14:49:09'),(173,'admin','127.0.0.1','å†…ç½‘IP','Chrome 12','Windows 10','0','é€€å‡ºæˆåŠŸ','2024-03-11 14:50:03'),(174,'teacher','127.0.0.1','å†…ç½‘IP','Chrome 12','Windows 10','0','ç™»å½•æˆåŠŸ','2024-03-11 14:50:05'),(175,'admin','192.168.1.42','å†…ç½‘IP','Chrome 12','Windows 10','0','ç™»å½•æˆåŠŸ','2024-03-11 15:18:45'),(176,'admin','127.0.0.1','å†…ç½‘IP','Chrome 12','Windows 10','0','ç™»å½•æˆåŠŸ','2024-03-11 15:33:29'),(177,'admin','127.0.0.1','å†…ç½‘IP','Chrome 12','Windows 10','0','ç™»å½•æˆåŠŸ','2024-03-11 15:56:29'),(178,'admin','127.0.0.1','å†…ç½‘IP','Chrome 12','Windows 10','0','ç™»å½•æˆåŠŸ','2024-03-12 08:11:48'),(179,'admin','127.0.0.1','å†…ç½‘IP','Chrome 12','Windows 10','0','ç™»å½•æˆåŠŸ','2024-03-12 09:04:50'),(180,'admin','127.0.0.1','å†…ç½‘IP','Chrome 12','Windows 10','0','ç™»å½•æˆåŠŸ','2024-03-12 09:16:17'),(181,'admin','127.0.0.1','å†…ç½‘IP','Chrome 12','Windows 10','0','ç™»å½•æˆåŠŸ','2024-03-12 09:26:18'),(182,'admin','127.0.0.1','å†…ç½‘IP','Chrome 12','Windows 10','0','ç™»å½•æˆåŠŸ','2024-03-12 09:26:29'),(183,'admin','127.0.0.1','å†…ç½‘IP','Chrome 12','Windows 10','0','ç™»å½•æˆåŠŸ','2024-03-12 09:35:29'),(184,'admin','127.0.0.1','å†…ç½‘IP','Chrome 12','Windows 10','0','ç™»å½•æˆåŠŸ','2024-03-12 09:39:05'),(185,'admin','127.0.0.1','å†…ç½‘IP','Chrome 12','Windows 10','0','ç™»å½•æˆåŠŸ','2024-03-12 09:41:08'),(186,'admin','127.0.0.1','å†…ç½‘IP','Chrome 12','Windows 10','0','ç™»å½•æˆåŠŸ','2024-03-12 09:44:07'),(187,'admin','127.0.0.1','å†…ç½‘IP','Chrome 12','Windows 10','0','ç™»å½•æˆåŠŸ','2024-03-12 09:44:14'),(188,'admin','127.0.0.1','å†…ç½‘IP','Chrome 12','Windows 10','0','ç™»å½•æˆåŠŸ','2024-03-12 10:15:14'),(189,'admin','127.0.0.1','å†…ç½‘IP','Chrome 12','Windows 10','0','ç™»å½•æˆåŠŸ','2024-03-12 13:47:54'),(190,'admin','127.0.0.1','å†…ç½‘IP','Chrome 12','Windows 10','0','ç™»å½•æˆåŠŸ','2024-03-13 13:56:58'),(191,'admin','127.0.0.1','å†…ç½‘IP','Chrome 12','Windows 10','0','ç™»å½•æˆåŠŸ','2024-03-13 13:58:54'),(192,'admin','127.0.0.1','å†…ç½‘IP','Chrome 12','Windows 10','0','ç™»å½•æˆåŠŸ','2024-03-13 14:03:00'),(193,'admin','127.0.0.1','å†…ç½‘IP','Chrome 12','Windows 10','0','ç™»å½•æˆåŠŸ','2024-03-13 14:05:35'),(194,'admin','127.0.0.1','å†…ç½‘IP','Chrome 12','Windows 10','0','ç™»å½•æˆåŠŸ','2024-03-13 14:07:03'),(195,'admin','127.0.0.1','å†…ç½‘IP','Chrome 12','Windows 10','0','ç™»å½•æˆåŠŸ','2024-03-13 14:09:00'),(196,'admin','127.0.0.1','å†…ç½‘IP','Chrome 12','Windows 10','0','ç™»å½•æˆåŠŸ','2024-03-13 14:12:01'),(197,'admin','127.0.0.1','å†…ç½‘IP','Chrome 12','Windows 10','0','ç™»å½•æˆåŠŸ','2024-03-13 14:14:21'),(198,'admin','127.0.0.1','å†…ç½‘IP','Chrome 12','Windows 10','0','ç™»å½•æˆåŠŸ','2024-03-13 14:17:37'),(199,'admin','127.0.0.1','å†…ç½‘IP','Chrome 12','Windows 10','0','ç™»å½•æˆåŠŸ','2024-03-13 14:19:15'),(200,'admin','127.0.0.1','å†…ç½‘IP','Chrome 12','Windows 10','0','ç™»å½•æˆåŠŸ','2024-03-13 14:20:20'),(201,'admin','127.0.0.1','å†…ç½‘IP','Chrome 12','Windows 10','0','ç™»å½•æˆåŠŸ','2024-03-13 14:21:19'),(202,'admin','127.0.0.1','å†…ç½‘IP','Chrome 12','Windows 10','0','ç™»å½•æˆåŠŸ','2024-03-13 14:24:53'),(203,'admin','127.0.0.1','å†…ç½‘IP','Chrome 12','Windows 10','0','ç™»å½•æˆåŠŸ','2024-03-13 14:29:01'),(204,'admin','127.0.0.1','å†…ç½‘IP','Chrome 12','Windows 10','0','ç™»å½•æˆåŠŸ','2024-03-13 14:29:51'),(205,'admin','127.0.0.1','å†…ç½‘IP','Chrome 12','Windows 10','0','ç™»å½•æˆåŠŸ','2024-03-13 14:34:21'),(206,'admin','127.0.0.1','å†…ç½‘IP','Chrome 12','Windows 10','0','ç™»å½•æˆåŠŸ','2024-03-21 09:36:46'),(207,'admin','127.0.0.1','å†…ç½‘IP','Chrome 12','Windows 10','0','é€€å‡ºæˆåŠŸ','2024-03-21 09:38:02'),(208,'admin','127.0.0.1','å†…ç½‘IP','Chrome 12','Windows 10','0','ç™»å½•æˆåŠŸ','2024-03-21 09:38:04'),(209,'admin','127.0.0.1','å†…ç½‘IP','Chrome 12','Windows 10','0','ç™»å½•æˆåŠŸ','2024-03-21 09:40:12'),(210,'admin','127.0.0.1','å†…ç½‘IP','Chrome 12','Windows 10','0','é€€å‡ºæˆåŠŸ','2024-03-21 09:40:22'),(211,'admin','127.0.0.1','å†…ç½‘IP','Chrome 12','Windows 10','0','ç™»å½•æˆåŠŸ','2024-03-21 09:40:25'),(212,'admin','127.0.0.1','å†…ç½‘IP','Chrome 12','Windows 10','0','ç™»å½•æˆåŠŸ','2024-03-21 09:49:21'),(213,'admin','127.0.0.1','å†…ç½‘IP','Chrome 12','Windows 10','0','ç™»å½•æˆåŠŸ','2024-03-21 09:58:55'),(214,'admin','127.0.0.1','å†…ç½‘IP','Chrome 12','Windows 10','0','ç™»å½•æˆåŠŸ','2024-03-21 10:24:45'),(215,'admin','127.0.0.1','å†…ç½‘IP','Chrome 12','Windows 10','0','ç™»å½•æˆåŠŸ','2024-03-25 08:54:16'),(216,'admin','192.168.1.7','å†…ç½‘IP','Chrome 12','Windows 10','0','ç™»å½•æˆåŠŸ','2024-03-25 09:01:27'),(217,'admin','192.168.1.24','å†…ç½‘IP','Chrome 12','Windows 10','0','ç™»å½•æˆåŠŸ','2024-03-25 09:08:44'),(218,'admin','192.168.1.7','å†…ç½‘IP','Chrome 12','Windows 10','0','ç™»å½•æˆåŠŸ','2024-03-25 09:09:12'),(219,'admin','127.0.0.1','å†…ç½‘IP','Chrome 12','Windows 10','0','ç™»å½•æˆåŠŸ','2024-03-25 09:14:35'),(220,'admin','127.0.0.1','å†…ç½‘IP','Chrome 12','Windows 10','0','ç™»å½•æˆåŠŸ','2024-03-25 09:29:33'),(221,'admin','127.0.0.1','å†…ç½‘IP','Chrome 12','Windows 10','0','ç™»å½•æˆåŠŸ','2024-03-25 09:31:18'),(222,'admin','127.0.0.1','å†…ç½‘IP','Chrome 12','Windows 10','0','ç™»å½•æˆåŠŸ','2024-03-25 09:35:30'),(223,'admin','192.168.1.7','å†…ç½‘IP','Chrome 12','Windows 10','0','ç™»å½•æˆåŠŸ','2024-03-25 09:37:35'),(224,'admin','127.0.0.1','å†…ç½‘IP','Chrome 12','Windows 10','0','ç™»å½•æˆåŠŸ','2024-03-25 09:37:51'),(225,'admin','127.0.0.1','å†…ç½‘IP','Chrome 12','Windows 10','0','ç™»å½•æˆåŠŸ','2024-03-25 09:40:18'),(226,'admin','127.0.0.1','å†…ç½‘IP','Chrome 12','Windows 10','0','ç™»å½•æˆåŠŸ','2024-03-25 09:49:49'),(227,'admin','127.0.0.1','å†…ç½‘IP','Chrome 12','Windows 10','0','ç™»å½•æˆåŠŸ','2024-03-25 09:54:25'),(228,'admin','127.0.0.1','å†…ç½‘IP','Chrome 12','Windows 10','0','ç™»å½•æˆåŠŸ','2024-03-25 09:56:09'),(229,'admin','127.0.0.1','å†…ç½‘IP','Chrome 12','Windows 10','0','ç™»å½•æˆåŠŸ','2024-03-25 10:01:18'),(230,'admin','127.0.0.1','å†…ç½‘IP','Chrome 12','Windows 10','0','ç™»å½•æˆåŠŸ','2024-03-25 10:08:09'),(231,'admin','192.168.1.7','å†…ç½‘IP','Chrome 12','Windows 10','0','ç™»å½•æˆåŠŸ','2024-03-25 10:14:07'),(232,'admin','127.0.0.1','å†…ç½‘IP','Chrome 12','Windows 10','0','ç™»å½•æˆåŠŸ','2024-03-25 10:18:03'),(233,'admin','127.0.0.1','å†…ç½‘IP','Chrome 12','Windows 10','0','ç™»å½•æˆåŠŸ','2024-03-25 10:23:59'),(234,'admin','127.0.0.1','å†…ç½‘IP','Chrome 12','Windows 10','0','ç™»å½•æˆåŠŸ','2024-03-25 10:24:12'),(235,'admin','127.0.0.1','å†…ç½‘IP','Chrome 12','Windows 10','0','ç™»å½•æˆåŠŸ','2024-03-25 10:53:22'),(236,'admin','127.0.0.1','å†…ç½‘IP','Chrome 12','Windows 10','0','ç™»å½•æˆåŠŸ','2024-03-25 11:06:25'),(237,'admin','127.0.0.1','å†…ç½‘IP','Chrome 12','Windows 10','0','ç™»å½•æˆåŠŸ','2024-03-26 08:16:41'),(238,'admin','192.168.1.7','å†…ç½‘IP','Chrome 12','Windows 10','0','ç™»å½•æˆåŠŸ','2024-03-26 09:15:18'),(239,'admin','127.0.0.1','å†…ç½‘IP','Chrome 12','Windows 10','0','ç™»å½•æˆåŠŸ','2024-03-26 09:16:26'),(240,'admin','127.0.0.1','å†…ç½‘IP','Chrome 12','Windows 10','0','ç™»å½•æˆåŠŸ','2024-03-26 09:29:31'),(241,'admin','127.0.0.1','å†…ç½‘IP','Chrome 12','Windows 10','0','ç™»å½•æˆåŠŸ','2024-03-26 09:33:08'),(242,'admin','127.0.0.1','å†…ç½‘IP','Chrome 12','Windows 10','0','ç™»å½•æˆåŠŸ','2024-03-26 09:48:07'),(243,'admin','127.0.0.1','å†…ç½‘IP','Chrome 12','Windows 10','0','ç™»å½•æˆåŠŸ','2024-03-26 09:54:44'),(244,'admin','127.0.0.1','å†…ç½‘IP','Chrome 12','Windows 10','0','ç™»å½•æˆåŠŸ','2024-03-26 09:55:46'),(245,'admin','127.0.0.1','å†…ç½‘IP','Chrome 12','Windows 10','0','ç™»å½•æˆåŠŸ','2024-03-26 10:05:02'),(246,'admin','127.0.0.1','å†…ç½‘IP','Chrome 12','Windows 10','0','ç™»å½•æˆåŠŸ','2024-03-26 10:06:11'),(247,'admin','127.0.0.1','å†…ç½‘IP','Chrome 12','Windows 10','0','ç™»å½•æˆåŠŸ','2024-03-26 10:07:08'),(248,'admin','127.0.0.1','å†…ç½‘IP','Chrome 12','Windows 10','0','ç™»å½•æˆåŠŸ','2024-03-26 10:07:16'),(249,'admin','127.0.0.1','å†…ç½‘IP','Chrome 12','Windows 10','0','ç™»å½•æˆåŠŸ','2024-03-26 10:08:41'),(250,'admin','127.0.0.1','å†…ç½‘IP','Chrome 12','Windows 10','0','ç™»å½•æˆåŠŸ','2024-03-26 10:12:41'),(251,'admin','127.0.0.1','å†…ç½‘IP','Chrome 12','Windows 10','0','ç™»å½•æˆåŠŸ','2024-03-26 10:14:24'),(252,'admin','127.0.0.1','å†…ç½‘IP','Chrome 12','Windows 10','0','ç™»å½•æˆåŠŸ','2024-03-26 10:19:52'),(253,'admin','127.0.0.1','å†…ç½‘IP','Chrome 12','Windows 10','0','ç™»å½•æˆåŠŸ','2024-03-26 10:20:00'),(254,'admin','127.0.0.1','å†…ç½‘IP','Chrome 12','Windows 10','0','ç™»å½•æˆåŠŸ','2024-03-26 10:24:52'),(255,'admin','127.0.0.1','å†…ç½‘IP','Chrome 12','Windows 10','0','ç™»å½•æˆåŠŸ','2024-03-26 10:29:54'),(256,'admin','127.0.0.1','å†…ç½‘IP','Chrome 12','Windows 10','0','ç™»å½•æˆåŠŸ','2024-03-26 10:32:01'),(257,'admin','127.0.0.1','å†…ç½‘IP','Chrome 12','Windows 10','0','ç™»å½•æˆåŠŸ','2024-03-26 10:33:44'),(258,'admin','127.0.0.1','å†…ç½‘IP','Chrome 12','Windows 10','0','ç™»å½•æˆåŠŸ','2024-03-26 10:33:50'),(259,'admin','127.0.0.1','å†…ç½‘IP','Chrome 12','Windows 10','0','ç™»å½•æˆåŠŸ','2024-03-26 10:34:39'),(260,'admin','127.0.0.1','å†…ç½‘IP','Chrome 12','Windows 10','0','ç™»å½•æˆåŠŸ','2024-03-26 10:37:21'),(261,'admin','127.0.0.1','å†…ç½‘IP','Chrome 12','Windows 10','0','ç™»å½•æˆåŠŸ','2024-03-26 10:38:22'),(262,'admin','127.0.0.1','å†…ç½‘IP','Chrome 12','Windows 10','0','ç™»å½•æˆåŠŸ','2024-03-26 10:40:06'),(263,'admin','127.0.0.1','å†…ç½‘IP','Chrome 12','Windows 10','0','ç™»å½•æˆåŠŸ','2024-03-26 10:42:25'),(264,'admin','127.0.0.1','å†…ç½‘IP','Chrome 12','Windows 10','0','ç™»å½•æˆåŠŸ','2024-03-26 10:49:52'),(265,'admin','127.0.0.1','å†…ç½‘IP','Chrome 12','Windows 10','0','ç™»å½•æˆåŠŸ','2024-03-26 10:52:59'),(266,'admin','127.0.0.1','å†…ç½‘IP','Chrome 12','Windows 10','0','ç™»å½•æˆåŠŸ','2024-03-26 10:53:49'),(267,'admin','127.0.0.1','å†…ç½‘IP','Chrome 12','Windows 10','0','ç™»å½•æˆåŠŸ','2024-03-26 10:56:14'),(268,'admin','127.0.0.1','å†…ç½‘IP','Chrome 12','Windows 10','0','ç™»å½•æˆåŠŸ','2024-03-26 11:10:56'),(269,'admin','127.0.0.1','å†…ç½‘IP','Chrome 12','Windows 10','0','ç™»å½•æˆåŠŸ','2024-03-26 11:13:35'),(270,'admin','127.0.0.1','å†…ç½‘IP','Chrome 12','Windows 10','0','ç™»å½•æˆåŠŸ','2024-03-27 09:48:39'),(271,'admin','127.0.0.1','å†…ç½‘IP','Chrome 12','Windows 10','0','ç™»å½•æˆåŠŸ','2024-03-27 14:04:36'),(272,'admin','127.0.0.1','å†…ç½‘IP','Chrome 12','Windows 10','0','ç™»å½•æˆåŠŸ','2024-03-27 14:06:46'),(273,'admin','127.0.0.1','å†…ç½‘IP','Chrome 12','Windows 10','0','ç™»å½•æˆåŠŸ','2024-03-27 14:07:54'),(274,'admin','127.0.0.1','å†…ç½‘IP','Chrome 12','Windows 10','0','ç™»å½•æˆåŠŸ','2024-03-27 14:10:16'),(275,'admin','127.0.0.1','å†…ç½‘IP','Chrome 12','Windows 10','0','ç™»å½•æˆåŠŸ','2024-03-27 14:11:33'),(276,'admin','127.0.0.1','å†…ç½‘IP','Chrome 12','Windows 10','0','ç™»å½•æˆåŠŸ','2024-03-27 14:13:02'),(277,'admin','127.0.0.1','å†…ç½‘IP','Chrome 12','Windows 10','0','ç™»å½•æˆåŠŸ','2024-03-27 14:14:13'),(278,'admin','127.0.0.1','å†…ç½‘IP','Chrome 12','Windows 10','0','ç™»å½•æˆåŠŸ','2024-03-27 14:16:19'),(279,'admin','127.0.0.1','å†…ç½‘IP','Chrome 12','Windows 10','0','ç™»å½•æˆåŠŸ','2024-03-27 14:25:06'),(280,'admin','192.168.1.7','å†…ç½‘IP','Chrome 12','Windows 10','0','ç™»å½•æˆåŠŸ','2024-03-27 16:41:12'),(281,'admin','192.168.1.7','å†…ç½‘IP','Chrome 12','Windows 10','0','ç™»å½•æˆåŠŸ','2024-03-27 18:37:41'),(282,'admin','127.0.0.1','å†…ç½‘IP','Chrome 12','Windows 10','0','ç™»å½•æˆåŠŸ','2024-03-28 08:25:37'),(283,'admin','192.168.1.16','å†…ç½‘IP','Chrome 12','Windows 10','0','ç™»å½•æˆåŠŸ','2024-03-28 09:00:18'),(284,'admin','192.168.1.16','å†…ç½‘IP','Chrome 12','Windows 10','0','ç™»å½•æˆåŠŸ','2024-03-28 09:59:50'),(285,'admin','127.0.0.1','å†…ç½‘IP','Chrome 12','Windows 10','0','ç™»å½•æˆåŠŸ','2024-03-28 10:22:30'),(286,'admin','127.0.0.1','å†…ç½‘IP','Chrome 12','Windows 10','0','ç™»å½•æˆåŠŸ','2024-03-28 10:24:44'),(287,'admin','127.0.0.1','å†…ç½‘IP','Chrome 12','Windows 10','0','ç™»å½•æˆåŠŸ','2024-03-28 10:30:24'),(288,'admin','127.0.0.1','å†…ç½‘IP','Chrome 12','Windows 10','0','ç™»å½•æˆåŠŸ','2024-03-28 10:32:50'),(289,'admin','127.0.0.1','å†…ç½‘IP','Chrome 12','Windows 10','0','ç™»å½•æˆåŠŸ','2024-03-28 10:36:23'),(290,'admin','127.0.0.1','å†…ç½‘IP','Chrome 12','Windows 10','0','ç™»å½•æˆåŠŸ','2024-03-28 10:55:15'),(291,'admin','192.168.1.16','å†…ç½‘IP','Chrome 12','Windows 10','0','ç™»å½•æˆåŠŸ','2024-03-28 14:28:51'),(292,'admin','127.0.0.1','å†…ç½‘IP','Chrome 12','Windows 10','0','ç™»å½•æˆåŠŸ','2024-03-29 08:25:58'),(293,'admin','127.0.0.1','å†…ç½‘IP','Chrome 12','Windows 10','0','ç™»å½•æˆåŠŸ','2024-03-29 08:28:08'),(294,'admin','127.0.0.1','å†…ç½‘IP','Chrome 12','Windows 10','0','ç™»å½•æˆåŠŸ','2024-03-29 08:29:06'),(295,'admin','127.0.0.1','å†…ç½‘IP','Chrome 12','Windows 10','0','ç™»å½•æˆåŠŸ','2024-03-29 08:33:10'),(296,'admin','127.0.0.1','å†…ç½‘IP','Chrome 12','Windows 10','0','ç™»å½•æˆåŠŸ','2024-03-29 11:02:05'),(297,'admin','127.0.0.1','å†…ç½‘IP','Chrome 12','Windows 10','0','ç™»å½•æˆåŠŸ','2024-03-29 11:02:52'),(298,'admin','127.0.0.1','å†…ç½‘IP','Chrome 12','Windows 10','0','é€€å‡ºæˆåŠŸ','2024-03-29 11:27:12'),(299,'admin','127.0.0.1','å†…ç½‘IP','Chrome 12','Windows 10','0','ç™»å½•æˆåŠŸ','2024-03-29 11:27:14'),(300,'admin','192.168.1.24','å†…ç½‘IP','Chrome 12','Windows 10','0','ç™»å½•æˆåŠŸ','2024-03-29 11:30:48'),(301,'admin','127.0.0.1','å†…ç½‘IP','Chrome 12','Windows 10','0','ç™»å½•æˆåŠŸ','2024-03-29 14:08:01'),(302,'admin','127.0.0.1','å†…ç½‘IP','Chrome 12','Windows 10','0','ç™»å½•æˆåŠŸ','2024-03-29 14:22:58'),(303,'admin','127.0.0.1','å†…ç½‘IP','Chrome 12','Windows 10','0','ç™»å½•æˆåŠŸ','2024-04-01 08:19:52'),(304,'admin','127.0.0.1','å†…ç½‘IP','Chrome 12','Windows 10','0','ç™»å½•æˆåŠŸ','2024-04-01 09:06:53'),(305,'admin','127.0.0.1','å†…ç½‘IP','Chrome 12','Windows 10','0','ç™»å½•æˆåŠŸ','2024-04-01 09:08:42'),(306,'admin','127.0.0.1','å†…ç½‘IP','Chrome 12','Windows 10','0','ç™»å½•æˆåŠŸ','2024-04-01 09:19:35'),(307,'admin','127.0.0.1','å†…ç½‘IP','Chrome 12','Windows 10','0','ç™»å½•æˆåŠŸ','2024-04-01 09:22:14'),(308,'admin','127.0.0.1','å†…ç½‘IP','Chrome 12','Windows 10','0','ç™»å½•æˆåŠŸ','2024-04-01 09:35:44'),(309,'admin','127.0.0.1','å†…ç½‘IP','Chrome 12','Windows 10','0','ç™»å½•æˆåŠŸ','2024-04-01 09:40:59'),(310,'admin','192.168.1.16','å†…ç½‘IP','Chrome 12','Windows 10','0','ç™»å½•æˆåŠŸ','2024-04-01 09:58:23'),(311,'admin','127.0.0.1','å†…ç½‘IP','Chrome 12','Windows 10','0','ç™»å½•æˆåŠŸ','2024-04-01 10:00:09'),(312,'admin','127.0.0.1','å†…ç½‘IP','Chrome 12','Windows 10','0','ç™»å½•æˆåŠŸ','2024-04-01 10:22:09'),(313,'admin','127.0.0.1','å†…ç½‘IP','Chrome 12','Windows 10','0','ç™»å½•æˆåŠŸ','2024-04-01 10:54:47'),(314,'admin','192.168.1.16','å†…ç½‘IP','Chrome 12','Windows 10','0','ç™»å½•æˆåŠŸ','2024-04-01 10:55:27'),(315,'admin','127.0.0.1','å†…ç½‘IP','Chrome 12','Windows 10','0','ç™»å½•æˆåŠŸ','2024-04-01 10:58:19'),(316,'admin','127.0.0.1','å†…ç½‘IP','Chrome 12','Windows 10','0','ç™»å½•æˆåŠŸ','2024-04-01 11:00:06'),(317,'admin','127.0.0.1','å†…ç½‘IP','Chrome 12','Windows 10','0','ç™»å½•æˆåŠŸ','2024-04-01 11:15:55'),(318,'admin','192.168.1.16','å†…ç½‘IP','Chrome 12','Windows 10','0','ç™»å½•æˆåŠŸ','2024-04-01 11:19:04'),(319,'admin','127.0.0.1','å†…ç½‘IP','Chrome 12','Windows 10','0','ç™»å½•æˆåŠŸ','2024-04-01 13:58:59'),(320,'admin','127.0.0.1','å†…ç½‘IP','Chrome 12','Windows 10','0','ç™»å½•æˆåŠŸ','2024-04-01 15:44:04'),(321,'admin','127.0.0.1','å†…ç½‘IP','Chrome 12','Windows 10','0','ç™»å½•æˆåŠŸ','2024-04-02 08:28:54'),(322,'admin','127.0.0.1','å†…ç½‘IP','Chrome 12','Windows 10','0','é€€å‡ºæˆåŠŸ','2024-04-02 08:29:00'),(323,'admin','127.0.0.1','å†…ç½‘IP','Chrome 12','Windows 10','0','ç™»å½•æˆåŠŸ','2024-04-02 08:30:47'),(324,'admin','192.168.1.16','å†…ç½‘IP','Chrome 12','Windows 10','0','ç™»å½•æˆåŠŸ','2024-04-02 08:39:32'),(325,'admin','127.0.0.1','å†…ç½‘IP','Chrome 12','Windows 10','0','ç™»å½•æˆåŠŸ','2024-04-02 08:45:24'),(326,'admin','192.168.1.16','å†…ç½‘IP','Chrome 12','Windows 10','0','ç™»å½•æˆåŠŸ','2024-04-02 08:45:55'),(327,'admin','127.0.0.1','å†…ç½‘IP','Chrome 12','Windows 10','0','ç™»å½•æˆåŠŸ','2024-04-02 09:00:06'),(328,'admin','192.168.1.16','å†…ç½‘IP','Chrome 12','Windows 10','0','ç™»å½•æˆåŠŸ','2024-04-02 09:03:06'),(329,'admin','127.0.0.1','å†…ç½‘IP','Chrome 12','Windows 10','0','ç™»å½•æˆåŠŸ','2024-04-02 09:12:19'),(330,'admin','127.0.0.1','å†…ç½‘IP','Chrome 12','Windows 10','0','ç™»å½•æˆåŠŸ','2024-04-02 09:13:18'),(331,'admin','127.0.0.1','å†…ç½‘IP','Chrome 12','Windows 10','0','ç™»å½•æˆåŠŸ','2024-04-02 09:13:47'),(332,'admin','127.0.0.1','å†…ç½‘IP','Chrome 12','Windows 10','0','ç™»å½•æˆåŠŸ','2024-04-02 09:50:20'),(333,'admin','192.168.1.39','å†…ç½‘IP','Chrome Mobile','Android 1.x','0','ç™»å½•æˆåŠŸ','2024-04-02 10:01:41'),(334,'admin','127.0.0.1','å†…ç½‘IP','Chrome 12','Windows 10','0','ç™»å½•æˆåŠŸ','2024-04-02 11:18:30'),(335,'admin','127.0.0.1','å†…ç½‘IP','Chrome 12','Windows 10','0','ç™»å½•æˆåŠŸ','2024-04-02 14:34:16'),(336,'admin','127.0.0.1','å†…ç½‘IP','Chrome 12','Windows 10','0','ç™»å½•æˆåŠŸ','2024-04-08 10:35:37'),(337,'admin','127.0.0.1','å†…ç½‘IP','Chrome 12','Windows 10','0','ç™»å½•æˆåŠŸ','2024-04-08 10:36:15'),(338,'admin','127.0.0.1','å†…ç½‘IP','Chrome 12','Windows 10','0','ç™»å½•æˆåŠŸ','2024-04-08 10:38:02'),(339,'admin','127.0.0.1','å†…ç½‘IP','Chrome 12','Windows 10','0','ç™»å½•æˆåŠŸ','2024-04-08 10:39:44'),(340,'admin','127.0.0.1','å†…ç½‘IP','Chrome 12','Windows 10','0','ç™»å½•æˆåŠŸ','2024-04-15 08:28:12');

/*Table structure for table `sys_menu` */

DROP TABLE IF EXISTS `sys_menu`;

CREATE TABLE `sys_menu` (
  `menu_id` bigint(20) NOT NULL AUTO_INCREMENT COMMENT 'èœå•ID',
  `menu_name` varchar(50) NOT NULL COMMENT 'èœå•åç§°',
  `parent_id` bigint(20) DEFAULT '0' COMMENT 'çˆ¶èœå•ID',
  `order_num` int(4) DEFAULT '0' COMMENT 'æ˜¾ç¤ºé¡ºåº',
  `url` varchar(200) DEFAULT '#' COMMENT 'è¯·æ±‚åœ°å€',
  `target` varchar(20) DEFAULT '' COMMENT 'æ‰“å¼€æ–¹å¼ï¼ˆmenuItemé¡µç­¾ menuBlankæ–°çª—å£ï¼‰',
  `menu_type` char(1) DEFAULT '' COMMENT 'èœå•ç±»å‹ï¼ˆMç›®å½• Cèœå• FæŒ‰é’®ï¼‰',
  `visible` char(1) DEFAULT '0' COMMENT 'èœå•çŠ¶æ€ï¼ˆ0æ˜¾ç¤º 1éšè—ï¼‰',
  `is_refresh` char(1) DEFAULT '1' COMMENT 'æ˜¯å¦åˆ·æ–°ï¼ˆ0åˆ·æ–° 1ä¸åˆ·æ–°ï¼‰',
  `perms` varchar(100) DEFAULT NULL COMMENT 'æƒé™æ ‡è¯†',
  `icon` varchar(100) DEFAULT '#' COMMENT 'èœå•å›¾æ ‡',
  `create_by` varchar(64) DEFAULT '' COMMENT 'åˆ›å»ºè€…',
  `create_time` datetime DEFAULT NULL COMMENT 'åˆ›å»ºæ—¶é—´',
  `update_by` varchar(64) DEFAULT '' COMMENT 'æ›´æ–°è€…',
  `update_time` datetime DEFAULT NULL COMMENT 'æ›´æ–°æ—¶é—´',
  `remark` varchar(500) DEFAULT '' COMMENT 'å¤‡æ³¨',
  PRIMARY KEY (`menu_id`)
) ENGINE=InnoDB AUTO_INCREMENT=2097 DEFAULT CHARSET=utf8mb4 COMMENT='èœå•æƒé™è¡¨';

/*Data for the table `sys_menu` */

insert  into `sys_menu`(`menu_id`,`menu_name`,`parent_id`,`order_num`,`url`,`target`,`menu_type`,`visible`,`is_refresh`,`perms`,`icon`,`create_by`,`create_time`,`update_by`,`update_time`,`remark`) values (1,'ç³»ç»Ÿç®¡ç†',0,1,'#','','M','0','1','','fa fa-gear','admin','2021-09-10 14:08:34','',NULL,'ç³»ç»Ÿç®¡ç†ç›®å½•'),(2,'ç³»ç»Ÿç›‘æ§',0,2,'#','','M','0','1','','fa fa-video-camera','admin','2021-09-10 14:08:34','',NULL,'ç³»ç»Ÿç›‘æ§ç›®å½•'),(3,'ç³»ç»Ÿå·¥å…·',0,3,'#','','M','0','1','','fa fa-bars','admin','2021-09-10 14:08:34','',NULL,'ç³»ç»Ÿå·¥å…·ç›®å½•'),(4,'è‹¥ä¾å®˜ç½‘',0,4,'http://ruoyi.vip','menuBlank','C','1','1','','fa fa-location-arrow','admin','2021-09-10 14:08:34','admin','2024-03-21 09:36:59','è‹¥ä¾å®˜ç½‘åœ°å€'),(100,'ç”¨æˆ·ç®¡ç†',1,1,'/system/user','','C','0','1','system:user:view','fa fa-user-o','admin','2021-09-10 14:08:34','',NULL,'ç”¨æˆ·ç®¡ç†èœå•'),(101,'è§’è‰²ç®¡ç†',1,2,'/system/role','','C','0','1','system:role:view','fa fa-user-secret','admin','2021-09-10 14:08:34','',NULL,'è§’è‰²ç®¡ç†èœå•'),(102,'èœå•ç®¡ç†',1,3,'/system/menu','','C','0','1','system:menu:view','fa fa-th-list','admin','2021-09-10 14:08:34','',NULL,'èœå•ç®¡ç†èœå•'),(103,'éƒ¨é—¨ç®¡ç†',1,4,'/system/dept','','C','0','1','system:dept:view','fa fa-outdent','admin','2021-09-10 14:08:34','',NULL,'éƒ¨é—¨ç®¡ç†èœå•'),(104,'å²—ä½ç®¡ç†',1,5,'/system/post','','C','0','1','system:post:view','fa fa-address-card-o','admin','2021-09-10 14:08:34','',NULL,'å²—ä½ç®¡ç†èœå•'),(105,'å­—å…¸ç®¡ç†',1,6,'/system/dict','','C','0','1','system:dict:view','fa fa-bookmark-o','admin','2021-09-10 14:08:34','',NULL,'å­—å…¸ç®¡ç†èœå•'),(106,'å‚æ•°è®¾ç½®',1,7,'/system/config','','C','0','1','system:config:view','fa fa-sun-o','admin','2021-09-10 14:08:34','',NULL,'å‚æ•°è®¾ç½®èœå•'),(107,'é€šçŸ¥å…¬å‘Š',1,8,'/system/notice','','C','0','1','system:notice:view','fa fa-bullhorn','admin','2021-09-10 14:08:34','',NULL,'é€šçŸ¥å…¬å‘Šèœå•'),(108,'æ—¥å¿—ç®¡ç†',1,9,'#','','M','0','1','','fa fa-pencil-square-o','admin','2021-09-10 14:08:34','',NULL,'æ—¥å¿—ç®¡ç†èœå•'),(109,'åœ¨çº¿ç”¨æˆ·',2,1,'/monitor/online','','C','0','1','monitor:online:view','fa fa-user-circle','admin','2021-09-10 14:08:34','',NULL,'åœ¨çº¿ç”¨æˆ·èœå•'),(110,'å®šæ—¶ä»»åŠ¡',2,2,'/monitor/job','','C','0','1','monitor:job:view','fa fa-tasks','admin','2021-09-10 14:08:34','',NULL,'å®šæ—¶ä»»åŠ¡èœå•'),(111,'æ•°æ®ç›‘æ§',2,3,'/monitor/data','','C','0','1','monitor:data:view','fa fa-bug','admin','2021-09-10 14:08:34','',NULL,'æ•°æ®ç›‘æ§èœå•'),(112,'æœåŠ¡ç›‘æ§',2,4,'/monitor/server','','C','0','1','monitor:server:view','fa fa-server','admin','2021-09-10 14:08:34','',NULL,'æœåŠ¡ç›‘æ§èœå•'),(113,'ç¼“å­˜ç›‘æ§',2,5,'/monitor/cache','','C','0','1','monitor:cache:view','fa fa-cube','admin','2021-09-10 14:08:34','',NULL,'ç¼“å­˜ç›‘æ§èœå•'),(114,'è¡¨å•æ„å»º',3,1,'/tool/build','','C','0','1','tool:build:view','fa fa-wpforms','admin','2021-09-10 14:08:34','',NULL,'è¡¨å•æ„å»ºèœå•'),(115,'ä»£ç ç”Ÿæˆ',3,2,'/tool/gen','','C','0','1','tool:gen:view','fa fa-code','admin','2021-09-10 14:08:34','',NULL,'ä»£ç ç”Ÿæˆèœå•'),(116,'ç³»ç»Ÿæ¥å£',3,3,'/tool/swagger','menuBlank','C','0','1','tool:swagger:view','fa fa-gg','admin','2021-09-10 14:08:34','admin','2021-09-10 16:24:22','ç³»ç»Ÿæ¥å£èœå•'),(500,'æ“ä½œæ—¥å¿—',108,1,'/monitor/operlog','','C','0','1','monitor:operlog:view','fa fa-address-book','admin','2021-09-10 14:08:34','',NULL,'æ“ä½œæ—¥å¿—èœå•'),(501,'ç™»å½•æ—¥å¿—',108,2,'/monitor/logininfor','','C','0','1','monitor:logininfor:view','fa fa-file-image-o','admin','2021-09-10 14:08:34','',NULL,'ç™»å½•æ—¥å¿—èœå•'),(1000,'ç”¨æˆ·æŸ¥è¯¢',100,1,'#','','F','0','1','system:user:list','#','admin','2021-09-10 14:08:35','',NULL,''),(1001,'ç”¨æˆ·æ–°å¢',100,2,'#','','F','0','1','system:user:add','#','admin','2021-09-10 14:08:35','',NULL,''),(1002,'ç”¨æˆ·ä¿®æ”¹',100,3,'#','','F','0','1','system:user:edit','#','admin','2021-09-10 14:08:35','',NULL,''),(1003,'ç”¨æˆ·åˆ é™¤',100,4,'#','','F','0','1','system:user:remove','#','admin','2021-09-10 14:08:35','',NULL,''),(1004,'ç”¨æˆ·å¯¼å‡º',100,5,'#','','F','0','1','system:user:export','#','admin','2021-09-10 14:08:35','',NULL,''),(1005,'ç”¨æˆ·å¯¼å…¥',100,6,'#','','F','0','1','system:user:import','#','admin','2021-09-10 14:08:35','',NULL,''),(1006,'é‡ç½®å¯†ç ',100,7,'#','','F','0','1','system:user:resetPwd','#','admin','2021-09-10 14:08:35','',NULL,''),(1007,'è§’è‰²æŸ¥è¯¢',101,1,'#','','F','0','1','system:role:list','#','admin','2021-09-10 14:08:35','',NULL,''),(1008,'è§’è‰²æ–°å¢',101,2,'#','','F','0','1','system:role:add','#','admin','2021-09-10 14:08:35','',NULL,''),(1009,'è§’è‰²ä¿®æ”¹',101,3,'#','','F','0','1','system:role:edit','#','admin','2021-09-10 14:08:35','',NULL,''),(1010,'è§’è‰²åˆ é™¤',101,4,'#','','F','0','1','system:role:remove','#','admin','2021-09-10 14:08:35','',NULL,''),(1011,'è§’è‰²å¯¼å‡º',101,5,'#','','F','0','1','system:role:export','#','admin','2021-09-10 14:08:35','',NULL,''),(1012,'èœå•æŸ¥è¯¢',102,1,'#','','F','0','1','system:menu:list','#','admin','2021-09-10 14:08:35','',NULL,''),(1013,'èœå•æ–°å¢',102,2,'#','','F','0','1','system:menu:add','#','admin','2021-09-10 14:08:35','',NULL,''),(1014,'èœå•ä¿®æ”¹',102,3,'#','','F','0','1','system:menu:edit','#','admin','2021-09-10 14:08:35','',NULL,''),(1015,'èœå•åˆ é™¤',102,4,'#','','F','0','1','system:menu:remove','#','admin','2021-09-10 14:08:35','',NULL,''),(1016,'éƒ¨é—¨æŸ¥è¯¢',103,1,'#','','F','0','1','system:dept:list','#','admin','2021-09-10 14:08:35','',NULL,''),(1017,'éƒ¨é—¨æ–°å¢',103,2,'#','','F','0','1','system:dept:add','#','admin','2021-09-10 14:08:35','',NULL,''),(1018,'éƒ¨é—¨ä¿®æ”¹',103,3,'#','','F','0','1','system:dept:edit','#','admin','2021-09-10 14:08:35','',NULL,''),(1019,'éƒ¨é—¨åˆ é™¤',103,4,'#','','F','0','1','system:dept:remove','#','admin','2021-09-10 14:08:35','',NULL,''),(1020,'å²—ä½æŸ¥è¯¢',104,1,'#','','F','0','1','system:post:list','#','admin','2021-09-10 14:08:35','',NULL,''),(1021,'å²—ä½æ–°å¢',104,2,'#','','F','0','1','system:post:add','#','admin','2021-09-10 14:08:35','',NULL,''),(1022,'å²—ä½ä¿®æ”¹',104,3,'#','','F','0','1','system:post:edit','#','admin','2021-09-10 14:08:35','',NULL,''),(1023,'å²—ä½åˆ é™¤',104,4,'#','','F','0','1','system:post:remove','#','admin','2021-09-10 14:08:35','',NULL,''),(1024,'å²—ä½å¯¼å‡º',104,5,'#','','F','0','1','system:post:export','#','admin','2021-09-10 14:08:35','',NULL,''),(1025,'å­—å…¸æŸ¥è¯¢',105,1,'#','','F','0','1','system:dict:list','#','admin','2021-09-10 14:08:35','',NULL,''),(1026,'å­—å…¸æ–°å¢',105,2,'#','','F','0','1','system:dict:add','#','admin','2021-09-10 14:08:35','',NULL,''),(1027,'å­—å…¸ä¿®æ”¹',105,3,'#','','F','0','1','system:dict:edit','#','admin','2021-09-10 14:08:35','',NULL,''),(1028,'å­—å…¸åˆ é™¤',105,4,'#','','F','0','1','system:dict:remove','#','admin','2021-09-10 14:08:35','',NULL,''),(1029,'å­—å…¸å¯¼å‡º',105,5,'#','','F','0','1','system:dict:export','#','admin','2021-09-10 14:08:36','',NULL,''),(1030,'å‚æ•°æŸ¥è¯¢',106,1,'#','','F','0','1','system:config:list','#','admin','2021-09-10 14:08:36','',NULL,''),(1031,'å‚æ•°æ–°å¢',106,2,'#','','F','0','1','system:config:add','#','admin','2021-09-10 14:08:36','',NULL,''),(1032,'å‚æ•°ä¿®æ”¹',106,3,'#','','F','0','1','system:config:edit','#','admin','2021-09-10 14:08:36','',NULL,''),(1033,'å‚æ•°åˆ é™¤',106,4,'#','','F','0','1','system:config:remove','#','admin','2021-09-10 14:08:36','',NULL,''),(1034,'å‚æ•°å¯¼å‡º',106,5,'#','','F','0','1','system:config:export','#','admin','2021-09-10 14:08:36','',NULL,''),(1035,'å…¬å‘ŠæŸ¥è¯¢',107,1,'#','','F','0','1','system:notice:list','#','admin','2021-09-10 14:08:36','',NULL,''),(1036,'å…¬å‘Šæ–°å¢',107,2,'#','','F','0','1','system:notice:add','#','admin','2021-09-10 14:08:36','',NULL,''),(1037,'å…¬å‘Šä¿®æ”¹',107,3,'#','','F','0','1','system:notice:edit','#','admin','2021-09-10 14:08:36','',NULL,''),(1038,'å…¬å‘Šåˆ é™¤',107,4,'#','','F','0','1','system:notice:remove','#','admin','2021-09-10 14:08:36','',NULL,''),(1039,'æ“ä½œæŸ¥è¯¢',500,1,'#','','F','0','1','monitor:operlog:list','#','admin','2021-09-10 14:08:36','',NULL,''),(1040,'æ“ä½œåˆ é™¤',500,2,'#','','F','0','1','monitor:operlog:remove','#','admin','2021-09-10 14:08:36','',NULL,''),(1041,'è¯¦ç»†ä¿¡æ¯',500,3,'#','','F','0','1','monitor:operlog:detail','#','admin','2021-09-10 14:08:36','',NULL,''),(1042,'æ—¥å¿—å¯¼å‡º',500,4,'#','','F','0','1','monitor:operlog:export','#','admin','2021-09-10 14:08:36','',NULL,''),(1043,'ç™»å½•æŸ¥è¯¢',501,1,'#','','F','0','1','monitor:logininfor:list','#','admin','2021-09-10 14:08:36','',NULL,''),(1044,'ç™»å½•åˆ é™¤',501,2,'#','','F','0','1','monitor:logininfor:remove','#','admin','2021-09-10 14:08:36','',NULL,''),(1045,'æ—¥å¿—å¯¼å‡º',501,3,'#','','F','0','1','monitor:logininfor:export','#','admin','2021-09-10 14:08:36','',NULL,''),(1046,'è´¦æˆ·è§£é”',501,4,'#','','F','0','1','monitor:logininfor:unlock','#','admin','2021-09-10 14:08:36','',NULL,''),(1047,'åœ¨çº¿æŸ¥è¯¢',109,1,'#','','F','0','1','monitor:online:list','#','admin','2021-09-10 14:08:36','',NULL,''),(1048,'æ‰¹é‡å¼ºé€€',109,2,'#','','F','0','1','monitor:online:batchForceLogout','#','admin','2021-09-10 14:08:36','',NULL,''),(1049,'å•æ¡å¼ºé€€',109,3,'#','','F','0','1','monitor:online:forceLogout','#','admin','2021-09-10 14:08:36','',NULL,''),(1050,'ä»»åŠ¡æŸ¥è¯¢',110,1,'#','','F','0','1','monitor:job:list','#','admin','2021-09-10 14:08:36','',NULL,''),(1051,'ä»»åŠ¡æ–°å¢',110,2,'#','','F','0','1','monitor:job:add','#','admin','2021-09-10 14:08:36','',NULL,''),(1052,'ä»»åŠ¡ä¿®æ”¹',110,3,'#','','F','0','1','monitor:job:edit','#','admin','2021-09-10 14:08:36','',NULL,''),(1053,'ä»»åŠ¡åˆ é™¤',110,4,'#','','F','0','1','monitor:job:remove','#','admin','2021-09-10 14:08:36','',NULL,''),(1054,'çŠ¶æ€ä¿®æ”¹',110,5,'#','','F','0','1','monitor:job:changeStatus','#','admin','2021-09-10 14:08:36','',NULL,''),(1055,'ä»»åŠ¡è¯¦ç»†',110,6,'#','','F','0','1','monitor:job:detail','#','admin','2021-09-10 14:08:36','',NULL,''),(1056,'ä»»åŠ¡å¯¼å‡º',110,7,'#','','F','0','1','monitor:job:export','#','admin','2021-09-10 14:08:36','',NULL,''),(1057,'ç”ŸæˆæŸ¥è¯¢',115,1,'#','','F','0','1','tool:gen:list','#','admin','2021-09-10 14:08:37','',NULL,''),(1058,'ç”Ÿæˆä¿®æ”¹',115,2,'#','','F','0','1','tool:gen:edit','#','admin','2021-09-10 14:08:37','',NULL,''),(1059,'ç”Ÿæˆåˆ é™¤',115,3,'#','','F','0','1','tool:gen:remove','#','admin','2021-09-10 14:08:37','',NULL,''),(1060,'é¢„è§ˆä»£ç ',115,4,'#','','F','0','1','tool:gen:preview','#','admin','2021-09-10 14:08:37','',NULL,''),(1061,'ç”Ÿæˆä»£ç ',115,5,'#','','F','0','1','tool:gen:code','#','admin','2021-09-10 14:08:37','',NULL,''),(2006,'å®è®­å®¤',0,5,'#','menuItem','M','0','1','','fa fa-wrench','admin','2024-02-28 10:20:53','admin','2024-02-28 10:21:48',''),(2025,'å«ç”Ÿ',2006,1,'/work/clean','menuItem','C','1','1','work:clean:view','#','admin','2024-02-28 14:57:58','admin','2024-03-27 14:26:04','å«ç”Ÿèœå•'),(2026,'å«ç”ŸæŸ¥è¯¢',2025,1,'#','','F','0','1','work:clean:list','#','admin','2024-02-28 14:57:58','',NULL,''),(2027,'å«ç”Ÿæ–°å¢',2025,2,'#','','F','0','1','work:clean:add','#','admin','2024-02-28 14:57:58','',NULL,''),(2028,'å«ç”Ÿä¿®æ”¹',2025,3,'#','','F','0','1','work:clean:edit','#','admin','2024-02-28 14:57:58','',NULL,''),(2029,'å«ç”Ÿåˆ é™¤',2025,4,'#','','F','0','1','work:clean:remove','#','admin','2024-02-28 14:57:58','',NULL,''),(2030,'å«ç”Ÿå¯¼å‡º',2025,5,'#','','F','0','1','work:clean:export','#','admin','2024-02-28 14:57:58','',NULL,''),(2055,'ç»´ä¿®',2006,1,'/work/safe','menuItem','C','1','1','work:safe:view','#','admin','2024-03-05 10:22:48','admin','2024-03-25 09:56:50','ç»´ä¿®èœå•'),(2056,'ç»´ä¿®æŸ¥è¯¢',2055,1,'#','','F','0','1','work:safe:list','#','admin','2024-03-05 10:22:48','',NULL,''),(2057,'ç»´ä¿®æ–°å¢',2055,2,'#','','F','0','1','work:safe:add','#','admin','2024-03-05 10:22:48','',NULL,''),(2058,'ç»´ä¿®ä¿®æ”¹',2055,3,'#','','F','0','1','work:safe:edit','#','admin','2024-03-05 10:22:48','',NULL,''),(2059,'ç»´ä¿®åˆ é™¤',2055,4,'#','','F','0','1','work:safe:remove','#','admin','2024-03-05 10:22:48','',NULL,''),(2060,'ç»´ä¿®å¯¼å‡º',2055,5,'#','','F','0','1','work:safe:export','#','admin','2024-03-05 10:22:48','',NULL,''),(2073,'åœ°ç‚¹',2006,1,'/work/didian','menuItem','C','1','1','work:didian:view','#','admin','2024-03-11 15:49:28','admin','2024-03-21 09:37:14','åœ°ç‚¹èœå•'),(2074,'åœ°ç‚¹æŸ¥è¯¢',2073,1,'#','','F','0','1','work:didian:list','#','admin','2024-03-11 15:49:28','',NULL,''),(2075,'åœ°ç‚¹æ–°å¢',2073,2,'#','','F','0','1','work:didian:add','#','admin','2024-03-11 15:49:28','',NULL,''),(2076,'åœ°ç‚¹ä¿®æ”¹',2073,3,'#','','F','0','1','work:didian:edit','#','admin','2024-03-11 15:49:28','',NULL,''),(2077,'åœ°ç‚¹åˆ é™¤',2073,4,'#','','F','0','1','work:didian:remove','#','admin','2024-03-11 15:49:28','',NULL,''),(2078,'åœ°ç‚¹å¯¼å‡º',2073,5,'#','','F','0','1','work:didian:export','#','admin','2024-03-11 15:49:28','',NULL,''),(2079,'ç»´ä¿®',2006,1,'/work/safe','','C','0','1','work:safe:view','#','admin','2024-03-25 09:52:09','',NULL,'ç»´ä¿®èœå•'),(2080,'ç»´ä¿®æŸ¥è¯¢',2079,1,'#','','F','0','1','work:safe:list','#','admin','2024-03-25 09:52:09','',NULL,''),(2081,'ç»´ä¿®æ–°å¢',2079,2,'#','','F','0','1','work:safe:add','#','admin','2024-03-25 09:52:09','',NULL,''),(2082,'ç»´ä¿®ä¿®æ”¹',2079,3,'#','','F','0','1','work:safe:edit','#','admin','2024-03-25 09:52:09','',NULL,''),(2083,'ç»´ä¿®åˆ é™¤',2079,4,'#','','F','0','1','work:safe:remove','#','admin','2024-03-25 09:52:09','',NULL,''),(2084,'ç»´ä¿®å¯¼å‡º',2079,5,'#','','F','0','1','work:safe:export','#','admin','2024-03-25 09:52:09','',NULL,''),(2085,'å«ç”Ÿ',2006,1,'/work/clean','','C','0','1','work:clean:view','#','admin','2024-03-27 14:23:04','',NULL,'å«ç”Ÿèœå•'),(2086,'å«ç”ŸæŸ¥è¯¢',2085,1,'#','','F','0','1','work:clean:list','#','admin','2024-03-27 14:23:04','',NULL,''),(2087,'å«ç”Ÿæ–°å¢',2085,2,'#','','F','0','1','work:clean:add','#','admin','2024-03-27 14:23:04','',NULL,''),(2088,'å«ç”Ÿä¿®æ”¹',2085,3,'#','','F','0','1','work:clean:edit','#','admin','2024-03-27 14:23:04','',NULL,''),(2089,'å«ç”Ÿåˆ é™¤',2085,4,'#','','F','0','1','work:clean:remove','#','admin','2024-03-27 14:23:04','',NULL,''),(2090,'å«ç”Ÿå¯¼å‡º',2085,5,'#','','F','0','1','work:clean:export','#','admin','2024-03-27 14:23:04','',NULL,''),(2091,'åˆ†ç±»',2006,1,'/work/classify','menuItem','C','1','1','work:classify:view','#','admin','2024-04-02 08:57:04','admin','2024-04-02 09:01:50','åˆ†ç±»èœå•'),(2092,'åˆ†ç±»æŸ¥è¯¢',2091,1,'#','','F','0','1','work:classify:list','#','admin','2024-04-02 08:57:04','',NULL,''),(2093,'åˆ†ç±»æ–°å¢',2091,2,'#','','F','0','1','work:classify:add','#','admin','2024-04-02 08:57:04','',NULL,''),(2094,'åˆ†ç±»ä¿®æ”¹',2091,3,'#','','F','0','1','work:classify:edit','#','admin','2024-04-02 08:57:04','',NULL,''),(2095,'åˆ†ç±»åˆ é™¤',2091,4,'#','','F','0','1','work:classify:remove','#','admin','2024-04-02 08:57:04','',NULL,''),(2096,'åˆ†ç±»å¯¼å‡º',2091,5,'#','','F','0','1','work:classify:export','#','admin','2024-04-02 08:57:04','',NULL,'');

/*Table structure for table `sys_notice` */

DROP TABLE IF EXISTS `sys_notice`;

CREATE TABLE `sys_notice` (
  `notice_id` int(4) NOT NULL AUTO_INCREMENT COMMENT 'å…¬å‘ŠID',
  `notice_title` varchar(50) NOT NULL COMMENT 'å…¬å‘Šæ ‡é¢˜',
  `notice_type` char(1) NOT NULL COMMENT 'å…¬å‘Šç±»å‹ï¼ˆ1é€šçŸ¥ 2å…¬å‘Šï¼‰',
  `notice_content` varchar(2000) DEFAULT NULL COMMENT 'å…¬å‘Šå†…å®¹',
  `status` char(1) DEFAULT '0' COMMENT 'å…¬å‘ŠçŠ¶æ€ï¼ˆ0æ­£å¸¸ 1å…³é—­ï¼‰',
  `create_by` varchar(64) DEFAULT '' COMMENT 'åˆ›å»ºè€…',
  `create_time` datetime DEFAULT NULL COMMENT 'åˆ›å»ºæ—¶é—´',
  `update_by` varchar(64) DEFAULT '' COMMENT 'æ›´æ–°è€…',
  `update_time` datetime DEFAULT NULL COMMENT 'æ›´æ–°æ—¶é—´',
  `remark` varchar(255) DEFAULT NULL COMMENT 'å¤‡æ³¨',
  PRIMARY KEY (`notice_id`)
) ENGINE=InnoDB AUTO_INCREMENT=3 DEFAULT CHARSET=utf8mb4 COMMENT='é€šçŸ¥å…¬å‘Šè¡¨';

/*Data for the table `sys_notice` */

insert  into `sys_notice`(`notice_id`,`notice_title`,`notice_type`,`notice_content`,`status`,`create_by`,`create_time`,`update_by`,`update_time`,`remark`) values (1,'æ¸©é¦¨æé†’ï¼š2018-07-01 è‹¥ä¾æ–°ç‰ˆæœ¬å‘å¸ƒå•¦','2','æ–°ç‰ˆæœ¬å†…å®¹','0','admin','2021-09-10 14:08:46','',NULL,'ç®¡ç†å‘˜'),(2,'ç»´æŠ¤é€šçŸ¥ï¼š2018-07-01 è‹¥ä¾ç³»ç»Ÿå‡Œæ™¨ç»´æŠ¤','1','ç»´æŠ¤å†…å®¹','0','admin','2021-09-10 14:08:47','',NULL,'ç®¡ç†å‘˜');

/*Table structure for table `sys_oper_log` */

DROP TABLE IF EXISTS `sys_oper_log`;

CREATE TABLE `sys_oper_log` (
  `oper_id` bigint(20) NOT NULL AUTO_INCREMENT COMMENT 'æ—¥å¿—ä¸»é”®',
  `title` varchar(50) DEFAULT '' COMMENT 'æ¨¡å—æ ‡é¢˜',
  `business_type` int(2) DEFAULT '0' COMMENT 'ä¸šåŠ¡ç±»å‹ï¼ˆ0å…¶å®ƒ 1æ–°å¢ 2ä¿®æ”¹ 3åˆ é™¤ï¼‰',
  `method` varchar(100) DEFAULT '' COMMENT 'æ–¹æ³•åç§°',
  `request_method` varchar(10) DEFAULT '' COMMENT 'è¯·æ±‚æ–¹å¼',
  `operator_type` int(1) DEFAULT '0' COMMENT 'æ“ä½œç±»åˆ«ï¼ˆ0å…¶å®ƒ 1åå°ç”¨æˆ· 2æ‰‹æœºç«¯ç”¨æˆ·ï¼‰',
  `oper_name` varchar(50) DEFAULT '' COMMENT 'æ“ä½œäººå‘˜',
  `dept_name` varchar(50) DEFAULT '' COMMENT 'éƒ¨é—¨åç§°',
  `oper_url` varchar(255) DEFAULT '' COMMENT 'è¯·æ±‚URL',
  `oper_ip` varchar(128) DEFAULT '' COMMENT 'ä¸»æœºåœ°å€',
  `oper_location` varchar(255) DEFAULT '' COMMENT 'æ“ä½œåœ°ç‚¹',
  `oper_param` varchar(2000) DEFAULT '' COMMENT 'è¯·æ±‚å‚æ•°',
  `json_result` varchar(2000) DEFAULT '' COMMENT 'è¿”å›å‚æ•°',
  `status` int(1) DEFAULT '0' COMMENT 'æ“ä½œçŠ¶æ€ï¼ˆ0æ­£å¸¸ 1å¼‚å¸¸ï¼‰',
  `error_msg` varchar(2000) DEFAULT '' COMMENT 'é”™è¯¯æ¶ˆæ¯',
  `oper_time` datetime DEFAULT NULL COMMENT 'æ“ä½œæ—¶é—´',
  PRIMARY KEY (`oper_id`)
) ENGINE=InnoDB AUTO_INCREMENT=429 DEFAULT CHARSET=utf8mb4 COMMENT='æ“ä½œæ—¥å¿—è®°å½•';

/*Data for the table `sys_oper_log` */

insert  into `sys_oper_log`(`oper_id`,`title`,`business_type`,`method`,`request_method`,`operator_type`,`oper_name`,`dept_name`,`oper_url`,`oper_ip`,`oper_location`,`oper_param`,`json_result`,`status`,`error_msg`,`oper_time`) values (4,'æ“ä½œæ—¥å¿—',3,'com.ruoyi.web.controller.monitor.SysOperlogController.remove()','POST',1,'admin','ç ”å‘éƒ¨é—¨','/monitor/operlog/remove','127.0.0.1','å†…ç½‘IP','{\"ids\":[\"3,2\"]}','{\"msg\":\"æ“ä½œæˆåŠŸ\",\"code\":0}',0,NULL,'2021-11-19 09:43:54'),(5,'èœå•ç®¡ç†',1,'com.ruoyi.web.controller.system.SysMenuController.addSave()','POST',1,'admin','ç ”å‘éƒ¨é—¨','/system/menu/add','127.0.0.1','å†…ç½‘IP','{\"parentId\":[\"0\"],\"menuType\":[\"M\"],\"menuName\":[\"å®è®­å®¤\"],\"url\":[\"\"],\"target\":[\"menuItem\"],\"perms\":[\"\"],\"orderNum\":[\"5\"],\"icon\":[\"\"],\"visible\":[\"0\"],\"isRefresh\":[\"1\"]}','{\"msg\":\"æ“ä½œæˆåŠŸ\",\"code\":0}',0,NULL,'2024-02-28 10:20:53'),(6,'èœå•ç®¡ç†',2,'com.ruoyi.web.controller.system.SysMenuController.editSave()','POST',1,'admin','ç ”å‘éƒ¨é—¨','/system/menu/edit','127.0.0.1','å†…ç½‘IP','{\"menuId\":[\"2006\"],\"parentId\":[\"0\"],\"menuType\":[\"M\"],\"menuName\":[\"å®è®­å®¤\"],\"url\":[\"#\"],\"target\":[\"menuItem\"],\"perms\":[\"\"],\"orderNum\":[\"5\"],\"icon\":[\"fa fa-wrench\"],\"visible\":[\"0\"],\"isRefresh\":[\"1\"]}','{\"msg\":\"æ“ä½œæˆåŠŸ\",\"code\":0}',0,NULL,'2024-02-28 10:21:48'),(7,'ä»£ç ç”Ÿæˆ',6,'com.ruoyi.generator.controller.GenController.importTableSave()','POST',1,'admin','ç ”å‘éƒ¨é—¨','/tool/gen/importTable','127.0.0.1','å†…ç½‘IP','{\"tables\":[\"clean\"]}','{\"msg\":\"æ“ä½œæˆåŠŸ\",\"code\":0}',0,NULL,'2024-02-28 13:59:30'),(8,'ä»£ç ç”Ÿæˆ',2,'com.ruoyi.generator.controller.GenController.editSave()','POST',1,'admin','ç ”å‘éƒ¨é—¨','/tool/gen/edit','127.0.0.1','å†…ç½‘IP','{\"tableId\":[\"5\"],\"tableName\":[\"clean\"],\"tableComment\":[\"å«ç”Ÿè¡¨\"],\"className\":[\"Clean\"],\"functionAuthor\":[\"SJY\"],\"remark\":[\"\"],\"columns[0].columnId\":[\"29\"],\"columns[0].sort\":[\"1\"],\"columns[0].columnComment\":[\"ID\"],\"columns[0].javaType\":[\"Long\"],\"columns[0].javaField\":[\"id\"],\"columns[0].isList\":[\"1\"],\"columns[0].isQuery\":[\"1\"],\"columns[0].queryType\":[\"EQ\"],\"columns[0].htmlType\":[\"input\"],\"columns[0].dictType\":[\"\"],\"columns[1].columnId\":[\"30\"],\"columns[1].sort\":[\"2\"],\"columns[1].columnComment\":[\"åœ°ç‚¹\"],\"columns[1].javaType\":[\"String\"],\"columns[1].javaField\":[\"place\"],\"columns[1].isInsert\":[\"1\"],\"columns[1].isEdit\":[\"1\"],\"columns[1].isList\":[\"1\"],\"columns[1].isQuery\":[\"1\"],\"columns[1].queryType\":[\"EQ\"],\"columns[1].htmlType\":[\"textarea\"],\"columns[1].dictType\":[\"\"],\"columns[2].columnId\":[\"31\"],\"columns[2].sort\":[\"3\"],\"columns[2].columnComment\":[\"é—®é¢˜\"],\"columns[2].javaType\":[\"String\"],\"columns[2].javaField\":[\"question\"],\"columns[2].isInsert\":[\"1\"],\"columns[2].isEdit\":[\"1\"],\"columns[2].isList\":[\"1\"],\"columns[2].isQuery\":[\"1\"],\"columns[2].queryType\":[\"EQ\"],\"columns[2].htmlType\":[\"textarea\"],\"columns[2].dictType\":[\"\"],\"columns[3].columnId\":[\"32\"],\"columns[3].sort\":[\"4\"],\"columns[3].columnComment\":[\"å›¾ç‰‡\"],\"columns[3].javaType\":[\"String\"],\"columns[3].javaField\":[\"pic\"],\"columns[3].isInsert\":[\"1\"],\"columns[3].isEdit\":[\"1\"],\"columns[3].isList\":[\"1\"],\"columns[3].queryType\":[\"EQ\"],\"columns[3].htmlType\":[\"upload\"],\"columns[3].dictType\":[\"\"],\"columns[4].columnId\":[\"33\"],\"columns[4].sort\":[\"5\"],\"columns[4].columnComment\":[\"æ—¶é—´\"],\"columns[4].javaType\":[\"Date\"],\"columns[4].javaField\":[\"time\"],\"columns[4].isInsert\":[\"1\"],\"columns[4].isEdit\":[\"1\"],\"columns[4].isList\":[\"1\"],\"columns[4].isQuery\":[\"1\"],\"columns[4].queryType\":[\"EQ\"],\"columns[4].isRequired\":[\"1\"],\"columns[4].htmlType\":[\"datetime\"],\"columns[4].dictType\":[\"\"],\"columns[5].columnId\":[\"34\"],\"columns[5].sort\":[\"6\"],\"columns[5].columnComment\":[\"å®¡æ ¸äºº\"],\"columns[5].javaType\":[\"String\"],\"columns[5].javaField\":[\"name\"],\"columns[5].isInsert\":[\"1\"]','{\"msg\":\"æ“ä½œæˆåŠŸ\",\"code\":0}',0,NULL,'2024-02-28 14:05:32'),(9,'ä»£ç ç”Ÿæˆ',2,'com.ruoyi.generator.controller.GenController.editSave()','POST',1,'admin','ç ”å‘éƒ¨é—¨','/tool/gen/edit','127.0.0.1','å†…ç½‘IP','{\"tableId\":[\"5\"],\"tableName\":[\"clean\"],\"tableComment\":[\"å«ç”Ÿè¡¨\"],\"className\":[\"Clean\"],\"functionAuthor\":[\"SJY\"],\"remark\":[\"\"],\"columns[0].columnId\":[\"29\"],\"columns[0].sort\":[\"1\"],\"columns[0].columnComment\":[\"ID\"],\"columns[0].javaType\":[\"Long\"],\"columns[0].javaField\":[\"id\"],\"columns[0].isList\":[\"1\"],\"columns[0].queryType\":[\"EQ\"],\"columns[0].htmlType\":[\"input\"],\"columns[0].dictType\":[\"\"],\"columns[1].columnId\":[\"30\"],\"columns[1].sort\":[\"2\"],\"columns[1].columnComment\":[\"åœ°ç‚¹\"],\"columns[1].javaType\":[\"String\"],\"columns[1].javaField\":[\"place\"],\"columns[1].isInsert\":[\"1\"],\"columns[1].isEdit\":[\"1\"],\"columns[1].isList\":[\"1\"],\"columns[1].isQuery\":[\"1\"],\"columns[1].queryType\":[\"EQ\"],\"columns[1].htmlType\":[\"textarea\"],\"columns[1].dictType\":[\"\"],\"columns[2].columnId\":[\"31\"],\"columns[2].sort\":[\"3\"],\"columns[2].columnComment\":[\"é—®é¢˜\"],\"columns[2].javaType\":[\"String\"],\"columns[2].javaField\":[\"question\"],\"columns[2].isInsert\":[\"1\"],\"columns[2].isEdit\":[\"1\"],\"columns[2].isList\":[\"1\"],\"columns[2].isQuery\":[\"1\"],\"columns[2].queryType\":[\"LIKE\"],\"columns[2].htmlType\":[\"textarea\"],\"columns[2].dictType\":[\"\"],\"columns[3].columnId\":[\"32\"],\"columns[3].sort\":[\"4\"],\"columns[3].columnComment\":[\"å›¾ç‰‡\"],\"columns[3].javaType\":[\"String\"],\"columns[3].javaField\":[\"pic\"],\"columns[3].isInsert\":[\"1\"],\"columns[3].isEdit\":[\"1\"],\"columns[3].isList\":[\"1\"],\"columns[3].queryType\":[\"EQ\"],\"columns[3].htmlType\":[\"upload\"],\"columns[3].dictType\":[\"\"],\"columns[4].columnId\":[\"33\"],\"columns[4].sort\":[\"5\"],\"columns[4].columnComment\":[\"æ—¶é—´\"],\"columns[4].javaType\":[\"Date\"],\"columns[4].javaField\":[\"time\"],\"columns[4].isInsert\":[\"1\"],\"columns[4].isEdit\":[\"1\"],\"columns[4].isList\":[\"1\"],\"columns[4].isQuery\":[\"1\"],\"columns[4].queryType\":[\"EQ\"],\"columns[4].isRequired\":[\"1\"],\"columns[4].htmlType\":[\"datetime\"],\"columns[4].dictType\":[\"\"],\"columns[5].columnId\":[\"34\"],\"columns[5].sort\":[\"6\"],\"columns[5].columnComment\":[\"å®¡æ ¸äºº\"],\"columns[5].javaType\":[\"String\"],\"columns[5].javaField\":[\"name\"],\"columns[5].isInsert\":[\"1\"],\"columns[5].isEdit\":[\"1\"','{\"msg\":\"æ“ä½œæˆåŠŸ\",\"code\":0}',0,NULL,'2024-02-28 14:10:49'),(10,'ä»£ç ç”Ÿæˆ',8,'com.ruoyi.generator.controller.GenController.download()','GET',1,'admin','ç ”å‘éƒ¨é—¨','/tool/gen/download/clean','127.0.0.1','å†…ç½‘IP','\"clean\"',NULL,0,NULL,'2024-02-28 14:10:54'),(11,'å«ç”Ÿ',1,'com.ruoyi.work.controller.CleanController.addSave()','POST',1,'admin','ç ”å‘éƒ¨é—¨','/work/clean/add','127.0.0.1','å†…ç½‘IP','{\"place\":[\"J01 502\"],\"question\":[\"åœ°é¢ä¸å¹²å‡€\"],\"pic\":[\"\"],\"time\":[\"2024-02-09\"],\"name\":[\"\"]}','{\"msg\":\"æ“ä½œæˆåŠŸ\",\"code\":0}',0,NULL,'2024-02-28 14:18:52'),(12,'èœå•ç®¡ç†',3,'com.ruoyi.web.controller.system.SysMenuController.remove()','GET',1,'admin','ç ”å‘éƒ¨é—¨','/system/menu/remove/2007','127.0.0.1','å†…ç½‘IP','2007','{\"msg\":\"å­˜åœ¨å­èœå•,ä¸å…è®¸åˆ é™¤\",\"code\":301}',0,NULL,'2024-02-28 14:21:39'),(13,'èœå•ç®¡ç†',3,'com.ruoyi.web.controller.system.SysMenuController.remove()','GET',1,'admin','ç ”å‘éƒ¨é—¨','/system/menu/remove/2008','127.0.0.1','å†…ç½‘IP','2008','{\"msg\":\"æ“ä½œæˆåŠŸ\",\"code\":0}',0,NULL,'2024-02-28 14:21:44'),(14,'èœå•ç®¡ç†',3,'com.ruoyi.web.controller.system.SysMenuController.remove()','GET',1,'admin','ç ”å‘éƒ¨é—¨','/system/menu/remove/2009','127.0.0.1','å†…ç½‘IP','2009','{\"msg\":\"æ“ä½œæˆåŠŸ\",\"code\":0}',0,NULL,'2024-02-28 14:21:48'),(15,'èœå•ç®¡ç†',3,'com.ruoyi.web.controller.system.SysMenuController.remove()','GET',1,'admin','ç ”å‘éƒ¨é—¨','/system/menu/remove/2010','127.0.0.1','å†…ç½‘IP','2010','{\"msg\":\"æ“ä½œæˆåŠŸ\",\"code\":0}',0,NULL,'2024-02-28 14:21:52'),(16,'èœå•ç®¡ç†',3,'com.ruoyi.web.controller.system.SysMenuController.remove()','GET',1,'admin','ç ”å‘éƒ¨é—¨','/system/menu/remove/2011','127.0.0.1','å†…ç½‘IP','2011','{\"msg\":\"æ“ä½œæˆåŠŸ\",\"code\":0}',0,NULL,'2024-02-28 14:21:58'),(17,'èœå•ç®¡ç†',3,'com.ruoyi.web.controller.system.SysMenuController.remove()','GET',1,'admin','ç ”å‘éƒ¨é—¨','/system/menu/remove/2012','127.0.0.1','å†…ç½‘IP','2012','{\"msg\":\"æ“ä½œæˆåŠŸ\",\"code\":0}',0,NULL,'2024-02-28 14:22:02'),(18,'èœå•ç®¡ç†',3,'com.ruoyi.web.controller.system.SysMenuController.remove()','GET',1,'admin','ç ”å‘éƒ¨é—¨','/system/menu/remove/2007','127.0.0.1','å†…ç½‘IP','2007','{\"msg\":\"æ“ä½œæˆåŠŸ\",\"code\":0}',0,NULL,'2024-02-28 14:22:06'),(19,'ä»£ç ç”Ÿæˆ',2,'com.ruoyi.generator.controller.GenController.editSave()','POST',1,'admin','ç ”å‘éƒ¨é—¨','/tool/gen/edit','127.0.0.1','å†…ç½‘IP','{\"tableId\":[\"5\"],\"tableName\":[\"clean\"],\"tableComment\":[\"å«ç”Ÿè¡¨\"],\"className\":[\"Clean\"],\"functionAuthor\":[\"SJY\"],\"remark\":[\"\"],\"columns[0].columnId\":[\"29\"],\"columns[0].sort\":[\"1\"],\"columns[0].columnComment\":[\"ID\"],\"columns[0].javaType\":[\"Long\"],\"columns[0].javaField\":[\"id\"],\"columns[0].isList\":[\"1\"],\"columns[0].queryType\":[\"EQ\"],\"columns[0].htmlType\":[\"input\"],\"columns[0].dictType\":[\"\"],\"columns[1].columnId\":[\"30\"],\"columns[1].sort\":[\"2\"],\"columns[1].columnComment\":[\"åœ°ç‚¹\"],\"columns[1].javaType\":[\"String\"],\"columns[1].javaField\":[\"place\"],\"columns[1].isInsert\":[\"1\"],\"columns[1].isEdit\":[\"1\"],\"columns[1].isList\":[\"1\"],\"columns[1].isQuery\":[\"1\"],\"columns[1].queryType\":[\"EQ\"],\"columns[1].htmlType\":[\"textarea\"],\"columns[1].dictType\":[\"\"],\"columns[2].columnId\":[\"31\"],\"columns[2].sort\":[\"3\"],\"columns[2].columnComment\":[\"é—®é¢˜\"],\"columns[2].javaType\":[\"String\"],\"columns[2].javaField\":[\"question\"],\"columns[2].isInsert\":[\"1\"],\"columns[2].isEdit\":[\"1\"],\"columns[2].isList\":[\"1\"],\"columns[2].isQuery\":[\"1\"],\"columns[2].queryType\":[\"LIKE\"],\"columns[2].htmlType\":[\"textarea\"],\"columns[2].dictType\":[\"\"],\"columns[3].columnId\":[\"32\"],\"columns[3].sort\":[\"4\"],\"columns[3].columnComment\":[\"å›¾ç‰‡\"],\"columns[3].javaType\":[\"String\"],\"columns[3].javaField\":[\"pic\"],\"columns[3].isInsert\":[\"1\"],\"columns[3].isEdit\":[\"1\"],\"columns[3].isList\":[\"1\"],\"columns[3].queryType\":[\"EQ\"],\"columns[3].htmlType\":[\"upload\"],\"columns[3].dictType\":[\"\"],\"columns[4].columnId\":[\"33\"],\"columns[4].sort\":[\"5\"],\"columns[4].columnComment\":[\"æ—¶é—´\"],\"columns[4].javaType\":[\"Date\"],\"columns[4].javaField\":[\"time\"],\"columns[4].isInsert\":[\"1\"],\"columns[4].isEdit\":[\"1\"],\"columns[4].isList\":[\"1\"],\"columns[4].isQuery\":[\"1\"],\"columns[4].queryType\":[\"EQ\"],\"columns[4].htmlType\":[\"datetime\"],\"columns[4].dictType\":[\"\"],\"columns[5].columnId\":[\"34\"],\"columns[5].sort\":[\"6\"],\"columns[5].columnComment\":[\"å®¡æ ¸äºº\"],\"columns[5].javaType\":[\"String\"],\"columns[5].javaField\":[\"name\"],\"columns[5].isInsert\":[\"1\"],\"columns[5].isEdit\":[\"1\"],\"columns[5].isList\":[\"1\"],\"c','{\"msg\":\"æ“ä½œæˆåŠŸ\",\"code\":0}',0,NULL,'2024-02-28 14:22:42'),(20,'ä»£ç ç”Ÿæˆ',8,'com.ruoyi.generator.controller.GenController.download()','GET',1,'admin','ç ”å‘éƒ¨é—¨','/tool/gen/download/clean','127.0.0.1','å†…ç½‘IP','\"clean\"',NULL,0,NULL,'2024-02-28 14:22:45'),(21,'å«ç”Ÿ',3,'com.ruoyi.work.controller.CleanController.remove()','POST',1,'admin','ç ”å‘éƒ¨é—¨','/work/clean/remove','127.0.0.1','å†…ç½‘IP','{\"ids\":[\"4\"]}','{\"msg\":\"æ“ä½œæˆåŠŸ\",\"code\":0}',0,NULL,'2024-02-28 14:24:05'),(22,'å«ç”Ÿ',3,'com.ruoyi.work.controller.CleanController.remove()','POST',1,'admin','ç ”å‘éƒ¨é—¨','/work/clean/remove','127.0.0.1','å†…ç½‘IP','{\"ids\":[\"5\"]}','{\"msg\":\"æ“ä½œæˆåŠŸ\",\"code\":0}',0,NULL,'2024-02-28 14:24:06'),(23,'ä»£ç ç”Ÿæˆ',3,'com.ruoyi.generator.controller.GenController.remove()','POST',1,'admin','ç ”å‘éƒ¨é—¨','/tool/gen/remove','127.0.0.1','å†…ç½‘IP','{\"ids\":[\"5\"]}','{\"msg\":\"æ“ä½œæˆåŠŸ\",\"code\":0}',0,NULL,'2024-02-28 14:25:47'),(24,'ä»£ç ç”Ÿæˆ',6,'com.ruoyi.generator.controller.GenController.importTableSave()','POST',1,'admin','ç ”å‘éƒ¨é—¨','/tool/gen/importTable','127.0.0.1','å†…ç½‘IP','{\"tables\":[\"clean\"]}','{\"msg\":\"æ“ä½œæˆåŠŸ\",\"code\":0}',0,NULL,'2024-02-28 14:25:50'),(25,'ä»£ç ç”Ÿæˆ',2,'com.ruoyi.generator.controller.GenController.editSave()','POST',1,'admin','ç ”å‘éƒ¨é—¨','/tool/gen/edit','127.0.0.1','å†…ç½‘IP','{\"tableId\":[\"6\"],\"tableName\":[\"clean\"],\"tableComment\":[\"å«ç”Ÿè¡¨\"],\"className\":[\"Clean\"],\"functionAuthor\":[\"SJY\"],\"remark\":[\"\"],\"columns[0].columnId\":[\"35\"],\"columns[0].sort\":[\"1\"],\"columns[0].columnComment\":[\"ID\"],\"columns[0].javaType\":[\"Long\"],\"columns[0].javaField\":[\"id\"],\"columns[0].isList\":[\"1\"],\"columns[0].queryType\":[\"EQ\"],\"columns[0].htmlType\":[\"input\"],\"columns[0].dictType\":[\"\"],\"columns[1].columnId\":[\"36\"],\"columns[1].sort\":[\"2\"],\"columns[1].columnComment\":[\"åœ°ç‚¹\"],\"columns[1].javaType\":[\"String\"],\"columns[1].javaField\":[\"place\"],\"columns[1].isInsert\":[\"1\"],\"columns[1].isEdit\":[\"1\"],\"columns[1].isList\":[\"1\"],\"columns[1].isQuery\":[\"1\"],\"columns[1].queryType\":[\"EQ\"],\"columns[1].htmlType\":[\"textarea\"],\"columns[1].dictType\":[\"\"],\"columns[2].columnId\":[\"37\"],\"columns[2].sort\":[\"3\"],\"columns[2].columnComment\":[\"é—®é¢˜\"],\"columns[2].javaType\":[\"String\"],\"columns[2].javaField\":[\"question\"],\"columns[2].isInsert\":[\"1\"],\"columns[2].isEdit\":[\"1\"],\"columns[2].isList\":[\"1\"],\"columns[2].isQuery\":[\"1\"],\"columns[2].queryType\":[\"LIKE\"],\"columns[2].htmlType\":[\"textarea\"],\"columns[2].dictType\":[\"\"],\"columns[3].columnId\":[\"38\"],\"columns[3].sort\":[\"4\"],\"columns[3].columnComment\":[\"å›¾ç‰‡\"],\"columns[3].javaType\":[\"String\"],\"columns[3].javaField\":[\"pic\"],\"columns[3].isInsert\":[\"1\"],\"columns[3].isEdit\":[\"1\"],\"columns[3].isList\":[\"1\"],\"columns[3].queryType\":[\"EQ\"],\"columns[3].htmlType\":[\"upload\"],\"columns[3].dictType\":[\"\"],\"columns[4].columnId\":[\"39\"],\"columns[4].sort\":[\"5\"],\"columns[4].columnComment\":[\"æ—¶é—´\"],\"columns[4].javaType\":[\"Date\"],\"columns[4].javaField\":[\"time\"],\"columns[4].isInsert\":[\"1\"],\"columns[4].isEdit\":[\"1\"],\"columns[4].isList\":[\"1\"],\"columns[4].isQuery\":[\"1\"],\"columns[4].queryType\":[\"EQ\"],\"columns[4].htmlType\":[\"datetime\"],\"columns[4].dictType\":[\"\"],\"columns[5].columnId\":[\"40\"],\"columns[5].sort\":[\"6\"],\"columns[5].columnComment\":[\"å®¡æ ¸äºº\"],\"columns[5].javaType\":[\"String\"],\"columns[5].javaField\":[\"name\"],\"columns[5].isInsert\":[\"1\"],\"columns[5].isEdit\":[\"1\"],\"columns[5].isList\":[\"1\"],\"c','{\"msg\":\"æ“ä½œæˆåŠŸ\",\"code\":0}',0,NULL,'2024-02-28 14:26:42'),(26,'èœå•ç®¡ç†',3,'com.ruoyi.web.controller.system.SysMenuController.remove()','GET',1,'admin','ç ”å‘éƒ¨é—¨','/system/menu/remove/2014','127.0.0.1','å†…ç½‘IP','2014','{\"msg\":\"æ“ä½œæˆåŠŸ\",\"code\":0}',0,NULL,'2024-02-28 14:26:52'),(27,'èœå•ç®¡ç†',3,'com.ruoyi.web.controller.system.SysMenuController.remove()','GET',1,'admin','ç ”å‘éƒ¨é—¨','/system/menu/remove/2015','127.0.0.1','å†…ç½‘IP','2015','{\"msg\":\"æ“ä½œæˆåŠŸ\",\"code\":0}',0,NULL,'2024-02-28 14:26:56'),(28,'èœå•ç®¡ç†',3,'com.ruoyi.web.controller.system.SysMenuController.remove()','GET',1,'admin','ç ”å‘éƒ¨é—¨','/system/menu/remove/2016','127.0.0.1','å†…ç½‘IP','2016','{\"msg\":\"æ“ä½œæˆåŠŸ\",\"code\":0}',0,NULL,'2024-02-28 14:27:00'),(29,'èœå•ç®¡ç†',3,'com.ruoyi.web.controller.system.SysMenuController.remove()','GET',1,'admin','ç ”å‘éƒ¨é—¨','/system/menu/remove/2017','127.0.0.1','å†…ç½‘IP','2017','{\"msg\":\"æ“ä½œæˆåŠŸ\",\"code\":0}',0,NULL,'2024-02-28 14:27:05'),(30,'èœå•ç®¡ç†',3,'com.ruoyi.web.controller.system.SysMenuController.remove()','GET',1,'admin','ç ”å‘éƒ¨é—¨','/system/menu/remove/2018','127.0.0.1','å†…ç½‘IP','2018','{\"msg\":\"æ“ä½œæˆåŠŸ\",\"code\":0}',0,NULL,'2024-02-28 14:27:10'),(31,'èœå•ç®¡ç†',3,'com.ruoyi.web.controller.system.SysMenuController.remove()','GET',1,'admin','ç ”å‘éƒ¨é—¨','/system/menu/remove/2013','127.0.0.1','å†…ç½‘IP','2013','{\"msg\":\"æ“ä½œæˆåŠŸ\",\"code\":0}',0,NULL,'2024-02-28 14:27:15'),(32,'ä»£ç ç”Ÿæˆ',8,'com.ruoyi.generator.controller.GenController.download()','GET',1,'admin','ç ”å‘éƒ¨é—¨','/tool/gen/download/clean','127.0.0.1','å†…ç½‘IP','\"clean\"',NULL,0,NULL,'2024-02-28 14:27:39'),(33,'å«ç”Ÿ',1,'com.ruoyi.work.controller.CleanController.addSave()','POST',1,'admin','ç ”å‘éƒ¨é—¨','/work/clean/add','127.0.0.1','å†…ç½‘IP','{\"place\":[\"dads\"],\"question\":[\"safadas\"],\"pic\":[\"\"],\"time\":[\"\"],\"name\":[\"\"]}','{\"msg\":\"æ“ä½œæˆåŠŸ\",\"code\":0}',0,NULL,'2024-02-28 14:28:34'),(34,'å«ç”Ÿ',1,'com.ruoyi.work.controller.CleanController.addSave()','POST',1,'admin','ç ”å‘éƒ¨é—¨','/work/clean/add','127.0.0.1','å†…ç½‘IP','{\"place\":[\"asdasda\"],\"question\":[\"fsasd\"],\"pic\":[\"\"],\"time\":[\"\"],\"name\":[\"123\"]}','{\"msg\":\"æ“ä½œæˆåŠŸ\",\"code\":0}',0,NULL,'2024-02-28 14:31:54'),(35,'èœå•ç®¡ç†',3,'com.ruoyi.web.controller.system.SysMenuController.remove()','GET',1,'admin','ç ”å‘éƒ¨é—¨','/system/menu/remove/2020','127.0.0.1','å†…ç½‘IP','2020','{\"msg\":\"æ“ä½œæˆåŠŸ\",\"code\":0}',0,NULL,'2024-02-28 14:55:40'),(36,'èœå•ç®¡ç†',3,'com.ruoyi.web.controller.system.SysMenuController.remove()','GET',1,'admin','ç ”å‘éƒ¨é—¨','/system/menu/remove/2021','127.0.0.1','å†…ç½‘IP','2021','{\"msg\":\"æ“ä½œæˆåŠŸ\",\"code\":0}',0,NULL,'2024-02-28 14:55:44'),(37,'èœå•ç®¡ç†',3,'com.ruoyi.web.controller.system.SysMenuController.remove()','GET',1,'admin','ç ”å‘éƒ¨é—¨','/system/menu/remove/2022','127.0.0.1','å†…ç½‘IP','2022','{\"msg\":\"æ“ä½œæˆåŠŸ\",\"code\":0}',0,NULL,'2024-02-28 14:55:49'),(38,'èœå•ç®¡ç†',3,'com.ruoyi.web.controller.system.SysMenuController.remove()','GET',1,'admin','ç ”å‘éƒ¨é—¨','/system/menu/remove/2023','127.0.0.1','å†…ç½‘IP','2023','{\"msg\":\"æ“ä½œæˆåŠŸ\",\"code\":0}',0,NULL,'2024-02-28 14:55:53'),(39,'èœå•ç®¡ç†',3,'com.ruoyi.web.controller.system.SysMenuController.remove()','GET',1,'admin','ç ”å‘éƒ¨é—¨','/system/menu/remove/2024','127.0.0.1','å†…ç½‘IP','2024','{\"msg\":\"æ“ä½œæˆåŠŸ\",\"code\":0}',0,NULL,'2024-02-28 14:55:57'),(40,'èœå•ç®¡ç†',3,'com.ruoyi.web.controller.system.SysMenuController.remove()','GET',1,'admin','ç ”å‘éƒ¨é—¨','/system/menu/remove/2019','127.0.0.1','å†…ç½‘IP','2019','{\"msg\":\"æ“ä½œæˆåŠŸ\",\"code\":0}',0,NULL,'2024-02-28 14:56:01'),(41,'ä»£ç ç”Ÿæˆ',3,'com.ruoyi.generator.controller.GenController.remove()','POST',1,'admin','ç ”å‘éƒ¨é—¨','/tool/gen/remove','127.0.0.1','å†…ç½‘IP','{\"ids\":[\"6\"]}','{\"msg\":\"æ“ä½œæˆåŠŸ\",\"code\":0}',0,NULL,'2024-02-28 14:56:16'),(42,'ä»£ç ç”Ÿæˆ',6,'com.ruoyi.generator.controller.GenController.importTableSave()','POST',1,'admin','ç ”å‘éƒ¨é—¨','/tool/gen/importTable','127.0.0.1','å†…ç½‘IP','{\"tables\":[\"clean\"]}','{\"msg\":\"æ“ä½œæˆåŠŸ\",\"code\":0}',0,NULL,'2024-02-28 14:56:19'),(43,'ä»£ç ç”Ÿæˆ',2,'com.ruoyi.generator.controller.GenController.editSave()','POST',1,'admin','ç ”å‘éƒ¨é—¨','/tool/gen/edit','127.0.0.1','å†…ç½‘IP','{\"tableId\":[\"7\"],\"tableName\":[\"clean\"],\"tableComment\":[\"å«ç”Ÿè¡¨\"],\"className\":[\"Clean\"],\"functionAuthor\":[\"SJY\"],\"remark\":[\"\"],\"columns[0].columnId\":[\"41\"],\"columns[0].sort\":[\"1\"],\"columns[0].columnComment\":[\"ID\"],\"columns[0].javaType\":[\"Long\"],\"columns[0].javaField\":[\"id\"],\"columns[0].isList\":[\"1\"],\"columns[0].queryType\":[\"EQ\"],\"columns[0].htmlType\":[\"input\"],\"columns[0].dictType\":[\"\"],\"columns[1].columnId\":[\"42\"],\"columns[1].sort\":[\"2\"],\"columns[1].columnComment\":[\"åœ°ç‚¹\"],\"columns[1].javaType\":[\"String\"],\"columns[1].javaField\":[\"place\"],\"columns[1].isInsert\":[\"1\"],\"columns[1].isEdit\":[\"1\"],\"columns[1].isList\":[\"1\"],\"columns[1].isQuery\":[\"1\"],\"columns[1].queryType\":[\"LIKE\"],\"columns[1].htmlType\":[\"textarea\"],\"columns[1].dictType\":[\"\"],\"columns[2].columnId\":[\"43\"],\"columns[2].sort\":[\"3\"],\"columns[2].columnComment\":[\"é—®é¢˜\"],\"columns[2].javaType\":[\"String\"],\"columns[2].javaField\":[\"question\"],\"columns[2].isInsert\":[\"1\"],\"columns[2].isEdit\":[\"1\"],\"columns[2].isList\":[\"1\"],\"columns[2].queryType\":[\"EQ\"],\"columns[2].htmlType\":[\"textarea\"],\"columns[2].dictType\":[\"\"],\"columns[3].columnId\":[\"44\"],\"columns[3].sort\":[\"4\"],\"columns[3].columnComment\":[\"å›¾ç‰‡\"],\"columns[3].javaType\":[\"String\"],\"columns[3].javaField\":[\"pic\"],\"columns[3].isInsert\":[\"1\"],\"columns[3].isEdit\":[\"1\"],\"columns[3].isList\":[\"1\"],\"columns[3].queryType\":[\"EQ\"],\"columns[3].htmlType\":[\"upload\"],\"columns[3].dictType\":[\"\"],\"columns[4].columnId\":[\"45\"],\"columns[4].sort\":[\"5\"],\"columns[4].columnComment\":[\"æ—¶é—´\"],\"columns[4].javaType\":[\"Date\"],\"columns[4].javaField\":[\"time\"],\"columns[4].isInsert\":[\"1\"],\"columns[4].isEdit\":[\"1\"],\"columns[4].isList\":[\"1\"],\"columns[4].isQuery\":[\"1\"],\"columns[4].queryType\":[\"EQ\"],\"columns[4].htmlType\":[\"datetime\"],\"columns[4].dictType\":[\"\"],\"columns[5].columnId\":[\"46\"],\"columns[5].sort\":[\"6\"],\"columns[5].columnComment\":[\"å®¡æ ¸äºº\"],\"columns[5].javaType\":[\"String\"],\"columns[5].javaField\":[\"name\"],\"columns[5].isInsert\":[\"1\"],\"columns[5].isEdit\":[\"1\"],\"columns[5].isList\":[\"1\"],\"columns[5].isQuery\":[\"1\"],\"c','{\"msg\":\"æ“ä½œæˆåŠŸ\",\"code\":0}',0,NULL,'2024-02-28 14:57:17'),(44,'ä»£ç ç”Ÿæˆ',8,'com.ruoyi.generator.controller.GenController.download()','GET',1,'admin','ç ”å‘éƒ¨é—¨','/tool/gen/download/clean','127.0.0.1','å†…ç½‘IP','\"clean\"',NULL,0,NULL,'2024-02-28 14:57:20'),(45,'èœå•ç®¡ç†',3,'com.ruoyi.web.controller.system.SysMenuController.remove()','GET',1,'admin','ç ”å‘éƒ¨é—¨','/system/menu/remove/4','127.0.0.1','å†…ç½‘IP','4','{\"msg\":\"èœå•å·²åˆ†é…,ä¸å…è®¸åˆ é™¤\",\"code\":301}',0,NULL,'2024-02-29 09:42:18'),(46,'èœå•ç®¡ç†',3,'com.ruoyi.web.controller.system.SysMenuController.remove()','GET',1,'admin','ç ”å‘éƒ¨é—¨','/system/menu/remove/4','127.0.0.1','å†…ç½‘IP','4','{\"msg\":\"èœå•å·²åˆ†é…,ä¸å…è®¸åˆ é™¤\",\"code\":301}',0,NULL,'2024-02-29 09:43:01'),(47,'ç”¨æˆ·ç®¡ç†',1,'com.ruoyi.web.controller.system.SysUserController.addSave()','POST',1,'admin','ç ”å‘éƒ¨é—¨','/system/user/add','127.0.0.1','å†…ç½‘IP','{\"deptId\":[\"\"],\"userName\":[\"gjb\"],\"deptName\":[\"\"],\"phonenumber\":[\"\"],\"email\":[\"\"],\"loginName\":[\"fgh\"],\"sex\":[\"0\"],\"role\":[\"2\"],\"remark\":[\"\"],\"status\":[\"0\"],\"roleIds\":[\"2\"],\"postIds\":[\"4\"]}','{\"msg\":\"æ“ä½œæˆåŠŸ\",\"code\":0}',0,NULL,'2024-02-29 10:16:42'),(48,'ç”¨æˆ·ç®¡ç†',2,'com.ruoyi.web.controller.system.SysUserController.editSave()','POST',1,'admin','ç ”å‘éƒ¨é—¨','/system/user/edit','127.0.0.1','å†…ç½‘IP','{\"userId\":[\"3\"],\"deptId\":[\"\"],\"userName\":[\"å‰å‰\"],\"dept.deptName\":[\"\"],\"phonenumber\":[\"\"],\"email\":[\"\"],\"loginName\":[\"fgh\"],\"sex\":[\"0\"],\"role\":[\"2\"],\"remark\":[\"\"],\"status\":[\"0\"],\"roleIds\":[\"2\"],\"postIds\":[\"1\"]}','{\"msg\":\"æ“ä½œæˆåŠŸ\",\"code\":0}',0,NULL,'2024-02-29 10:17:59'),(49,'è§’è‰²ç®¡ç†',2,'com.ruoyi.web.controller.system.SysRoleController.editSave()','POST',1,'admin','ç ”å‘éƒ¨é—¨','/system/role/edit','127.0.0.1','å†…ç½‘IP','{\"roleId\":[\"2\"],\"roleName\":[\"æ™®é€šè§’è‰²\"],\"roleKey\":[\"common\"],\"roleSort\":[\"2\"],\"status\":[\"0\"],\"remark\":[\"æ™®é€šè§’è‰²\"],\"menuIds\":[\"2006,2025,2026,2027,2028,2029,2030\"]}','{\"msg\":\"æ“ä½œæˆåŠŸ\",\"code\":0}',0,NULL,'2024-02-29 10:19:45'),(50,'å«ç”Ÿ',1,'com.ruoyi.work.controller.CleanController.addSave()','POST',1,'admin','ç ”å‘éƒ¨é—¨','/work/clean/add','127.0.0.1','å†…ç½‘IP','{\"place\":[\"asdsa\"],\"question\":[\"sad\"],\"pic\":[\"/image/upload/2024/03/01/4a4161f8-cc47-4dfd-acd0-4ba4cb0cab83.jpg\"],\"time\":[\"\"],\"name\":[\"\"]}','{\"msg\":\"æ“ä½œæˆåŠŸ\",\"code\":0}',0,NULL,'2024-03-01 08:25:18'),(51,'å«ç”Ÿ',5,'com.ruoyi.work.controller.CleanController.export()','POST',1,'admin','ç ”å‘éƒ¨é—¨','/work/clean/export','127.0.0.1','å†…ç½‘IP','{\"time\":[\"\"],\"name\":[\"\"],\"orderByColumn\":[\"\"],\"isAsc\":[\"asc\"]}','{\"msg\":\"e1122acd-df06-4a48-9d40-4434de2cb437_clean.xlsx\",\"code\":0}',0,NULL,'2024-03-01 08:27:26'),(52,'å«ç”Ÿ',1,'com.ruoyi.work.controller.CleanController.addSave()','POST',1,'admin','ç ”å‘éƒ¨é—¨','/work/clean/add','127.0.0.1','å†…ç½‘IP','{\"place\":[\"\"],\"question\":[\"\"],\"pic\":[\"\"],\"time\":[\"2024-02-20\"],\"name\":[\"\"]}','{\"msg\":\"æ“ä½œæˆåŠŸ\",\"code\":0}',0,NULL,'2024-03-01 08:37:31'),(53,'å«ç”Ÿ',3,'com.ruoyi.work.controller.CleanController.remove()','POST',1,'admin','ç ”å‘éƒ¨é—¨','/work/clean/remove','127.0.0.1','å†…ç½‘IP','{\"ids\":[\"15\"]}','{\"msg\":\"æ“ä½œæˆåŠŸ\",\"code\":0}',0,NULL,'2024-03-01 08:37:39'),(54,'å«ç”Ÿ',5,'com.ruoyi.work.controller.CleanController.export()','POST',1,'admin','ç ”å‘éƒ¨é—¨','/work/clean/export','127.0.0.1','å†…ç½‘IP','{\"time\":[\"\"],\"name\":[\"\"],\"orderByColumn\":[\"\"],\"isAsc\":[\"asc\"]}','{\"msg\":\"8a44599e-a8fe-4df9-b4c7-85a912e7d2ec_clean.xlsx\",\"code\":0}',0,NULL,'2024-03-01 09:01:17'),(55,'å«ç”Ÿ',5,'com.ruoyi.work.controller.CleanController.export()','POST',1,'admin','ç ”å‘éƒ¨é—¨','/work/clean/export','127.0.0.1','å†…ç½‘IP','{\"time\":[\"\"],\"name\":[\"\"],\"orderByColumn\":[\"\"],\"isAsc\":[\"asc\"]}','{\"msg\":\"95188a66-9752-4a67-87b5-be320357a83e_clean.xlsx\",\"code\":0}',0,NULL,'2024-03-01 09:19:33'),(56,'å«ç”Ÿ',5,'com.ruoyi.work.controller.CleanController.export()','POST',1,'admin','ç ”å‘éƒ¨é—¨','/work/clean/export','127.0.0.1','å†…ç½‘IP','{\"time\":[\"\"],\"name\":[\"\"],\"orderByColumn\":[\"\"],\"isAsc\":[\"asc\"]}','{\"msg\":\"728e861b-7841-40c6-9464-cca96c92c1a1_clean.xlsx\",\"code\":0}',0,NULL,'2024-03-01 09:40:42'),(57,'å«ç”Ÿ',5,'com.ruoyi.work.controller.CleanController.export()','POST',1,'admin','ç ”å‘éƒ¨é—¨','/work/clean/export','127.0.0.1','å†…ç½‘IP','{\"time\":[\"\"],\"name\":[\"\"],\"orderByColumn\":[\"\"],\"isAsc\":[\"asc\"]}','{\"msg\":\"8d6ce174-2cf3-4ee2-a30a-a1600cc0f2d9_clean.xlsx\",\"code\":0}',0,NULL,'2024-03-01 09:43:19'),(58,'å«ç”Ÿ',5,'com.ruoyi.work.controller.CleanController.export()','POST',1,'admin','ç ”å‘éƒ¨é—¨','/work/clean/export','127.0.0.1','å†…ç½‘IP','{\"time\":[\"\"],\"name\":[\"\"],\"orderByColumn\":[\"\"],\"isAsc\":[\"asc\"]}','{\"msg\":\"aa782ed0-70f4-41ae-a2d6-d0c67f7b9190_clean.xlsx\",\"code\":0}',0,NULL,'2024-03-01 10:01:28'),(59,'å«ç”Ÿ',5,'com.ruoyi.work.controller.CleanController.export()','POST',1,'admin','ç ”å‘éƒ¨é—¨','/work/clean/export','127.0.0.1','å†…ç½‘IP','{\"time\":[\"\"],\"name\":[\"\"],\"orderByColumn\":[\"\"],\"isAsc\":[\"asc\"]}','{\"msg\":\"8fbb0cc3-3c70-43ac-8f58-d4fbb05c37d8_clean.xlsx\",\"code\":0}',0,NULL,'2024-03-01 10:03:18'),(60,'å«ç”Ÿ',5,'com.ruoyi.work.controller.CleanController.export()','POST',1,'admin','ç ”å‘éƒ¨é—¨','/work/clean/export','127.0.0.1','å†…ç½‘IP','{\"time\":[\"\"],\"name\":[\"\"],\"orderByColumn\":[\"\"],\"isAsc\":[\"asc\"]}','{\"msg\":\"98a9302a-7fc0-48c2-b4a8-87af7fb84281_clean.xlsx\",\"code\":0}',0,NULL,'2024-03-01 10:54:11'),(61,'å«ç”Ÿ',1,'com.ruoyi.work.controller.CleanController.addSave()','POST',1,'admin','ç ”å‘éƒ¨é—¨','/work/clean/add','127.0.0.1','å†…ç½‘IP','{\"place\":[\"\"],\"question\":[\"\"],\"pic\":[\"/image/upload/2024/03/01/c7d55b84-e163-4277-b8e6-5c60238042d9.jpg\"],\"time\":[\"\"],\"name\":[\"\"]}','{\"msg\":\"æ“ä½œæˆåŠŸ\",\"code\":0}',0,NULL,'2024-03-01 10:56:59'),(62,'å«ç”Ÿ',1,'com.ruoyi.work.controller.CleanController.addSave()','POST',1,'admin','ç ”å‘éƒ¨é—¨','/work/clean/add','127.0.0.1','å†…ç½‘IP','{\"place\":[\"\"],\"question\":[\"\"],\"pic\":[\"\"],\"time\":[\"\"],\"name\":[\"\"]}','{\"msg\":\"æ“ä½œæˆåŠŸ\",\"code\":0}',0,NULL,'2024-03-01 10:57:52'),(63,'å«ç”Ÿ',1,'com.ruoyi.work.controller.CleanController.addSave()','POST',1,'admin','ç ”å‘éƒ¨é—¨','/work/clean/add','127.0.0.1','å†…ç½‘IP','{\"place\":[\"\"],\"question\":[\"\"],\"pic\":[\"\"],\"time\":[\"\"],\"name\":[\"\"]}','{\"msg\":\"æ“ä½œæˆåŠŸ\",\"code\":0}',0,NULL,'2024-03-01 10:58:01'),(64,'å«ç”Ÿ',1,'com.ruoyi.work.controller.CleanController.addSave()','POST',1,'admin','ç ”å‘éƒ¨é—¨','/work/clean/add','127.0.0.1','å†…ç½‘IP','{\"place\":[\"\"],\"question\":[\"\"],\"pic\":[\"http://localhost/profile/upload/2024/03/01/c3bdc997-24a4-4cfb-a49b-51c8b28e019e.jpg\"],\"time\":[\"\"],\"name\":[\"\"]}','{\"msg\":\"æ“ä½œæˆåŠŸ\",\"code\":0}',0,NULL,'2024-03-01 11:00:20'),(65,'å«ç”Ÿ',5,'com.ruoyi.work.controller.CleanController.export()','POST',1,'admin','ç ”å‘éƒ¨é—¨','/work/clean/export','127.0.0.1','å†…ç½‘IP','{\"time\":[\"\"],\"name\":[\"\"],\"orderByColumn\":[\"\"],\"isAsc\":[\"asc\"]}','{\"msg\":\"6c090b85-d2ed-4ab9-8084-5aab6127066f_clean.xlsx\",\"code\":0}',0,NULL,'2024-03-01 11:00:49'),(66,'å«ç”Ÿ',5,'com.ruoyi.work.controller.CleanController.export()','POST',1,'admin','ç ”å‘éƒ¨é—¨','/work/clean/export','127.0.0.1','å†…ç½‘IP','{\"time\":[\"\"],\"name\":[\"\"],\"orderByColumn\":[\"\"],\"isAsc\":[\"asc\"]}','{\"msg\":\"ba8650e2-9427-4bd9-885e-54e394bde128_clean.xlsx\",\"code\":0}',0,NULL,'2024-03-04 08:24:51'),(67,'å«ç”Ÿ',3,'com.ruoyi.work.controller.CleanController.remove()','POST',1,'admin','ç ”å‘éƒ¨é—¨','/work/clean/remove','127.0.0.1','å†…ç½‘IP','{\"ids\":[\"13\"]}','{\"msg\":\"æ“ä½œæˆåŠŸ\",\"code\":0}',0,NULL,'2024-03-04 08:25:21'),(68,'å«ç”Ÿ',3,'com.ruoyi.work.controller.CleanController.remove()','POST',1,'admin','ç ”å‘éƒ¨é—¨','/work/clean/remove','127.0.0.1','å†…ç½‘IP','{\"ids\":[\"14\"]}','{\"msg\":\"æ“ä½œæˆåŠŸ\",\"code\":0}',0,NULL,'2024-03-04 08:25:23'),(69,'å«ç”Ÿ',3,'com.ruoyi.work.controller.CleanController.remove()','POST',1,'admin','ç ”å‘éƒ¨é—¨','/work/clean/remove','127.0.0.1','å†…ç½‘IP','{\"ids\":[\"16\"]}','{\"msg\":\"æ“ä½œæˆåŠŸ\",\"code\":0}',0,NULL,'2024-03-04 08:25:24'),(70,'å«ç”Ÿ',3,'com.ruoyi.work.controller.CleanController.remove()','POST',1,'admin','ç ”å‘éƒ¨é—¨','/work/clean/remove','127.0.0.1','å†…ç½‘IP','{\"ids\":[\"17\"]}','{\"msg\":\"æ“ä½œæˆåŠŸ\",\"code\":0}',0,NULL,'2024-03-04 08:25:26'),(71,'å«ç”Ÿ',3,'com.ruoyi.work.controller.CleanController.remove()','POST',1,'admin','ç ”å‘éƒ¨é—¨','/work/clean/remove','127.0.0.1','å†…ç½‘IP','{\"ids\":[\"18\"]}','{\"msg\":\"æ“ä½œæˆåŠŸ\",\"code\":0}',0,NULL,'2024-03-04 08:25:27'),(72,'å«ç”Ÿ',1,'com.ruoyi.work.controller.CleanController.addSave()','POST',1,'admin','ç ”å‘éƒ¨é—¨','/work/clean/add','127.0.0.1','å†…ç½‘IP','{\"place\":[\"\"],\"question\":[\"\"],\"pic\":[\"http://localhost/profile/upload/2024/03/04/af47d413-7a47-455f-b29a-a4da863b4cb1.jpg\"],\"time\":[\"\"],\"name\":[\"\"]}','{\"msg\":\"æ“ä½œæˆåŠŸ\",\"code\":0}',0,NULL,'2024-03-04 08:25:37'),(73,'å«ç”Ÿ',5,'com.ruoyi.work.controller.CleanController.export()','POST',1,'admin','ç ”å‘éƒ¨é—¨','/work/clean/export','127.0.0.1','å†…ç½‘IP','{\"time\":[\"\"],\"name\":[\"\"],\"orderByColumn\":[\"\"],\"isAsc\":[\"asc\"]}','{\"msg\":\"ad50bddf-a7bc-47b4-932a-1f40de4afb27_clean.xlsx\",\"code\":0}',0,NULL,'2024-03-04 08:25:56'),(74,'å«ç”Ÿ',5,'com.ruoyi.work.controller.CleanController.export()','POST',1,'admin','ç ”å‘éƒ¨é—¨','/work/clean/export','127.0.0.1','å†…ç½‘IP','{\"time\":[\"\"],\"name\":[\"\"],\"orderByColumn\":[\"\"],\"isAsc\":[\"asc\"]}','{\"msg\":\"ef4745fd-4681-4e1e-a796-4f12246ff396_clean.xlsx\",\"code\":0}',0,NULL,'2024-03-04 08:29:05'),(75,'ä»£ç ç”Ÿæˆ',6,'com.ruoyi.generator.controller.GenController.importTableSave()','POST',1,'admin','ç ”å‘éƒ¨é—¨','/tool/gen/importTable','127.0.0.1','å†…ç½‘IP','{\"tables\":[\"safe\"]}','{\"msg\":\"æ“ä½œæˆåŠŸ\",\"code\":0}',0,NULL,'2024-03-04 08:52:25'),(76,'ä»£ç ç”Ÿæˆ',2,'com.ruoyi.generator.controller.GenController.editSave()','POST',1,'admin','ç ”å‘éƒ¨é—¨','/tool/gen/edit','127.0.0.1','å†…ç½‘IP','{\"tableId\":[\"8\"],\"tableName\":[\"safe\"],\"tableComment\":[\"ç»´ä¿®\"],\"className\":[\"Safe\"],\"functionAuthor\":[\"SJY\"],\"remark\":[\"\"],\"columns[0].columnId\":[\"47\"],\"columns[0].sort\":[\"1\"],\"columns[0].columnComment\":[\"ID\"],\"columns[0].javaType\":[\"Integer\"],\"columns[0].javaField\":[\"id\"],\"columns[0].isList\":[\"1\"],\"columns[0].queryType\":[\"EQ\"],\"columns[0].htmlType\":[\"input\"],\"columns[0].dictType\":[\"\"],\"columns[1].columnId\":[\"48\"],\"columns[1].sort\":[\"2\"],\"columns[1].columnComment\":[\"åœ°ç‚¹\"],\"columns[1].javaType\":[\"String\"],\"columns[1].javaField\":[\"place\"],\"columns[1].isInsert\":[\"1\"],\"columns[1].isEdit\":[\"1\"],\"columns[1].isList\":[\"1\"],\"columns[1].isQuery\":[\"1\"],\"columns[1].queryType\":[\"EQ\"],\"columns[1].htmlType\":[\"input\"],\"columns[1].dictType\":[\"\"],\"columns[2].columnId\":[\"49\"],\"columns[2].sort\":[\"3\"],\"columns[2].columnComment\":[\"åˆ†ç±»\"],\"columns[2].javaType\":[\"String\"],\"columns[2].javaField\":[\"type\"],\"columns[2].isInsert\":[\"1\"],\"columns[2].isEdit\":[\"1\"],\"columns[2].isList\":[\"1\"],\"columns[2].isQuery\":[\"1\"],\"columns[2].queryType\":[\"EQ\"],\"columns[2].htmlType\":[\"input\"],\"columns[2].dictType\":[\"\"],\"columns[3].columnId\":[\"50\"],\"columns[3].sort\":[\"4\"],\"columns[3].columnComment\":[\"é—®é¢˜\"],\"columns[3].javaType\":[\"String\"],\"columns[3].javaField\":[\"question\"],\"columns[3].isInsert\":[\"1\"],\"columns[3].isEdit\":[\"1\"],\"columns[3].isList\":[\"1\"],\"columns[3].isQuery\":[\"1\"],\"columns[3].queryType\":[\"EQ\"],\"columns[3].htmlType\":[\"textarea\"],\"columns[3].dictType\":[\"\"],\"columns[4].columnId\":[\"51\"],\"columns[4].sort\":[\"5\"],\"columns[4].columnComment\":[\"å›¾ç‰‡\"],\"columns[4].javaType\":[\"String\"],\"columns[4].javaField\":[\"pic\"],\"columns[4].isInsert\":[\"1\"],\"columns[4].isEdit\":[\"1\"],\"columns[4].isList\":[\"1\"],\"columns[4].queryType\":[\"EQ\"],\"columns[4].htmlType\":[\"upload\"],\"columns[4].dictType\":[\"\"],\"columns[5].columnId\":[\"52\"],\"columns[5].sort\":[\"6\"],\"columns[5].columnComment\":[\"æ—¶é—´\"],\"columns[5].javaType\":[\"Date\"],\"columns[5].javaField\":[\"time\"],\"columns[5].isInsert\":[\"1\"],\"columns[5].isEdit\":[\"1\"],\"columns[5].isList\":[\"1\"],\"columns[5]','{\"msg\":\"æ“ä½œæˆåŠŸ\",\"code\":0}',0,NULL,'2024-03-04 08:58:32'),(77,'ä»£ç ç”Ÿæˆ',8,'com.ruoyi.generator.controller.GenController.download()','GET',1,'admin','ç ”å‘éƒ¨é—¨','/tool/gen/download/safe','127.0.0.1','å†…ç½‘IP','\"safe\"',NULL,0,NULL,'2024-03-04 08:58:36'),(78,'ä»£ç ç”Ÿæˆ',8,'com.ruoyi.generator.controller.GenController.download()','GET',1,'admin','ç ”å‘éƒ¨é—¨','/tool/gen/download/clean','127.0.0.1','å†…ç½‘IP','\"clean\"',NULL,0,NULL,'2024-03-04 09:03:39'),(79,'èœå•ç®¡ç†',3,'com.ruoyi.web.controller.system.SysMenuController.remove()','GET',1,'admin','ç ”å‘éƒ¨é—¨','/system/menu/remove/2025','127.0.0.1','å†…ç½‘IP','2025','{\"msg\":\"å­˜åœ¨å­èœå•,ä¸å…è®¸åˆ é™¤\",\"code\":301}',0,NULL,'2024-03-04 09:26:51'),(80,'èœå•ç®¡ç†',3,'com.ruoyi.web.controller.system.SysMenuController.remove()','GET',1,'admin','ç ”å‘éƒ¨é—¨','/system/menu/remove/2030','127.0.0.1','å†…ç½‘IP','2030','{\"msg\":\"èœå•å·²åˆ†é…,ä¸å…è®¸åˆ é™¤\",\"code\":301}',0,NULL,'2024-03-04 09:31:10'),(81,'èœå•ç®¡ç†',3,'com.ruoyi.web.controller.system.SysMenuController.remove()','GET',1,'admin','ç ”å‘éƒ¨é—¨','/system/menu/remove/2030','127.0.0.1','å†…ç½‘IP','2030','{\"msg\":\"èœå•å·²åˆ†é…,ä¸å…è®¸åˆ é™¤\",\"code\":301}',0,NULL,'2024-03-04 09:31:20'),(82,'èœå•ç®¡ç†',3,'com.ruoyi.web.controller.system.SysMenuController.remove()','GET',1,'admin','ç ”å‘éƒ¨é—¨','/system/menu/remove/2026','127.0.0.1','å†…ç½‘IP','2026','{\"msg\":\"èœå•å·²åˆ†é…,ä¸å…è®¸åˆ é™¤\",\"code\":301}',0,NULL,'2024-03-04 09:31:25'),(83,'èœå•ç®¡ç†',3,'com.ruoyi.web.controller.system.SysMenuController.remove()','GET',1,'admin','ç ”å‘éƒ¨é—¨','/system/menu/remove/2038','127.0.0.1','å†…ç½‘IP','2038','{\"msg\":\"æ“ä½œæˆåŠŸ\",\"code\":0}',0,NULL,'2024-03-04 09:31:33'),(84,'èœå•ç®¡ç†',3,'com.ruoyi.web.controller.system.SysMenuController.remove()','GET',1,'admin','ç ”å‘éƒ¨é—¨','/system/menu/remove/2039','127.0.0.1','å†…ç½‘IP','2039','{\"msg\":\"æ“ä½œæˆåŠŸ\",\"code\":0}',0,NULL,'2024-03-04 09:31:37'),(85,'èœå•ç®¡ç†',3,'com.ruoyi.web.controller.system.SysMenuController.remove()','GET',1,'admin','ç ”å‘éƒ¨é—¨','/system/menu/remove/2040','127.0.0.1','å†…ç½‘IP','2040','{\"msg\":\"æ“ä½œæˆåŠŸ\",\"code\":0}',0,NULL,'2024-03-04 09:31:48'),(86,'èœå•ç®¡ç†',3,'com.ruoyi.web.controller.system.SysMenuController.remove()','GET',1,'admin','ç ”å‘éƒ¨é—¨','/system/menu/remove/2041','127.0.0.1','å†…ç½‘IP','2041','{\"msg\":\"æ“ä½œæˆåŠŸ\",\"code\":0}',0,NULL,'2024-03-04 09:31:53'),(87,'èœå•ç®¡ç†',3,'com.ruoyi.web.controller.system.SysMenuController.remove()','GET',1,'admin','ç ”å‘éƒ¨é—¨','/system/menu/remove/2042','127.0.0.1','å†…ç½‘IP','2042','{\"msg\":\"æ“ä½œæˆåŠŸ\",\"code\":0}',0,NULL,'2024-03-04 09:31:57'),(88,'èœå•ç®¡ç†',3,'com.ruoyi.web.controller.system.SysMenuController.remove()','GET',1,'admin','ç ”å‘éƒ¨é—¨','/system/menu/remove/2037','127.0.0.1','å†…ç½‘IP','2037','{\"msg\":\"æ“ä½œæˆåŠŸ\",\"code\":0}',0,NULL,'2024-03-04 09:32:01'),(89,'ç»´ä¿®',1,'com.ruoyi.work.controller.SafeController.addSave()','POST',1,'admin','ç ”å‘éƒ¨é—¨','/work/safe/add','127.0.0.1','å†…ç½‘IP','{\"place\":[\"æ’’æ—¦\"],\"type\":[\"\"],\"question\":[\"è¨è¾¾è¨è¾¾\"],\"pic\":[\"/image/upload/2024/03/04/14fcfe24-dfb6-4f89-8089-820a57b973dd.jpg\"],\"time\":[\"\"],\"name\":[\"\"]}','{\"msg\":\"æ“ä½œæˆåŠŸ\",\"code\":0}',0,NULL,'2024-03-04 09:32:29'),(90,'å«ç”Ÿ',1,'com.ruoyi.work.controller.CleanController.addSave()','POST',1,'admin','ç ”å‘éƒ¨é—¨','/work/clean/add','127.0.0.1','å†…ç½‘IP','{\"place\":[\"\"],\"question\":[\"\"],\"pic\":[\"/image/upload/2024/03/04/f61fa10c-353c-4b4d-91bc-fff6c251e11d.jpg\"],\"time\":[\"\"],\"name\":[\"\"]}','{\"msg\":\"æ“ä½œæˆåŠŸ\",\"code\":0}',0,NULL,'2024-03-04 09:33:01'),(91,'ç»´ä¿®',5,'com.ruoyi.work.controller.SafeController.export()','POST',1,'admin','ç ”å‘éƒ¨é—¨','/work/safe/export','127.0.0.1','å†…ç½‘IP','{\"place\":[\"\"],\"type\":[\"\"],\"time\":[\"\"],\"name\":[\"\"],\"orderByColumn\":[\"\"],\"isAsc\":[\"asc\"]}','{\"msg\":\"c26c32e6-86ff-4a99-9670-0b5e1add6052_safe.xlsx\",\"code\":0}',0,NULL,'2024-03-04 13:46:34'),(92,'ç»´ä¿®',5,'com.ruoyi.work.controller.SafeController.export()','POST',1,'admin','ç ”å‘éƒ¨é—¨','/work/safe/export','127.0.0.1','å†…ç½‘IP','{\"place\":[\"\"],\"type\":[\"\"],\"time\":[\"\"],\"name\":[\"\"],\"orderByColumn\":[\"\"],\"isAsc\":[\"asc\"]}','{\"msg\":\"075ee082-a62f-4e1e-8674-f9829beceb6a_safe.xlsx\",\"code\":0}',0,NULL,'2024-03-04 13:51:38'),(93,'ç”¨æˆ·ç®¡ç†',5,'com.ruoyi.web.controller.system.SysUserController.export()','POST',1,'admin','ç ”å‘éƒ¨é—¨','/system/user/export','127.0.0.1','å†…ç½‘IP','{\"deptId\":[\"\"],\"parentId\":[\"\"],\"loginName\":[\"\"],\"phonenumber\":[\"\"],\"status\":[\"\"],\"params[beginTime]\":[\"\"],\"params[endTime]\":[\"\"],\"orderByColumn\":[\"createTime\"],\"isAsc\":[\"desc\"]}','{\"msg\":\"d7d3833e-1d76-47b1-b24c-7d6d287d13ba_ç”¨æˆ·æ•°æ®.xlsx\",\"code\":0}',0,NULL,'2024-03-04 15:12:11'),(94,'å«ç”Ÿ',5,'com.ruoyi.work.controller.CleanController.export()','POST',1,'admin','ç ”å‘éƒ¨é—¨','/work/clean/export','127.0.0.1','å†…ç½‘IP','{\"time\":[\"\"],\"name\":[\"\"],\"orderByColumn\":[\"\"],\"isAsc\":[\"asc\"]}','{\"msg\":\"73d0161d-9868-4b5c-967e-33e0425b33e7_clean.xlsx\",\"code\":0}',0,NULL,'2024-03-05 08:58:16'),(95,'å«ç”Ÿ',3,'com.ruoyi.work.controller.CleanController.remove()','POST',1,'admin','ç ”å‘éƒ¨é—¨','/work/clean/remove','127.0.0.1','å†…ç½‘IP','{\"ids\":[\"19,20,22\"]}','{\"msg\":\"æ“ä½œæˆåŠŸ\",\"code\":0}',0,NULL,'2024-03-05 08:59:23'),(96,'å«ç”Ÿ',1,'com.ruoyi.work.controller.CleanController.addSave()','POST',1,'admin','ç ”å‘éƒ¨é—¨','/work/clean/add','127.0.0.1','å†…ç½‘IP','{\"place\":[\"å•Šå®æ‰“å®çš„\"],\"question\":[\"é˜¿æ¾å¤§\"],\"pic\":[\"/profile/upload/2024/03/05/3a1aecf1-1a7d-42cd-a715-077c93f06fc0.jpg\"],\"time\":[\"\"],\"name\":[\"\"]}','{\"msg\":\"æ“ä½œæˆåŠŸ\",\"code\":0}',0,NULL,'2024-03-05 09:00:57'),(97,'å«ç”Ÿ',5,'com.ruoyi.work.controller.CleanController.export()','POST',1,'admin','ç ”å‘éƒ¨é—¨','/work/clean/export','127.0.0.1','å†…ç½‘IP','{\"time\":[\"\"],\"name\":[\"\"],\"orderByColumn\":[\"\"],\"isAsc\":[\"asc\"]}','{\"msg\":\"8122a702-380c-4e4d-a2f8-914c2dba5c21_clean.xlsx\",\"code\":0}',0,NULL,'2024-03-05 09:01:00'),(98,'å«ç”Ÿ',5,'com.ruoyi.work.controller.CleanController.export()','POST',1,'admin','ç ”å‘éƒ¨é—¨','/work/clean/export','127.0.0.1','å†…ç½‘IP','{\"time\":[\"\"],\"name\":[\"\"],\"orderByColumn\":[\"\"],\"isAsc\":[\"asc\"]}','{\"msg\":\"30169a98-9b48-4896-aa95-1c2dcc5142d8_clean.xlsx\",\"code\":0}',0,NULL,'2024-03-05 09:02:36'),(99,'å«ç”Ÿ',1,'com.ruoyi.work.controller.CleanController.addSave()','POST',1,'admin','ç ”å‘éƒ¨é—¨','/work/clean/add','127.0.0.1','å†…ç½‘IP','{\"place\":[\"\"],\"question\":[\"\"],\"pic\":[\"/image/upload/2024/03/05/55329977-3095-4828-9bfa-09fd323d1f76.jpg\"],\"time\":[\"\"],\"name\":[\"\"]}','{\"msg\":\"æ“ä½œæˆåŠŸ\",\"code\":0}',0,NULL,'2024-03-05 09:03:03'),(100,'å«ç”Ÿ',5,'com.ruoyi.work.controller.CleanController.export()','POST',1,'admin','ç ”å‘éƒ¨é—¨','/work/clean/export','127.0.0.1','å†…ç½‘IP','{\"time\":[\"\"],\"name\":[\"\"],\"orderByColumn\":[\"\"],\"isAsc\":[\"asc\"]}','{\"msg\":\"0ef0548c-8c22-4509-b6bc-84d232d81db7_clean.xlsx\",\"code\":0}',0,NULL,'2024-03-05 09:03:06'),(101,'å«ç”Ÿ',5,'com.ruoyi.work.controller.CleanController.export()','POST',1,'admin','ç ”å‘éƒ¨é—¨','/work/clean/export','127.0.0.1','å†…ç½‘IP','{\"time\":[\"\"],\"name\":[\"\"],\"orderByColumn\":[\"\"],\"isAsc\":[\"asc\"]}','{\"msg\":\"0e47b482-4c19-40c1-9866-fc3af588bda7_clean.xlsx\",\"code\":0}',0,NULL,'2024-03-05 09:05:06'),(102,'å«ç”Ÿ',5,'com.ruoyi.work.controller.CleanController.export()','POST',1,'admin','ç ”å‘éƒ¨é—¨','/work/clean/export','127.0.0.1','å†…ç½‘IP','{\"time\":[\"\"],\"name\":[\"\"],\"orderByColumn\":[\"\"],\"isAsc\":[\"asc\"]}','{\"msg\":\"13dc9825-2c00-4e09-8951-411d4a558881_clean.xlsx\",\"code\":0}',0,NULL,'2024-03-05 09:05:48'),(103,'å«ç”Ÿ',1,'com.ruoyi.work.controller.CleanController.addSave()','POST',1,'admin','ç ”å‘éƒ¨é—¨','/work/clean/add','127.0.0.1','å†…ç½‘IP','{\"place\":[\"\"],\"question\":[\"\"],\"pic\":[\"/profile/upload/2024/03/05/53814f4b-a731-4e0c-93ad-f55a405c7231.jpg\"],\"time\":[\"\"],\"name\":[\"\"]}','{\"msg\":\"æ“ä½œæˆåŠŸ\",\"code\":0}',0,NULL,'2024-03-05 09:28:06'),(104,'ä»£ç ç”Ÿæˆ',2,'com.ruoyi.generator.controller.GenController.editSave()','POST',1,'admin','ç ”å‘éƒ¨é—¨','/tool/gen/edit','127.0.0.1','å†…ç½‘IP','{\"tableId\":[\"7\"],\"tableName\":[\"clean\"],\"tableComment\":[\"å«ç”Ÿè¡¨\"],\"className\":[\"Clean\"],\"functionAuthor\":[\"SJY\"],\"remark\":[\"\"],\"columns[0].columnId\":[\"41\"],\"columns[0].sort\":[\"1\"],\"columns[0].columnComment\":[\"ID\"],\"columns[0].javaType\":[\"Long\"],\"columns[0].javaField\":[\"id\"],\"columns[0].isList\":[\"1\"],\"columns[0].queryType\":[\"EQ\"],\"columns[0].htmlType\":[\"input\"],\"columns[0].dictType\":[\"\"],\"columns[1].columnId\":[\"42\"],\"columns[1].sort\":[\"2\"],\"columns[1].columnComment\":[\"åœ°ç‚¹\"],\"columns[1].javaType\":[\"String\"],\"columns[1].javaField\":[\"place\"],\"columns[1].isInsert\":[\"1\"],\"columns[1].isEdit\":[\"1\"],\"columns[1].isList\":[\"1\"],\"columns[1].isQuery\":[\"1\"],\"columns[1].queryType\":[\"EQ\"],\"columns[1].htmlType\":[\"textarea\"],\"columns[1].dictType\":[\"\"],\"columns[2].columnId\":[\"43\"],\"columns[2].sort\":[\"3\"],\"columns[2].columnComment\":[\"é—®é¢˜\"],\"columns[2].javaType\":[\"String\"],\"columns[2].javaField\":[\"question\"],\"columns[2].isInsert\":[\"1\"],\"columns[2].isEdit\":[\"1\"],\"columns[2].isList\":[\"1\"],\"columns[2].isQuery\":[\"1\"],\"columns[2].queryType\":[\"EQ\"],\"columns[2].htmlType\":[\"textarea\"],\"columns[2].dictType\":[\"\"],\"columns[3].columnId\":[\"44\"],\"columns[3].sort\":[\"4\"],\"columns[3].columnComment\":[\"å›¾ç‰‡\"],\"columns[3].javaType\":[\"String\"],\"columns[3].javaField\":[\"pic\"],\"columns[3].isInsert\":[\"1\"],\"columns[3].isEdit\":[\"1\"],\"columns[3].isList\":[\"1\"],\"columns[3].queryType\":[\"EQ\"],\"columns[3].htmlType\":[\"upload\"],\"columns[3].dictType\":[\"\"],\"columns[4].columnId\":[\"45\"],\"columns[4].sort\":[\"5\"],\"columns[4].columnComment\":[\"æ—¶é—´\"],\"columns[4].javaType\":[\"Date\"],\"columns[4].javaField\":[\"time\"],\"columns[4].isInsert\":[\"1\"],\"columns[4].isEdit\":[\"1\"],\"columns[4].isList\":[\"1\"],\"columns[4].isQuery\":[\"1\"],\"columns[4].queryType\":[\"EQ\"],\"columns[4].htmlType\":[\"datetime\"],\"columns[4].dictType\":[\"\"],\"columns[5].columnId\":[\"46\"],\"columns[5].sort\":[\"6\"],\"columns[5].columnComment\":[\"å®¡æ ¸äºº\"],\"columns[5].javaType\":[\"String\"],\"columns[5].javaField\":[\"name\"],\"columns[5].isInsert\":[\"1\"],\"columns[5].isEdit\":[\"1\"],\"columns[5].isList\":[\"1\"],\"col','{\"msg\":\"æ“ä½œæˆåŠŸ\",\"code\":0}',0,NULL,'2024-03-05 10:08:04'),(105,'ä»£ç ç”Ÿæˆ',2,'com.ruoyi.generator.controller.GenController.editSave()','POST',1,'admin','ç ”å‘éƒ¨é—¨','/tool/gen/edit','127.0.0.1','å†…ç½‘IP','{\"tableId\":[\"7\"],\"tableName\":[\"clean\"],\"tableComment\":[\"å«ç”Ÿè¡¨\"],\"className\":[\"Clean\"],\"functionAuthor\":[\"SJY\"],\"remark\":[\"\"],\"columns[0].columnId\":[\"41\"],\"columns[0].sort\":[\"1\"],\"columns[0].columnComment\":[\"ID\"],\"columns[0].javaType\":[\"Long\"],\"columns[0].javaField\":[\"id\"],\"columns[0].isList\":[\"1\"],\"columns[0].queryType\":[\"EQ\"],\"columns[0].htmlType\":[\"input\"],\"columns[0].dictType\":[\"\"],\"columns[1].columnId\":[\"42\"],\"columns[1].sort\":[\"2\"],\"columns[1].columnComment\":[\"åœ°ç‚¹\"],\"columns[1].javaType\":[\"String\"],\"columns[1].javaField\":[\"place\"],\"columns[1].isInsert\":[\"1\"],\"columns[1].isEdit\":[\"1\"],\"columns[1].isList\":[\"1\"],\"columns[1].isQuery\":[\"1\"],\"columns[1].queryType\":[\"EQ\"],\"columns[1].htmlType\":[\"textarea\"],\"columns[1].dictType\":[\"\"],\"columns[2].columnId\":[\"43\"],\"columns[2].sort\":[\"3\"],\"columns[2].columnComment\":[\"é—®é¢˜\"],\"columns[2].javaType\":[\"String\"],\"columns[2].javaField\":[\"question\"],\"columns[2].isInsert\":[\"1\"],\"columns[2].isEdit\":[\"1\"],\"columns[2].isList\":[\"1\"],\"columns[2].isQuery\":[\"1\"],\"columns[2].queryType\":[\"EQ\"],\"columns[2].htmlType\":[\"textarea\"],\"columns[2].dictType\":[\"\"],\"columns[3].columnId\":[\"44\"],\"columns[3].sort\":[\"4\"],\"columns[3].columnComment\":[\"å›¾ç‰‡\"],\"columns[3].javaType\":[\"String\"],\"columns[3].javaField\":[\"pic\"],\"columns[3].isInsert\":[\"1\"],\"columns[3].isEdit\":[\"1\"],\"columns[3].isList\":[\"1\"],\"columns[3].queryType\":[\"EQ\"],\"columns[3].htmlType\":[\"upload\"],\"columns[3].dictType\":[\"\"],\"columns[4].columnId\":[\"45\"],\"columns[4].sort\":[\"5\"],\"columns[4].columnComment\":[\"æ—¶é—´\"],\"columns[4].javaType\":[\"Date\"],\"columns[4].javaField\":[\"time\"],\"columns[4].isInsert\":[\"1\"],\"columns[4].isEdit\":[\"1\"],\"columns[4].isList\":[\"1\"],\"columns[4].isQuery\":[\"1\"],\"columns[4].queryType\":[\"EQ\"],\"columns[4].htmlType\":[\"datetime\"],\"columns[4].dictType\":[\"\"],\"columns[5].columnId\":[\"46\"],\"columns[5].sort\":[\"6\"],\"columns[5].columnComment\":[\"å®¡æ ¸äºº\"],\"columns[5].javaType\":[\"String\"],\"columns[5].javaField\":[\"name\"],\"columns[5].isInsert\":[\"1\"],\"columns[5].isEdit\":[\"1\"],\"columns[5].isList\":[\"1\"],\"col','{\"msg\":\"æ“ä½œæˆåŠŸ\",\"code\":0}',0,NULL,'2024-03-05 10:11:41'),(106,'ä»£ç ç”Ÿæˆ',2,'com.ruoyi.generator.controller.GenController.editSave()','POST',1,'admin','ç ”å‘éƒ¨é—¨','/tool/gen/edit','127.0.0.1','å†…ç½‘IP','{\"tableId\":[\"7\"],\"tableName\":[\"clean\"],\"tableComment\":[\"å«ç”Ÿè¡¨\"],\"className\":[\"Clean\"],\"functionAuthor\":[\"SJY\"],\"remark\":[\"\"],\"columns[0].columnId\":[\"41\"],\"columns[0].sort\":[\"1\"],\"columns[0].columnComment\":[\"ID\"],\"columns[0].javaType\":[\"Long\"],\"columns[0].javaField\":[\"id\"],\"columns[0].isList\":[\"1\"],\"columns[0].queryType\":[\"EQ\"],\"columns[0].htmlType\":[\"input\"],\"columns[0].dictType\":[\"\"],\"columns[1].columnId\":[\"42\"],\"columns[1].sort\":[\"2\"],\"columns[1].columnComment\":[\"åœ°ç‚¹\"],\"columns[1].javaType\":[\"String\"],\"columns[1].javaField\":[\"place\"],\"columns[1].isInsert\":[\"1\"],\"columns[1].isEdit\":[\"1\"],\"columns[1].isList\":[\"1\"],\"columns[1].isQuery\":[\"1\"],\"columns[1].queryType\":[\"EQ\"],\"columns[1].htmlType\":[\"textarea\"],\"columns[1].dictType\":[\"\"],\"columns[2].columnId\":[\"43\"],\"columns[2].sort\":[\"3\"],\"columns[2].columnComment\":[\"é—®é¢˜\"],\"columns[2].javaType\":[\"String\"],\"columns[2].javaField\":[\"question\"],\"columns[2].isInsert\":[\"1\"],\"columns[2].isEdit\":[\"1\"],\"columns[2].isList\":[\"1\"],\"columns[2].isQuery\":[\"1\"],\"columns[2].queryType\":[\"EQ\"],\"columns[2].htmlType\":[\"textarea\"],\"columns[2].dictType\":[\"\"],\"columns[3].columnId\":[\"44\"],\"columns[3].sort\":[\"4\"],\"columns[3].columnComment\":[\"å›¾ç‰‡\"],\"columns[3].javaType\":[\"String\"],\"columns[3].javaField\":[\"pic\"],\"columns[3].isInsert\":[\"1\"],\"columns[3].isEdit\":[\"1\"],\"columns[3].isList\":[\"1\"],\"columns[3].queryType\":[\"EQ\"],\"columns[3].htmlType\":[\"upload\"],\"columns[3].dictType\":[\"\"],\"columns[4].columnId\":[\"45\"],\"columns[4].sort\":[\"5\"],\"columns[4].columnComment\":[\"æ—¶é—´\"],\"columns[4].javaType\":[\"Date\"],\"columns[4].javaField\":[\"time\"],\"columns[4].isInsert\":[\"1\"],\"columns[4].isEdit\":[\"1\"],\"columns[4].isList\":[\"1\"],\"columns[4].isQuery\":[\"1\"],\"columns[4].queryType\":[\"EQ\"],\"columns[4].htmlType\":[\"datetime\"],\"columns[4].dictType\":[\"\"],\"columns[5].columnId\":[\"46\"],\"columns[5].sort\":[\"6\"],\"columns[5].columnComment\":[\"å®¡æ ¸äºº\"],\"columns[5].javaType\":[\"String\"],\"columns[5].javaField\":[\"name\"],\"columns[5].isInsert\":[\"1\"],\"columns[5].isEdit\":[\"1\"],\"columns[5].isList\":[\"1\"],\"col','{\"msg\":\"æ“ä½œæˆåŠŸ\",\"code\":0}',0,NULL,'2024-03-05 10:12:08'),(107,'ä»£ç ç”Ÿæˆ',8,'com.ruoyi.generator.controller.GenController.download()','GET',1,'admin','ç ”å‘éƒ¨é—¨','/tool/gen/download/clean','127.0.0.1','å†…ç½‘IP','\"clean\"',NULL,0,NULL,'2024-03-05 10:12:16'),(108,'ä»£ç ç”Ÿæˆ',2,'com.ruoyi.generator.controller.GenController.editSave()','POST',1,'admin','ç ”å‘éƒ¨é—¨','/tool/gen/edit','127.0.0.1','å†…ç½‘IP','{\"tableId\":[\"9\"],\"tableName\":[\"safe\"],\"tableComment\":[\"ç»´ä¿®\"],\"className\":[\"Safe\"],\"functionAuthor\":[\"ruoyi\"],\"remark\":[\"\"],\"columns[0].columnId\":[\"54\"],\"columns[0].sort\":[\"1\"],\"columns[0].columnComment\":[\"ID\"],\"columns[0].javaType\":[\"Integer\"],\"columns[0].javaField\":[\"id\"],\"columns[0].isList\":[\"1\"],\"columns[0].queryType\":[\"EQ\"],\"columns[0].htmlType\":[\"input\"],\"columns[0].dictType\":[\"\"],\"columns[1].columnId\":[\"55\"],\"columns[1].sort\":[\"2\"],\"columns[1].columnComment\":[\"åœ°ç‚¹\"],\"columns[1].javaType\":[\"String\"],\"columns[1].javaField\":[\"place\"],\"columns[1].isInsert\":[\"1\"],\"columns[1].isEdit\":[\"1\"],\"columns[1].isList\":[\"1\"],\"columns[1].isQuery\":[\"1\"],\"columns[1].queryType\":[\"EQ\"],\"columns[1].htmlType\":[\"input\"],\"columns[1].dictType\":[\"\"],\"columns[2].columnId\":[\"56\"],\"columns[2].sort\":[\"3\"],\"columns[2].columnComment\":[\"åˆ†ç±»\"],\"columns[2].javaType\":[\"String\"],\"columns[2].javaField\":[\"type\"],\"columns[2].isInsert\":[\"1\"],\"columns[2].isEdit\":[\"1\"],\"columns[2].isList\":[\"1\"],\"columns[2].isQuery\":[\"1\"],\"columns[2].queryType\":[\"EQ\"],\"columns[2].htmlType\":[\"select\"],\"columns[2].dictType\":[\"\"],\"columns[3].columnId\":[\"57\"],\"columns[3].sort\":[\"4\"],\"columns[3].columnComment\":[\"é—®é¢˜\"],\"columns[3].javaType\":[\"String\"],\"columns[3].javaField\":[\"question\"],\"columns[3].isInsert\":[\"1\"],\"columns[3].isEdit\":[\"1\"],\"columns[3].isList\":[\"1\"],\"columns[3].isQuery\":[\"1\"],\"columns[3].queryType\":[\"EQ\"],\"columns[3].htmlType\":[\"input\"],\"columns[3].dictType\":[\"\"],\"columns[4].columnId\":[\"58\"],\"columns[4].sort\":[\"5\"],\"columns[4].columnComment\":[\"å›¾ç‰‡\"],\"columns[4].javaType\":[\"String\"],\"columns[4].javaField\":[\"pic\"],\"columns[4].isInsert\":[\"1\"],\"columns[4].isEdit\":[\"1\"],\"columns[4].isList\":[\"1\"],\"columns[4].queryType\":[\"EQ\"],\"columns[4].htmlType\":[\"upload\"],\"columns[4].dictType\":[\"\"],\"columns[5].columnId\":[\"59\"],\"columns[5].sort\":[\"6\"],\"columns[5].columnComment\":[\"æ—¶é—´\"],\"columns[5].javaType\":[\"Date\"],\"columns[5].javaField\":[\"time\"],\"columns[5].isInsert\":[\"1\"],\"columns[5].isEdit\":[\"1\"],\"columns[5].isList\":[\"1\"],\"columns[5]','{\"msg\":\"æ“ä½œæˆåŠŸ\",\"code\":0}',0,NULL,'2024-03-05 10:13:47'),(109,'ä»£ç ç”Ÿæˆ',2,'com.ruoyi.generator.controller.GenController.editSave()','POST',1,'admin','ç ”å‘éƒ¨é—¨','/tool/gen/edit','127.0.0.1','å†…ç½‘IP','{\"tableId\":[\"9\"],\"tableName\":[\"safe\"],\"tableComment\":[\"ç»´ä¿®\"],\"className\":[\"Safe\"],\"functionAuthor\":[\"ruoyi\"],\"remark\":[\"\"],\"columns[0].columnId\":[\"54\"],\"columns[0].sort\":[\"1\"],\"columns[0].columnComment\":[\"ID\"],\"columns[0].javaType\":[\"Integer\"],\"columns[0].javaField\":[\"id\"],\"columns[0].isList\":[\"1\"],\"columns[0].queryType\":[\"EQ\"],\"columns[0].htmlType\":[\"input\"],\"columns[0].dictType\":[\"\"],\"columns[1].columnId\":[\"55\"],\"columns[1].sort\":[\"2\"],\"columns[1].columnComment\":[\"åœ°ç‚¹\"],\"columns[1].javaType\":[\"String\"],\"columns[1].javaField\":[\"place\"],\"columns[1].isInsert\":[\"1\"],\"columns[1].isEdit\":[\"1\"],\"columns[1].isList\":[\"1\"],\"columns[1].isQuery\":[\"1\"],\"columns[1].queryType\":[\"EQ\"],\"columns[1].htmlType\":[\"input\"],\"columns[1].dictType\":[\"\"],\"columns[2].columnId\":[\"56\"],\"columns[2].sort\":[\"3\"],\"columns[2].columnComment\":[\"åˆ†ç±»\"],\"columns[2].javaType\":[\"String\"],\"columns[2].javaField\":[\"type\"],\"columns[2].isInsert\":[\"1\"],\"columns[2].isEdit\":[\"1\"],\"columns[2].isList\":[\"1\"],\"columns[2].isQuery\":[\"1\"],\"columns[2].queryType\":[\"EQ\"],\"columns[2].htmlType\":[\"select\"],\"columns[2].dictType\":[\"\"],\"columns[3].columnId\":[\"57\"],\"columns[3].sort\":[\"4\"],\"columns[3].columnComment\":[\"é—®é¢˜\"],\"columns[3].javaType\":[\"String\"],\"columns[3].javaField\":[\"question\"],\"columns[3].isInsert\":[\"1\"],\"columns[3].isEdit\":[\"1\"],\"columns[3].isList\":[\"1\"],\"columns[3].isQuery\":[\"1\"],\"columns[3].queryType\":[\"EQ\"],\"columns[3].htmlType\":[\"input\"],\"columns[3].dictType\":[\"\"],\"columns[4].columnId\":[\"58\"],\"columns[4].sort\":[\"5\"],\"columns[4].columnComment\":[\"å›¾ç‰‡\"],\"columns[4].javaType\":[\"String\"],\"columns[4].javaField\":[\"pic\"],\"columns[4].isInsert\":[\"1\"],\"columns[4].isEdit\":[\"1\"],\"columns[4].isList\":[\"1\"],\"columns[4].queryType\":[\"EQ\"],\"columns[4].htmlType\":[\"upload\"],\"columns[4].dictType\":[\"\"],\"columns[5].columnId\":[\"59\"],\"columns[5].sort\":[\"6\"],\"columns[5].columnComment\":[\"æ—¶é—´\"],\"columns[5].javaType\":[\"Date\"],\"columns[5].javaField\":[\"time\"],\"columns[5].isInsert\":[\"1\"],\"columns[5].isEdit\":[\"1\"],\"columns[5].isList\":[\"1\"],\"columns[5]','{\"msg\":\"æ“ä½œæˆåŠŸ\",\"code\":0}',0,NULL,'2024-03-05 10:13:56'),(110,'ä»£ç ç”Ÿæˆ',8,'com.ruoyi.generator.controller.GenController.download()','GET',1,'admin','ç ”å‘éƒ¨é—¨','/tool/gen/download/safe','127.0.0.1','å†…ç½‘IP','\"safe\"',NULL,0,NULL,'2024-03-05 10:13:59'),(111,'èœå•ç®¡ç†',3,'com.ruoyi.web.controller.system.SysMenuController.remove()','GET',1,'admin','ç ”å‘éƒ¨é—¨','/system/menu/remove/2051','127.0.0.1','å†…ç½‘IP','2051','{\"msg\":\"æ“ä½œæˆåŠŸ\",\"code\":0}',0,NULL,'2024-03-05 10:20:42'),(112,'èœå•ç®¡ç†',3,'com.ruoyi.web.controller.system.SysMenuController.remove()','GET',1,'admin','ç ”å‘éƒ¨é—¨','/system/menu/remove/2050','127.0.0.1','å†…ç½‘IP','2050','{\"msg\":\"æ“ä½œæˆåŠŸ\",\"code\":0}',0,NULL,'2024-03-05 10:20:46'),(113,'èœå•ç®¡ç†',3,'com.ruoyi.web.controller.system.SysMenuController.remove()','GET',1,'admin','ç ”å‘éƒ¨é—¨','/system/menu/remove/2026','127.0.0.1','å†…ç½‘IP','2026','{\"msg\":\"èœå•å·²åˆ†é…,ä¸å…è®¸åˆ é™¤\",\"code\":301}',0,NULL,'2024-03-05 10:20:50'),(114,'èœå•ç®¡ç†',3,'com.ruoyi.web.controller.system.SysMenuController.remove()','GET',1,'admin','ç ”å‘éƒ¨é—¨','/system/menu/remove/2030','127.0.0.1','å†…ç½‘IP','2030','{\"msg\":\"èœå•å·²åˆ†é…,ä¸å…è®¸åˆ é™¤\",\"code\":301}',0,NULL,'2024-03-05 10:20:55'),(115,'èœå•ç®¡ç†',3,'com.ruoyi.web.controller.system.SysMenuController.remove()','GET',1,'admin','ç ”å‘éƒ¨é—¨','/system/menu/remove/2052','127.0.0.1','å†…ç½‘IP','2052','{\"msg\":\"æ“ä½œæˆåŠŸ\",\"code\":0}',0,NULL,'2024-03-05 10:21:01'),(116,'èœå•ç®¡ç†',3,'com.ruoyi.web.controller.system.SysMenuController.remove()','GET',1,'admin','ç ”å‘éƒ¨é—¨','/system/menu/remove/2053','127.0.0.1','å†…ç½‘IP','2053','{\"msg\":\"æ“ä½œæˆåŠŸ\",\"code\":0}',0,NULL,'2024-03-05 10:21:06'),(117,'èœå•ç®¡ç†',3,'com.ruoyi.web.controller.system.SysMenuController.remove()','GET',1,'admin','ç ”å‘éƒ¨é—¨','/system/menu/remove/2054','127.0.0.1','å†…ç½‘IP','2054','{\"msg\":\"æ“ä½œæˆåŠŸ\",\"code\":0}',0,NULL,'2024-03-05 10:21:10'),(118,'èœå•ç®¡ç†',3,'com.ruoyi.web.controller.system.SysMenuController.remove()','GET',1,'admin','ç ”å‘éƒ¨é—¨','/system/menu/remove/2049','127.0.0.1','å†…ç½‘IP','2049','{\"msg\":\"æ“ä½œæˆåŠŸ\",\"code\":0}',0,NULL,'2024-03-05 10:21:14'),(119,'ä»£ç ç”Ÿæˆ',3,'com.ruoyi.generator.controller.GenController.remove()','POST',1,'admin','ç ”å‘éƒ¨é—¨','/tool/gen/remove','127.0.0.1','å†…ç½‘IP','{\"ids\":[\"9,7\"]}','{\"msg\":\"æ“ä½œæˆåŠŸ\",\"code\":0}',0,NULL,'2024-03-05 10:21:25'),(120,'ä»£ç ç”Ÿæˆ',6,'com.ruoyi.generator.controller.GenController.importTableSave()','POST',1,'admin','ç ”å‘éƒ¨é—¨','/tool/gen/importTable','127.0.0.1','å†…ç½‘IP','{\"tables\":[\"safe\"]}','{\"msg\":\"æ“ä½œæˆåŠŸ\",\"code\":0}',0,NULL,'2024-03-05 10:21:28'),(121,'ä»£ç ç”Ÿæˆ',2,'com.ruoyi.generator.controller.GenController.editSave()','POST',1,'admin','ç ”å‘éƒ¨é—¨','/tool/gen/edit','127.0.0.1','å†…ç½‘IP','{\"tableId\":[\"10\"],\"tableName\":[\"safe\"],\"tableComment\":[\"ç»´ä¿®\"],\"className\":[\"Safe\"],\"functionAuthor\":[\"SJY\"],\"remark\":[\"\"],\"columns[0].columnId\":[\"61\"],\"columns[0].sort\":[\"1\"],\"columns[0].columnComment\":[\"ID\"],\"columns[0].javaType\":[\"Integer\"],\"columns[0].javaField\":[\"id\"],\"columns[0].isList\":[\"1\"],\"columns[0].queryType\":[\"EQ\"],\"columns[0].htmlType\":[\"input\"],\"columns[0].dictType\":[\"\"],\"columns[1].columnId\":[\"62\"],\"columns[1].sort\":[\"2\"],\"columns[1].columnComment\":[\"åœ°ç‚¹\"],\"columns[1].javaType\":[\"String\"],\"columns[1].javaField\":[\"place\"],\"columns[1].isInsert\":[\"1\"],\"columns[1].isEdit\":[\"1\"],\"columns[1].isList\":[\"1\"],\"columns[1].isQuery\":[\"1\"],\"columns[1].queryType\":[\"EQ\"],\"columns[1].htmlType\":[\"input\"],\"columns[1].dictType\":[\"\"],\"columns[2].columnId\":[\"63\"],\"columns[2].sort\":[\"3\"],\"columns[2].columnComment\":[\"åˆ†ç±»\"],\"columns[2].javaType\":[\"String\"],\"columns[2].javaField\":[\"type\"],\"columns[2].isInsert\":[\"1\"],\"columns[2].isEdit\":[\"1\"],\"columns[2].isList\":[\"1\"],\"columns[2].isQuery\":[\"1\"],\"columns[2].queryType\":[\"EQ\"],\"columns[2].htmlType\":[\"select\"],\"columns[2].dictType\":[\"\"],\"columns[3].columnId\":[\"64\"],\"columns[3].sort\":[\"4\"],\"columns[3].columnComment\":[\"é—®é¢˜\"],\"columns[3].javaType\":[\"String\"],\"columns[3].javaField\":[\"question\"],\"columns[3].isInsert\":[\"1\"],\"columns[3].isEdit\":[\"1\"],\"columns[3].isList\":[\"1\"],\"columns[3].isQuery\":[\"1\"],\"columns[3].queryType\":[\"EQ\"],\"columns[3].htmlType\":[\"input\"],\"columns[3].dictType\":[\"\"],\"columns[4].columnId\":[\"65\"],\"columns[4].sort\":[\"5\"],\"columns[4].columnComment\":[\"å›¾ç‰‡\"],\"columns[4].javaType\":[\"String\"],\"columns[4].javaField\":[\"pic\"],\"columns[4].isInsert\":[\"1\"],\"columns[4].isEdit\":[\"1\"],\"columns[4].isList\":[\"1\"],\"columns[4].queryType\":[\"EQ\"],\"columns[4].htmlType\":[\"upload\"],\"columns[4].dictType\":[\"\"],\"columns[5].columnId\":[\"66\"],\"columns[5].sort\":[\"6\"],\"columns[5].columnComment\":[\"æ—¶é—´\"],\"columns[5].javaType\":[\"Date\"],\"columns[5].javaField\":[\"time\"],\"columns[5].isInsert\":[\"1\"],\"columns[5].isEdit\":[\"1\"],\"columns[5].isList\":[\"1\"],\"columns[5].','{\"msg\":\"æ“ä½œæˆåŠŸ\",\"code\":0}',0,NULL,'2024-03-05 10:22:02'),(122,'ä»£ç ç”Ÿæˆ',8,'com.ruoyi.generator.controller.GenController.download()','GET',1,'admin','ç ”å‘éƒ¨é—¨','/tool/gen/download/safe','127.0.0.1','å†…ç½‘IP','\"safe\"',NULL,0,NULL,'2024-03-05 10:22:06'),(123,'ä»£ç ç”Ÿæˆ',6,'com.ruoyi.generator.controller.GenController.importTableSave()','POST',1,'admin','ç ”å‘éƒ¨é—¨','/tool/gen/importTable','127.0.0.1','å†…ç½‘IP','{\"tables\":[\"clean\"]}','{\"msg\":\"æ“ä½œæˆåŠŸ\",\"code\":0}',0,NULL,'2024-03-05 10:23:30'),(124,'ä»£ç ç”Ÿæˆ',2,'com.ruoyi.generator.controller.GenController.editSave()','POST',1,'admin','ç ”å‘éƒ¨é—¨','/tool/gen/edit','127.0.0.1','å†…ç½‘IP','{\"tableId\":[\"11\"],\"tableName\":[\"clean\"],\"tableComment\":[\"å«ç”Ÿè¡¨\"],\"className\":[\"Clean\"],\"functionAuthor\":[\"SJY\"],\"remark\":[\"\"],\"columns[0].columnId\":[\"68\"],\"columns[0].sort\":[\"1\"],\"columns[0].columnComment\":[\"ID\"],\"columns[0].javaType\":[\"Long\"],\"columns[0].javaField\":[\"id\"],\"columns[0].isList\":[\"1\"],\"columns[0].queryType\":[\"EQ\"],\"columns[0].htmlType\":[\"input\"],\"columns[0].dictType\":[\"\"],\"columns[1].columnId\":[\"69\"],\"columns[1].sort\":[\"2\"],\"columns[1].columnComment\":[\"åœ°ç‚¹\"],\"columns[1].javaType\":[\"String\"],\"columns[1].javaField\":[\"place\"],\"columns[1].isInsert\":[\"1\"],\"columns[1].isEdit\":[\"1\"],\"columns[1].isList\":[\"1\"],\"columns[1].isQuery\":[\"1\"],\"columns[1].queryType\":[\"EQ\"],\"columns[1].htmlType\":[\"textarea\"],\"columns[1].dictType\":[\"\"],\"columns[2].columnId\":[\"70\"],\"columns[2].sort\":[\"3\"],\"columns[2].columnComment\":[\"é—®é¢˜\"],\"columns[2].javaType\":[\"String\"],\"columns[2].javaField\":[\"question\"],\"columns[2].isInsert\":[\"1\"],\"columns[2].isEdit\":[\"1\"],\"columns[2].isList\":[\"1\"],\"columns[2].isQuery\":[\"1\"],\"columns[2].queryType\":[\"EQ\"],\"columns[2].htmlType\":[\"textarea\"],\"columns[2].dictType\":[\"\"],\"columns[3].columnId\":[\"71\"],\"columns[3].sort\":[\"4\"],\"columns[3].columnComment\":[\"å›¾ç‰‡\"],\"columns[3].javaType\":[\"String\"],\"columns[3].javaField\":[\"pic\"],\"columns[3].isInsert\":[\"1\"],\"columns[3].isEdit\":[\"1\"],\"columns[3].isList\":[\"1\"],\"columns[3].queryType\":[\"EQ\"],\"columns[3].htmlType\":[\"upload\"],\"columns[3].dictType\":[\"\"],\"columns[4].columnId\":[\"72\"],\"columns[4].sort\":[\"5\"],\"columns[4].columnComment\":[\"æ—¶é—´\"],\"columns[4].javaType\":[\"Date\"],\"columns[4].javaField\":[\"time\"],\"columns[4].isInsert\":[\"1\"],\"columns[4].isEdit\":[\"1\"],\"columns[4].isList\":[\"1\"],\"columns[4].isQuery\":[\"1\"],\"columns[4].queryType\":[\"EQ\"],\"columns[4].htmlType\":[\"datetime\"],\"columns[4].dictType\":[\"\"],\"columns[5].columnId\":[\"73\"],\"columns[5].sort\":[\"6\"],\"columns[5].columnComment\":[\"å®¡æ ¸äºº\"],\"columns[5].javaType\":[\"String\"],\"columns[5].javaField\":[\"name\"],\"columns[5].isInsert\":[\"1\"],\"columns[5].isEdit\":[\"1\"],\"columns[5].isList\":[\"1\"],\"co','{\"msg\":\"æ“ä½œæˆåŠŸ\",\"code\":0}',0,NULL,'2024-03-05 10:24:01'),(125,'ä»£ç ç”Ÿæˆ',8,'com.ruoyi.generator.controller.GenController.download()','GET',1,'admin','ç ”å‘éƒ¨é—¨','/tool/gen/download/clean','127.0.0.1','å†…ç½‘IP','\"clean\"',NULL,0,NULL,'2024-03-05 10:24:03'),(126,'ç»´ä¿®',1,'com.ruoyi.work.controller.SafeController.addSave()','POST',1,'admin','ç ”å‘éƒ¨é—¨','/work/safe/add','127.0.0.1','å†…ç½‘IP','{\"place\":[\"\"],\"type\":[\"\"],\"question\":[\"\"],\"pic\":[\"/profile/upload/2024/03/05/516c429a-499c-412c-b455-160cadb74d30.jpg\"],\"time\":[\"\"],\"name\":[\"\"]}','{\"msg\":\"æ“ä½œæˆåŠŸ\",\"code\":0}',0,NULL,'2024-03-05 10:27:44'),(127,'ç»´ä¿®',1,'com.ruoyi.work.controller.SafeController.addSave()','POST',1,'admin','ç ”å‘éƒ¨é—¨','/work/safe/add','127.0.0.1','å†…ç½‘IP','{\"place\":[\"\"],\"type\":[\"\"],\"question\":[\"\"],\"pic\":[\"/profile/upload/2024/03/05/dd5ea105-36d1-4d3b-b772-f72d91e2253c.jpg\"],\"time\":[\"\"],\"name\":[\"\"]}','{\"msg\":\"æ“ä½œæˆåŠŸ\",\"code\":0}',0,NULL,'2024-03-05 10:27:53'),(128,'ç»´ä¿®',3,'com.ruoyi.work.controller.SafeController.remove()','POST',1,'admin','ç ”å‘éƒ¨é—¨','/work/safe/remove','127.0.0.1','å†…ç½‘IP','{\"ids\":[\"7,6,5\"]}','{\"msg\":\"æ“ä½œæˆåŠŸ\",\"code\":0}',0,NULL,'2024-03-05 10:28:06'),(129,'ç»´ä¿®',1,'com.ruoyi.work.controller.SafeController.addSave()','POST',1,'admin','ç ”å‘éƒ¨é—¨','/work/safe/add','127.0.0.1','å†…ç½‘IP','{\"place\":[\"\"],\"type\":[\"\"],\"question\":[\"\"],\"pic\":[\"/profile/upload/2024/03/05/63917d4f-ff90-46c3-9238-a8df88d882c0.jpg\"],\"time\":[\"\"],\"name\":[\"\"]}','{\"msg\":\"æ“ä½œæˆåŠŸ\",\"code\":0}',0,NULL,'2024-03-05 10:28:12'),(130,'å«ç”Ÿ',1,'com.ruoyi.work.controller.CleanController.addSave()','POST',1,'admin','ç ”å‘éƒ¨é—¨','/work/clean/add','127.0.0.1','å†…ç½‘IP','{\"place\":[\"\"],\"question\":[\"\"],\"pic\":[\"/profile/upload/2024/03/05/35322cfb-cb30-4897-afb1-21fed6549213.jpg\"],\"time\":[\"\"],\"name\":[\"\"],\"phone\":[\"\"]}','{\"msg\":\"æ“ä½œæˆåŠŸ\",\"code\":0}',0,NULL,'2024-03-05 10:28:50'),(131,'å«ç”Ÿ',1,'com.ruoyi.work.controller.api.OpenController.addSave()','POST',1,'admin','ç ”å‘éƒ¨é—¨','/open/add','127.0.0.1','å†…ç½‘IP','{\"id\":[\"\"],\"name\":[\"å§”å±ˆ\"],\"phone\":[\"\"],\"pic\":[\"\"],\"place\":[\"\"],\"question\":[\"\"],\"time\":[\"\"]}','{\"msg\":\"æ“ä½œæˆåŠŸ\",\"code\":0}',0,NULL,'2024-03-05 10:59:23'),(132,'å«ç”Ÿ',1,'com.ruoyi.work.controller.api.OpenController.addSave()','POST',1,'admin','ç ”å‘éƒ¨é—¨','/open/add','127.0.0.1','å†…ç½‘IP','{\"id\":[\"\"],\"name\":[\"\"],\"phone\":[\"\"],\"pic\":[\"https://cn.bing.com/images/search?q=%E5%9B%BE%E7%89%87&FORM=IQFRBA&id=4DE84A0E969382C7E7839D5B2FF44B55BDF1B314\"],\"place\":[\"\"],\"question\":[\"\"],\"time\":[\"\"]}','{\"msg\":\"æ“ä½œæˆåŠŸ\",\"code\":0}',0,NULL,'2024-03-05 10:59:58'),(133,'å«ç”Ÿ',1,'com.ruoyi.work.controller.api.OpenController.addSave()','POST',1,'admin','ç ”å‘éƒ¨é—¨','/open/add','127.0.0.1','å†…ç½‘IP','{\"id\":[\"\"],\"name\":[\"\"],\"phone\":[\"\"],\"pic\":[\"https://cn.bing.com/images/search?q=%E5%9B%BE%E7%89%87&FORM=IQFRBA&id=4DE84A0E969382C7E7839D5B2FF44B55BDF1B314\"],\"place\":[\"\"],\"question\":[\"\"],\"time\":[\"\"]}','{\"msg\":\"æ“ä½œæˆåŠŸ\",\"code\":0}',0,NULL,'2024-03-05 10:59:59'),(134,'å«ç”Ÿ',1,'com.ruoyi.work.controller.api.OpenController.addSave()','POST',1,'admin','ç ”å‘éƒ¨é—¨','/open/add','127.0.0.1','å†…ç½‘IP','{\"id\":[\"\"],\"name\":[\"\"],\"phone\":[\"\"],\"pic\":[\"https://cn.bing.com/images/search?q=%E5%9B%BE%E7%89%87&FORM=IQFRBA&id=4DE84A0E969382C7E7839D5B2FF44B55BDF1B314\"],\"place\":[\"\"],\"question\":[\"\"],\"time\":[\"\"]}','{\"msg\":\"æ“ä½œæˆåŠŸ\",\"code\":0}',0,NULL,'2024-03-05 11:00:17'),(135,'å«ç”Ÿ',1,'com.ruoyi.work.controller.api.OpenController.addSave()','POST',1,'admin','ç ”å‘éƒ¨é—¨','/open/add','127.0.0.1','å†…ç½‘IP','{\"id\":[\"\"],\"name\":[\"\"],\"phone\":[\"\"],\"pic\":[\"https://cn.bing.com/images/search?q=%E5%9B%BE%E7%89%87&FORM=IQFRBA&id=4DE84A0E969382C7E7839D5B2FF44B55BDF1B314\"],\"place\":[\"\"],\"question\":[\"\"],\"time\":[\"\"]}','{\"msg\":\"æ“ä½œæˆåŠŸ\",\"code\":0}',0,NULL,'2024-03-05 11:00:18'),(136,'å«ç”Ÿ',1,'com.ruoyi.work.controller.api.OpenController.addSave()','POST',1,'admin','ç ”å‘éƒ¨é—¨','/open/add','127.0.0.1','å†…ç½‘IP','{\"id\":[\"\"],\"name\":[\"\"],\"phone\":[\"12345678911\"],\"pic\":[\"https://cn.bing.com/images/search?q=%E5%9B%BE%E7%89%87&FORM=IQFRBA&id=4DE84A0E969382C7E7839D5B2FF44B55BDF1B314\"],\"place\":[\"\"],\"question\":[\"\"],\"time\":[\"\"]}',NULL,1,'\r\n### Error updating database.  Cause: com.mysql.cj.jdbc.exceptions.MysqlDataTruncation: Data truncation: Out of range value for column \'phone\' at row 1\r\n### The error may exist in com/ruoyi/work/mapper/CleanMapper.java (best guess)\r\n### The error may involve com.ruoyi.work.mapper.CleanMapper.insert-Inline\r\n### The error occurred while setting parameters\r\n### SQL: INSERT INTO clean  ( place, question, pic,  name, phone )  VALUES  ( ?, ?, ?,  ?, ? )\r\n### Cause: com.mysql.cj.jdbc.exceptions.MysqlDataTruncation: Data truncation: Out of range value for column \'phone\' at row 1\n; Data truncation: Out of range value for column \'phone\' at row 1; nested exception is com.mysql.cj.jdbc.exceptions.MysqlDataTruncation: Data truncation: Out of range value for column \'phone\' at row 1','2024-03-05 11:00:49'),(137,'å«ç”Ÿ',1,'com.ruoyi.work.controller.api.OpenController.addSave()','POST',1,'admin','ç ”å‘éƒ¨é—¨','/open/add','127.0.0.1','å†…ç½‘IP','{\"id\":[\"\"],\"name\":[\"æ’’æ‰“ç®—\"],\"phone\":[\"\"],\"pic\":[\"https://cn.bing.com/images/search?q=%E5%9B%BE%E7%89%87&FORM=IQFRBA&id=4DE84A0E969382C7E7839D5B2FF44B55BDF1B314\"],\"place\":[\"\"],\"question\":[\"\"],\"time\":[\"\"]}','{\"msg\":\"æ“ä½œæˆåŠŸ\",\"code\":0}',0,NULL,'2024-03-05 11:00:56'),(138,'å«ç”Ÿ',1,'com.ruoyi.work.controller.api.OpenController.addSave()','POST',1,'admin','ç ”å‘éƒ¨é—¨','/open/add','127.0.0.1','å†…ç½‘IP','{\"id\":[\"\"],\"name\":[\"\"],\"phone\":[\"13082631827\"],\"pic\":[\"https://cn.bing.com/images/search?q=%E5%9B%BE%E7%89%87&FORM=IQFRBA&id=4DE84A0E969382C7E7839D5B2FF44B55BDF1B314\"],\"place\":[\"\"],\"question\":[\"\"],\"time\":[\"\"]}',NULL,1,'\r\n### Error updating database.  Cause: com.mysql.cj.jdbc.exceptions.MysqlDataTruncation: Data truncation: Out of range value for column \'phone\' at row 1\r\n### The error may exist in com/ruoyi/work/mapper/CleanMapper.java (best guess)\r\n### The error may involve com.ruoyi.work.mapper.CleanMapper.insert-Inline\r\n### The error occurred while setting parameters\r\n### SQL: INSERT INTO clean  ( place, question, pic,  name, phone )  VALUES  ( ?, ?, ?,  ?, ? )\r\n### Cause: com.mysql.cj.jdbc.exceptions.MysqlDataTruncation: Data truncation: Out of range value for column \'phone\' at row 1\n; Data truncation: Out of range value for column \'phone\' at row 1; nested exception is com.mysql.cj.jdbc.exceptions.MysqlDataTruncation: Data truncation: Out of range value for column \'phone\' at row 1','2024-03-05 11:01:06'),(139,'å«ç”Ÿ',3,'com.ruoyi.work.controller.CleanController.remove()','POST',1,'admin','ç ”å‘éƒ¨é—¨','/work/clean/remove','127.0.0.1','å†…ç½‘IP','{\"ids\":[\"1,2,3,4,5,6,7,8,9\"]}','{\"msg\":\"æ“ä½œæˆåŠŸ\",\"code\":0}',0,NULL,'2024-03-05 11:01:35'),(140,'å«ç”Ÿ',1,'com.ruoyi.work.controller.api.OpenController.addSave()','POST',1,'admin','ç ”å‘éƒ¨é—¨','/open/add','127.0.0.1','å†…ç½‘IP','{\"id\":[\"\"],\"name\":[\"\"],\"phone\":[\"\"],\"pic\":[\"https://cn.bing.com/images/search?q=%E5%9B%BE%E7%89%87&FORM=IQFRBA&id=4DE84A0E969382C7E7839D5B2FF44B55BDF1B314\"],\"place\":[\"\"],\"question\":[\"\"],\"time\":[\"\"]}','{\"msg\":\"æ“ä½œæˆåŠŸ\",\"code\":0}',0,NULL,'2024-03-05 11:01:48'),(141,'å«ç”Ÿ',1,'com.ruoyi.work.controller.CleanController.addSave()','POST',1,'admin','ç ”å‘éƒ¨é—¨','/work/clean/add','127.0.0.1','å†…ç½‘IP','{\"place\":[\"\"],\"question\":[\"\"],\"pic\":[\"\"],\"time\":[\"\"],\"name\":[\"guang feng\"],\"phone\":[\"13082631827\"]}',NULL,1,'\r\n### Error updating database.  Cause: com.mysql.cj.jdbc.exceptions.MysqlDataTruncation: Data truncation: Out of range value for column \'phone\' at row 1\r\n### The error may exist in com/ruoyi/work/mapper/CleanMapper.java (best guess)\r\n### The error may involve com.ruoyi.work.mapper.CleanMapper.insert-Inline\r\n### The error occurred while setting parameters\r\n### SQL: INSERT INTO clean  ( place, question, pic,  name, phone )  VALUES  ( ?, ?, ?,  ?, ? )\r\n### Cause: com.mysql.cj.jdbc.exceptions.MysqlDataTruncation: Data truncation: Out of range value for column \'phone\' at row 1\n; Data truncation: Out of range value for column \'phone\' at row 1; nested exception is com.mysql.cj.jdbc.exceptions.MysqlDataTruncation: Data truncation: Out of range value for column \'phone\' at row 1','2024-03-05 11:02:16'),(142,'å«ç”Ÿ',1,'com.ruoyi.work.controller.CleanController.addSave()','POST',1,'admin','ç ”å‘éƒ¨é—¨','/work/clean/add','127.0.0.1','å†…ç½‘IP','{\"place\":[\"\"],\"question\":[\"\"],\"pic\":[\"\"],\"time\":[\"\"],\"name\":[\"guang feng\"],\"phone\":[\"\"]}','{\"msg\":\"æ“ä½œæˆåŠŸ\",\"code\":0}',0,NULL,'2024-03-05 11:02:56'),(143,'å«ç”Ÿ',1,'com.ruoyi.work.controller.CleanController.addSave()','POST',1,'admin','ç ”å‘éƒ¨é—¨','/work/clean/add','127.0.0.1','å†…ç½‘IP','{\"place\":[\"\"],\"question\":[\"\"],\"pic\":[\"\"],\"time\":[\"\"],\"name\":[\"\"],\"phone\":[\"12334\"]}','{\"msg\":\"æ“ä½œæˆåŠŸ\",\"code\":0}',0,NULL,'2024-03-05 11:03:06'),(144,'å«ç”Ÿ',1,'com.ruoyi.work.controller.CleanController.addSave()','POST',1,'admin','ç ”å‘éƒ¨é—¨','/work/clean/add','127.0.0.1','å†…ç½‘IP','{\"place\":[\"\"],\"question\":[\"\"],\"pic\":[\"\"],\"time\":[\"\"],\"name\":[\"\"],\"phone\":[\"1234567891\"]}','{\"msg\":\"æ“ä½œæˆåŠŸ\",\"code\":0}',0,NULL,'2024-03-05 11:04:17'),(145,'å«ç”Ÿ',1,'com.ruoyi.work.controller.CleanController.addSave()','POST',1,'admin','ç ”å‘éƒ¨é—¨','/work/clean/add','127.0.0.1','å†…ç½‘IP','{\"place\":[\"\"],\"question\":[\"\"],\"pic\":[\"\"],\"time\":[\"\"],\"name\":[\"\"],\"phone\":[\"\"]}','{\"msg\":\"æ“ä½œæˆåŠŸ\",\"code\":0}',0,NULL,'2024-03-05 11:06:41'),(146,'å«ç”Ÿ',1,'com.ruoyi.work.controller.CleanController.addSave()','POST',1,'admin','ç ”å‘éƒ¨é—¨','/work/clean/add','127.0.0.1','å†…ç½‘IP','{\"place\":[\"\"],\"question\":[\"\"],\"pic\":[\"/profile/upload/2024/03/05/a49c1fe1-10bf-48a6-ac75-6949ab513c23.jpg\"],\"time\":[\"\"],\"name\":[\"\"],\"phone\":[\"\"]}','{\"msg\":\"æ“ä½œæˆåŠŸ\",\"code\":0}',0,NULL,'2024-03-05 11:06:49'),(147,'å«ç”Ÿ',3,'com.ruoyi.work.controller.CleanController.remove()','POST',1,'admin','ç ”å‘éƒ¨é—¨','/work/clean/remove','127.0.0.1','å†…ç½‘IP','{\"ids\":[\"10,11,12,13,14,15\"]}','{\"msg\":\"æ“ä½œæˆåŠŸ\",\"code\":0}',0,NULL,'2024-03-05 14:27:01'),(148,'ç»´ä¿®',3,'com.ruoyi.work.controller.SafeController.remove()','POST',1,'admin','ç ”å‘éƒ¨é—¨','/work/safe/remove','127.0.0.1','å†…ç½‘IP','{\"ids\":[\"10,9\"]}','{\"msg\":\"æ“ä½œæˆåŠŸ\",\"code\":0}',0,NULL,'2024-03-05 14:34:25'),(149,'ç»´ä¿®',3,'com.ruoyi.work.controller.SafeController.remove()','POST',1,'admin','ç ”å‘éƒ¨é—¨','/work/safe/remove','127.0.0.1','å†…ç½‘IP','{\"ids\":[\"12,11\"]}','{\"msg\":\"æ“ä½œæˆåŠŸ\",\"code\":0}',0,NULL,'2024-03-05 14:37:58'),(150,'ç»´ä¿®',1,'com.ruoyi.work.controller.SafeController.addSave()','POST',1,'admin','ç ”å‘éƒ¨é—¨','/work/safe/add','127.0.0.1','å†…ç½‘IP','{\"place\":[\"\"],\"type\":[\"\"],\"question\":[\"\"],\"pic\":[\"\"],\"time\":[\"\"],\"name\":[\"\"]}','{\"msg\":\"æ“ä½œæˆåŠŸ\",\"code\":0}',0,NULL,'2024-03-05 14:42:25'),(151,'ç»´ä¿®',1,'com.ruoyi.work.controller.SafeController.addSave()','POST',1,'admin','ç ”å‘éƒ¨é—¨','/work/safe/add','127.0.0.1','å†…ç½‘IP','{\"place\":[\"\"],\"type\":[\"\"],\"question\":[\"\"],\"pic\":[\"\"],\"time\":[\"\"],\"name\":[\"\"]}','{\"msg\":\"æ“ä½œæˆåŠŸ\",\"code\":0}',0,NULL,'2024-03-05 14:42:35'),(152,'ç»´ä¿®',1,'com.ruoyi.work.controller.SafeController.addSave()','POST',1,'admin','ç ”å‘éƒ¨é—¨','/work/safe/add','127.0.0.1','å†…ç½‘IP','{\"place\":[\"æ’’å¤§å¤§æ’’\"],\"type\":[\"\"],\"question\":[\"è¨è¾¾\"],\"pic\":[\"\"],\"time\":[\"\"],\"name\":[\"è¨è¾¾\"]}','{\"msg\":\"æ“ä½œæˆåŠŸ\",\"code\":0}',0,NULL,'2024-03-05 14:43:06'),(153,'ç»´ä¿®',1,'com.ruoyi.work.controller.SafeController.addSave()','POST',1,'admin','ç ”å‘éƒ¨é—¨','/work/safe/add','127.0.0.1','å†…ç½‘IP','{\"place\":[\"\"],\"type\":[\"\"],\"question\":[\"\"],\"pic\":[\"\"],\"time\":[\"\"],\"name\":[\"\"]}','{\"msg\":\"æ“ä½œæˆåŠŸ\",\"code\":0}',0,NULL,'2024-03-05 14:44:06'),(154,'ç»´ä¿®',3,'com.ruoyi.work.controller.SafeController.remove()','POST',1,'admin','ç ”å‘éƒ¨é—¨','/work/safe/remove','127.0.0.1','å†…ç½‘IP','{\"ids\":[\"16,13,14,8\"]}','{\"msg\":\"æ“ä½œæˆåŠŸ\",\"code\":0}',0,NULL,'2024-03-05 14:47:27'),(155,'ç»´ä¿®',1,'com.ruoyi.work.controller.SafeController.addSave()','POST',1,'admin','ç ”å‘éƒ¨é—¨','/work/safe/add','127.0.0.1','å†…ç½‘IP','{\"place\":[\"\"],\"type\":[\"\"],\"question\":[\"\"],\"pic\":[\"http://localhost/profile/upload/2024/03/05/592512c2-62c0-4b88-9658-c61665c44cc0.jpg\"],\"time\":[\"\"],\"name\":[\"\"]}','{\"msg\":\"æ“ä½œæˆåŠŸ\",\"code\":0}',0,NULL,'2024-03-05 14:47:34'),(156,'ç»´ä¿®',5,'com.ruoyi.work.controller.SafeController.export()','POST',1,'admin','ç ”å‘éƒ¨é—¨','/work/safe/export','127.0.0.1','å†…ç½‘IP','{\"place\":[\"\"],\"type\":[\"\"],\"question\":[\"\"],\"time\":[\"\"],\"name\":[\"\"],\"orderByColumn\":[\"\"],\"isAsc\":[\"asc\"]}','{\"msg\":\"2b434592-554a-44fd-baa7-8ee6d12bc949_safe.xlsx\",\"code\":0}',0,NULL,'2024-03-05 14:51:52'),(157,'ç»´ä¿®',5,'com.ruoyi.work.controller.SafeController.export()','POST',1,'admin','ç ”å‘éƒ¨é—¨','/work/safe/export','127.0.0.1','å†…ç½‘IP','{\"place\":[\"\"],\"type\":[\"\"],\"question\":[\"\"],\"time\":[\"\"],\"name\":[\"\"],\"orderByColumn\":[\"\"],\"isAsc\":[\"asc\"]}','{\"msg\":\"ba9fdbfa-10c0-4219-9ec2-bdffcc3c3e3b_safe.xlsx\",\"code\":0}',0,NULL,'2024-03-05 14:53:38'),(158,'ç»´ä¿®',1,'com.ruoyi.work.controller.SafeController.addSave()','POST',1,'admin','ç ”å‘éƒ¨é—¨','/work/safe/add','127.0.0.1','å†…ç½‘IP','{\"place\":[\"\"],\"type\":[\"\"],\"question\":[\"\"],\"pic\":[\"http://localhost/profile/upload/2024/03/05/1bfca499-fb37-4d7b-9fbe-408ebe0c8c9e.jpg\"],\"time\":[\"\"],\"name\":[\"\"]}','{\"msg\":\"æ“ä½œæˆåŠŸ\",\"code\":0}',0,NULL,'2024-03-05 15:03:54'),(159,'ä»£ç ç”Ÿæˆ',3,'com.ruoyi.generator.controller.GenController.remove()','POST',1,'admin','ç ”å‘éƒ¨é—¨','/tool/gen/remove','127.0.0.1','å†…ç½‘IP','{\"ids\":[\"10\"]}','{\"msg\":\"æ“ä½œæˆåŠŸ\",\"code\":0}',0,NULL,'2024-03-05 15:19:49'),(160,'ä»£ç ç”Ÿæˆ',6,'com.ruoyi.generator.controller.GenController.importTableSave()','POST',1,'admin','ç ”å‘éƒ¨é—¨','/tool/gen/importTable','127.0.0.1','å†…ç½‘IP','{\"tables\":[\"safe\"]}','{\"msg\":\"æ“ä½œæˆåŠŸ\",\"code\":0}',0,NULL,'2024-03-05 15:19:55'),(161,'ä»£ç ç”Ÿæˆ',2,'com.ruoyi.generator.controller.GenController.editSave()','POST',1,'admin','ç ”å‘éƒ¨é—¨','/tool/gen/edit','127.0.0.1','å†…ç½‘IP','{\"tableId\":[\"12\"],\"tableName\":[\"safe\"],\"tableComment\":[\"ç»´ä¿®\"],\"className\":[\"Safe\"],\"functionAuthor\":[\"SJY\"],\"remark\":[\"\"],\"columns[0].columnId\":[\"75\"],\"columns[0].sort\":[\"1\"],\"columns[0].columnComment\":[\"ID\"],\"columns[0].javaType\":[\"Integer\"],\"columns[0].javaField\":[\"id\"],\"columns[0].isList\":[\"1\"],\"columns[0].queryType\":[\"EQ\"],\"columns[0].htmlType\":[\"input\"],\"columns[0].dictType\":[\"\"],\"columns[1].columnId\":[\"76\"],\"columns[1].sort\":[\"2\"],\"columns[1].columnComment\":[\"åœ°ç‚¹\"],\"columns[1].javaType\":[\"String\"],\"columns[1].javaField\":[\"place\"],\"columns[1].isInsert\":[\"1\"],\"columns[1].isEdit\":[\"1\"],\"columns[1].isList\":[\"1\"],\"columns[1].isQuery\":[\"1\"],\"columns[1].queryType\":[\"EQ\"],\"columns[1].htmlType\":[\"input\"],\"columns[1].dictType\":[\"\"],\"columns[2].columnId\":[\"77\"],\"columns[2].sort\":[\"3\"],\"columns[2].columnComment\":[\"åˆ†ç±»\"],\"columns[2].javaType\":[\"String\"],\"columns[2].javaField\":[\"type\"],\"columns[2].isInsert\":[\"1\"],\"columns[2].isEdit\":[\"1\"],\"columns[2].isList\":[\"1\"],\"columns[2].isQuery\":[\"1\"],\"columns[2].queryType\":[\"EQ\"],\"columns[2].htmlType\":[\"select\"],\"columns[2].dictType\":[\"\"],\"columns[3].columnId\":[\"78\"],\"columns[3].sort\":[\"4\"],\"columns[3].columnComment\":[\"é—®é¢˜\"],\"columns[3].javaType\":[\"String\"],\"columns[3].javaField\":[\"question\"],\"columns[3].isInsert\":[\"1\"],\"columns[3].isEdit\":[\"1\"],\"columns[3].isList\":[\"1\"],\"columns[3].queryType\":[\"EQ\"],\"columns[3].htmlType\":[\"input\"],\"columns[3].dictType\":[\"\"],\"columns[4].columnId\":[\"79\"],\"columns[4].sort\":[\"5\"],\"columns[4].columnComment\":[\"å›¾ç‰‡\"],\"columns[4].javaType\":[\"String\"],\"columns[4].javaField\":[\"pic\"],\"columns[4].isInsert\":[\"1\"],\"columns[4].isEdit\":[\"1\"],\"columns[4].isList\":[\"1\"],\"columns[4].queryType\":[\"EQ\"],\"columns[4].htmlType\":[\"upload\"],\"columns[4].dictType\":[\"\"],\"columns[5].columnId\":[\"80\"],\"columns[5].sort\":[\"6\"],\"columns[5].columnComment\":[\"æ—¶é—´\"],\"columns[5].javaType\":[\"Date\"],\"columns[5].javaField\":[\"time\"],\"columns[5].isInsert\":[\"1\"],\"columns[5].isEdit\":[\"1\"],\"columns[5].isList\":[\"1\"],\"columns[5].isQuery\":[\"1\"],\"columns[5].','{\"msg\":\"æ“ä½œæˆåŠŸ\",\"code\":0}',0,NULL,'2024-03-05 15:21:30'),(162,'ä»£ç ç”Ÿæˆ',8,'com.ruoyi.generator.controller.GenController.download()','GET',1,'admin','ç ”å‘éƒ¨é—¨','/tool/gen/download/safe','127.0.0.1','å†…ç½‘IP','\"safe\"',NULL,0,NULL,'2024-03-05 15:21:36'),(163,'ç»´ä¿®',3,'com.ruoyi.work.controller.SafeController.remove()','POST',1,'admin','ç ”å‘éƒ¨é—¨','/work/safe/remove','127.0.0.1','å†…ç½‘IP','{\"ids\":[\"18\"]}','{\"msg\":\"æ“ä½œæˆåŠŸ\",\"code\":0}',0,NULL,'2024-03-05 15:25:17'),(164,'èœå•ç®¡ç†',3,'com.ruoyi.web.controller.system.SysMenuController.remove()','GET',1,'admin','ç ”å‘éƒ¨é—¨','/system/menu/remove/2068','127.0.0.1','å†…ç½‘IP','2068','{\"msg\":\"æ“ä½œæˆåŠŸ\",\"code\":0}',0,NULL,'2024-03-05 15:26:03'),(165,'èœå•ç®¡ç†',3,'com.ruoyi.web.controller.system.SysMenuController.remove()','GET',1,'admin','ç ”å‘éƒ¨é—¨','/system/menu/remove/2069','127.0.0.1','å†…ç½‘IP','2069','{\"msg\":\"æ“ä½œæˆåŠŸ\",\"code\":0}',0,NULL,'2024-03-05 15:26:08'),(166,'èœå•ç®¡ç†',3,'com.ruoyi.web.controller.system.SysMenuController.remove()','GET',1,'admin','ç ”å‘éƒ¨é—¨','/system/menu/remove/2070','127.0.0.1','å†…ç½‘IP','2070','{\"msg\":\"æ“ä½œæˆåŠŸ\",\"code\":0}',0,NULL,'2024-03-05 15:26:12'),(167,'èœå•ç®¡ç†',3,'com.ruoyi.web.controller.system.SysMenuController.remove()','GET',1,'admin','ç ”å‘éƒ¨é—¨','/system/menu/remove/2071','127.0.0.1','å†…ç½‘IP','2071','{\"msg\":\"æ“ä½œæˆåŠŸ\",\"code\":0}',0,NULL,'2024-03-05 15:26:17'),(168,'èœå•ç®¡ç†',3,'com.ruoyi.web.controller.system.SysMenuController.remove()','GET',1,'admin','ç ”å‘éƒ¨é—¨','/system/menu/remove/2072','127.0.0.1','å†…ç½‘IP','2072','{\"msg\":\"æ“ä½œæˆåŠŸ\",\"code\":0}',0,NULL,'2024-03-05 15:26:22'),(169,'èœå•ç®¡ç†',3,'com.ruoyi.web.controller.system.SysMenuController.remove()','GET',1,'admin','ç ”å‘éƒ¨é—¨','/system/menu/remove/2067','127.0.0.1','å†…ç½‘IP','2067','{\"msg\":\"æ“ä½œæˆåŠŸ\",\"code\":0}',0,NULL,'2024-03-05 15:26:27'),(170,'èœå•ç®¡ç†',3,'com.ruoyi.web.controller.system.SysMenuController.remove()','GET',1,'admin','ç ”å‘éƒ¨é—¨','/system/menu/remove/2026','127.0.0.1','å†…ç½‘IP','2026','{\"msg\":\"èœå•å·²åˆ†é…,ä¸å…è®¸åˆ é™¤\",\"code\":301}',0,NULL,'2024-03-05 15:26:32'),(171,'èœå•ç®¡ç†',3,'com.ruoyi.web.controller.system.SysMenuController.remove()','GET',1,'admin','ç ”å‘éƒ¨é—¨','/system/menu/remove/2063','127.0.0.1','å†…ç½‘IP','2063','{\"msg\":\"æ“ä½œæˆåŠŸ\",\"code\":0}',0,NULL,'2024-03-05 15:26:40'),(172,'èœå•ç®¡ç†',3,'com.ruoyi.web.controller.system.SysMenuController.remove()','GET',1,'admin','ç ”å‘éƒ¨é—¨','/system/menu/remove/2062','127.0.0.1','å†…ç½‘IP','2062','{\"msg\":\"æ“ä½œæˆåŠŸ\",\"code\":0}',0,NULL,'2024-03-05 15:26:46'),(173,'èœå•ç®¡ç†',3,'com.ruoyi.web.controller.system.SysMenuController.remove()','GET',1,'admin','ç ”å‘éƒ¨é—¨','/system/menu/remove/2065','127.0.0.1','å†…ç½‘IP','2065','{\"msg\":\"æ“ä½œæˆåŠŸ\",\"code\":0}',0,NULL,'2024-03-05 15:26:54'),(174,'èœå•ç®¡ç†',3,'com.ruoyi.web.controller.system.SysMenuController.remove()','GET',1,'admin','ç ”å‘éƒ¨é—¨','/system/menu/remove/2064','127.0.0.1','å†…ç½‘IP','2064','{\"msg\":\"æ“ä½œæˆåŠŸ\",\"code\":0}',0,NULL,'2024-03-05 15:26:58'),(175,'èœå•ç®¡ç†',3,'com.ruoyi.web.controller.system.SysMenuController.remove()','GET',1,'admin','ç ”å‘éƒ¨é—¨','/system/menu/remove/2066','127.0.0.1','å†…ç½‘IP','2066','{\"msg\":\"æ“ä½œæˆåŠŸ\",\"code\":0}',0,NULL,'2024-03-05 15:27:02'),(176,'èœå•ç®¡ç†',3,'com.ruoyi.web.controller.system.SysMenuController.remove()','GET',1,'admin','ç ”å‘éƒ¨é—¨','/system/menu/remove/2061','127.0.0.1','å†…ç½‘IP','2061','{\"msg\":\"æ“ä½œæˆåŠŸ\",\"code\":0}',0,NULL,'2024-03-05 15:27:08'),(177,'ç»´ä¿®',5,'com.ruoyi.work.controller.SafeController.export()','POST',1,'admin','ç ”å‘éƒ¨é—¨','/work/safe/export','127.0.0.1','å†…ç½‘IP','{\"place\":[\"\"],\"type\":[\"\"],\"time\":[\"\"],\"name\":[\"\"],\"orderByColumn\":[\"\"],\"isAsc\":[\"asc\"]}','{\"msg\":\"299f3526-1e0f-4b57-89fc-862950e1e3dc_safe.xlsx\",\"code\":0}',0,NULL,'2024-03-05 15:28:08'),(178,'å«ç”Ÿ',1,'com.ruoyi.work.controller.CleanController.addSave()','POST',1,'admin','ç ”å‘éƒ¨é—¨','/work/clean/add','127.0.0.1','å†…ç½‘IP','{\"place\":[\"\"],\"question\":[\"\"],\"pic\":[\"\"],\"time\":[\"\"],\"name\":[\"\"],\"phone\":[\"\"]}','{\"msg\":\"æ“ä½œæˆåŠŸ\",\"code\":0}',0,NULL,'2024-03-05 15:29:09'),(179,'å«ç”Ÿ',3,'com.ruoyi.work.controller.CleanController.remove()','POST',1,'admin','ç ”å‘éƒ¨é—¨','/work/clean/remove','127.0.0.1','å†…ç½‘IP','{\"ids\":[\"16\"]}','{\"msg\":\"æ“ä½œæˆåŠŸ\",\"code\":0}',0,NULL,'2024-03-05 15:29:14'),(180,'å«ç”Ÿ',1,'com.ruoyi.work.controller.CleanController.addSave()','POST',1,'admin','ç ”å‘éƒ¨é—¨','/work/clean/add','127.0.0.1','å†…ç½‘IP','{\"place\":[\"\"],\"question\":[\"\"],\"pic\":[\"/profile/upload/2024/03/05/5fee915e-a09b-4948-8767-9ba43ff0d38d.png\"],\"time\":[\"\"],\"name\":[\"\"],\"phone\":[\"\"]}','{\"msg\":\"æ“ä½œæˆåŠŸ\",\"code\":0}',0,NULL,'2024-03-05 15:29:37'),(181,'å«ç”Ÿ',5,'com.ruoyi.work.controller.CleanController.export()','POST',1,'admin','ç ”å‘éƒ¨é—¨','/work/clean/export','127.0.0.1','å†…ç½‘IP','{\"time\":[\"\"],\"name\":[\"\"],\"phone\":[\"\"],\"orderByColumn\":[\"\"],\"isAsc\":[\"asc\"]}','{\"msg\":\"587119cb-149a-43eb-8f42-adc6460db87e_clean.xlsx\",\"code\":0}',0,NULL,'2024-03-05 15:29:44'),(182,'å«ç”Ÿ',1,'com.ruoyi.work.controller.CleanController.addSave()','POST',1,'admin','ç ”å‘éƒ¨é—¨','/work/clean/add','127.0.0.1','å†…ç½‘IP','{\"place\":[\"\"],\"question\":[\"\"],\"pic\":[\"http://localhost/profile/upload/2024/03/05/c2d6dc0e-c754-499b-bc36-fafd53d2290a.png\"],\"time\":[\"\"],\"name\":[\"\"],\"phone\":[\"\"]}','{\"msg\":\"æ“ä½œæˆåŠŸ\",\"code\":0}',0,NULL,'2024-03-05 15:31:54'),(183,'å«ç”Ÿ',5,'com.ruoyi.work.controller.CleanController.export()','POST',1,'admin','ç ”å‘éƒ¨é—¨','/work/clean/export','127.0.0.1','å†…ç½‘IP','{\"time\":[\"\"],\"name\":[\"\"],\"phone\":[\"\"],\"orderByColumn\":[\"\"],\"isAsc\":[\"asc\"]}','{\"msg\":\"b0751244-a4ed-44ec-8dfe-8ca40a9c6cc9_clean.xlsx\",\"code\":0}',0,NULL,'2024-03-05 15:31:57'),(184,'å«ç”Ÿ',1,'com.ruoyi.work.controller.CleanController.addSave()','POST',1,'admin','ç ”å‘éƒ¨é—¨','/work/clean/add','127.0.0.1','å†…ç½‘IP','{\"place\":[\"\"],\"question\":[\"\"],\"pic\":[\"/profile/upload/2024/03/05/fac4d092-3bce-4513-9a47-3ad0ab7fcb1a.jpg\"],\"time\":[\"\"],\"name\":[\"\"],\"phone\":[\"\"]}','{\"msg\":\"æ“ä½œæˆåŠŸ\",\"code\":0}',0,NULL,'2024-03-05 15:33:31'),(185,'å«ç”Ÿ',5,'com.ruoyi.work.controller.CleanController.export()','POST',1,'admin','ç ”å‘éƒ¨é—¨','/work/clean/export','127.0.0.1','å†…ç½‘IP','{\"time\":[\"\"],\"name\":[\"\"],\"phone\":[\"\"],\"orderByColumn\":[\"\"],\"isAsc\":[\"asc\"]}','{\"msg\":\"0c0077a5-be8d-4d02-aeee-1053d430e582_clean.xlsx\",\"code\":0}',0,NULL,'2024-03-05 15:33:34'),(186,'å«ç”Ÿ',5,'com.ruoyi.work.controller.CleanController.export()','POST',1,'admin','ç ”å‘éƒ¨é—¨','/work/clean/export','127.0.0.1','å†…ç½‘IP','{\"time\":[\"\"],\"name\":[\"\"],\"phone\":[\"\"],\"orderByColumn\":[\"\"],\"isAsc\":[\"asc\"]}','{\"msg\":\"19119663-9ba5-43ff-b7bd-781a3ce3c1d9_clean.xlsx\",\"code\":0}',0,NULL,'2024-03-05 15:35:19'),(187,'å«ç”Ÿ',3,'com.ruoyi.work.controller.CleanController.remove()','POST',1,'admin','ç ”å‘éƒ¨é—¨','/work/clean/remove','127.0.0.1','å†…ç½‘IP','{\"ids\":[\"20\"]}','{\"msg\":\"æ“ä½œæˆåŠŸ\",\"code\":0}',0,NULL,'2024-03-05 15:35:34'),(188,'å«ç”Ÿ',5,'com.ruoyi.work.controller.CleanController.export()','POST',1,'admin','ç ”å‘éƒ¨é—¨','/work/clean/export','127.0.0.1','å†…ç½‘IP','{\"time\":[\"\"],\"name\":[\"\"],\"phone\":[\"\"],\"orderByColumn\":[\"\"],\"isAsc\":[\"asc\"]}','{\"msg\":\"2f2885ad-9d95-4191-93c5-dc74fa8525fd_clean.xlsx\",\"code\":0}',0,NULL,'2024-03-06 08:16:16'),(189,'å«ç”Ÿ',3,'com.ruoyi.work.controller.CleanController.remove()','POST',1,'admin','ç ”å‘éƒ¨é—¨','/work/clean/remove','127.0.0.1','å†…ç½‘IP','{\"ids\":[\"18\"]}','{\"msg\":\"æ“ä½œæˆåŠŸ\",\"code\":0}',0,NULL,'2024-03-06 08:18:47'),(190,'å«ç”Ÿ',5,'com.ruoyi.work.controller.CleanController.export()','POST',1,'admin','ç ”å‘éƒ¨é—¨','/work/clean/export','127.0.0.1','å†…ç½‘IP','{\"time\":[\"\"],\"name\":[\"\"],\"phone\":[\"\"],\"orderByColumn\":[\"\"],\"isAsc\":[\"asc\"]}','{\"msg\":\"94d59065-61c8-49a8-a7f7-cabaad26e2a2_clean.xlsx\",\"code\":0}',0,NULL,'2024-03-06 08:19:17'),(191,'ç»´ä¿®',5,'com.ruoyi.work.controller.SafeController.export()','POST',1,'admin','ç ”å‘éƒ¨é—¨','/work/safe/export','127.0.0.1','å†…ç½‘IP','{\"place\":[\"\"],\"type\":[\"\"],\"time\":[\"\"],\"name\":[\"\"],\"orderByColumn\":[\"\"],\"isAsc\":[\"asc\"]}','{\"msg\":\"ce63b5e3-5d7f-4b3d-9811-88d32b87c6d6_safe.xlsx\",\"code\":0}',0,NULL,'2024-03-06 08:19:58'),(192,'å«ç”Ÿ',3,'com.ruoyi.work.controller.CleanController.remove()','POST',1,'admin','ç ”å‘éƒ¨é—¨','/work/clean/remove','127.0.0.1','å†…ç½‘IP','{\"ids\":[\"21,22\"]}','{\"msg\":\"æ“ä½œæˆåŠŸ\",\"code\":0}',0,NULL,'2024-03-06 08:20:27'),(193,'å«ç”Ÿ',5,'com.ruoyi.work.controller.CleanController.export()','POST',1,'admin','ç ”å‘éƒ¨é—¨','/work/clean/export','127.0.0.1','å†…ç½‘IP','{\"time\":[\"\"],\"name\":[\"\"],\"phone\":[\"\"],\"orderByColumn\":[\"\"],\"isAsc\":[\"asc\"]}','{\"msg\":\"775f6cfc-1d10-4c5d-96e7-3a38fe5c3f61_clean.xlsx\",\"code\":0}',0,NULL,'2024-03-06 08:21:34'),(194,'å«ç”Ÿ',5,'com.ruoyi.work.controller.CleanController.export()','POST',1,'admin','ç ”å‘éƒ¨é—¨','/work/clean/export','127.0.0.1','å†…ç½‘IP','{\"time\":[\"\"],\"name\":[\"\"],\"phone\":[\"\"],\"orderByColumn\":[\"\"],\"isAsc\":[\"asc\"]}','{\"msg\":\"443f0f8a-2f3a-498c-b351-f5001dcb8304_clean.xlsx\",\"code\":0}',0,NULL,'2024-03-06 08:22:40'),(195,'å«ç”Ÿ',3,'com.ruoyi.work.controller.CleanController.remove()','POST',1,'admin','ç ”å‘éƒ¨é—¨','/work/clean/remove','127.0.0.1','å†…ç½‘IP','{\"ids\":[\"23,24\"]}','{\"msg\":\"æ“ä½œæˆåŠŸ\",\"code\":0}',0,NULL,'2024-03-06 08:23:02'),(196,'å«ç”Ÿ',5,'com.ruoyi.work.controller.CleanController.export()','POST',1,'admin','ç ”å‘éƒ¨é—¨','/work/clean/export','127.0.0.1','å†…ç½‘IP','{\"time\":[\"\"],\"name\":[\"\"],\"phone\":[\"\"],\"orderByColumn\":[\"\"],\"isAsc\":[\"asc\"]}','{\"msg\":\"754d791e-8b3f-44c6-bc82-ff1bfdb34dd1_clean.xlsx\",\"code\":0}',0,NULL,'2024-03-06 08:24:23'),(197,'å«ç”Ÿ',1,'com.ruoyi.work.controller.CleanController.addSave()','POST',1,'admin','ç ”å‘éƒ¨é—¨','/work/clean/add','127.0.0.1','å†…ç½‘IP','{\"place\":[\"\"],\"question\":[\"\"],\"pic\":[\"/image/upload/2024/03/06/92ccaf79-e4ee-4c3b-87f3-f794eb4dadd0.jpg\"],\"time\":[\"\"],\"name\":[\"\"],\"phone\":[\"\"]}','{\"msg\":\"æ“ä½œæˆåŠŸ\",\"code\":0}',0,NULL,'2024-03-06 08:24:47'),(198,'å«ç”Ÿ',5,'com.ruoyi.work.controller.CleanController.export()','POST',1,'admin','ç ”å‘éƒ¨é—¨','/work/clean/export','127.0.0.1','å†…ç½‘IP','{\"time\":[\"\"],\"name\":[\"\"],\"phone\":[\"\"],\"orderByColumn\":[\"\"],\"isAsc\":[\"asc\"]}','{\"msg\":\"d7a1a47e-b4b8-42c7-a2e5-982808c746fb_clean.xlsx\",\"code\":0}',0,NULL,'2024-03-06 08:24:53'),(199,'å«ç”Ÿ',5,'com.ruoyi.work.controller.CleanController.export()','POST',1,'admin','ç ”å‘éƒ¨é—¨','/work/clean/export','127.0.0.1','å†…ç½‘IP','{\"time\":[\"\"],\"name\":[\"\"],\"phone\":[\"\"],\"orderByColumn\":[\"\"],\"isAsc\":[\"asc\"]}','{\"msg\":\"fe0b508c-9f25-4976-b84e-02aa3650572a_clean.xlsx\",\"code\":0}',0,NULL,'2024-03-06 08:25:51'),(200,'å«ç”Ÿ',5,'com.ruoyi.work.controller.CleanController.export()','POST',1,'admin','ç ”å‘éƒ¨é—¨','/work/clean/export','127.0.0.1','å†…ç½‘IP','{\"time\":[\"\"],\"name\":[\"\"],\"phone\":[\"\"],\"orderByColumn\":[\"\"],\"isAsc\":[\"asc\"]}','{\"msg\":\"45235429-b6e9-45b6-ab81-cc41b1f8defb_clean.xlsx\",\"code\":0}',0,NULL,'2024-03-06 08:30:37'),(201,'å«ç”Ÿ',3,'com.ruoyi.work.controller.CleanController.remove()','POST',1,'admin','ç ”å‘éƒ¨é—¨','/work/clean/remove','127.0.0.1','å†…ç½‘IP','{\"ids\":[\"25,26,27\"]}','{\"msg\":\"æ“ä½œæˆåŠŸ\",\"code\":0}',0,NULL,'2024-03-06 08:30:53'),(202,'å«ç”Ÿ',5,'com.ruoyi.work.controller.CleanController.export()','POST',1,'admin','ç ”å‘éƒ¨é—¨','/work/clean/export','127.0.0.1','å†…ç½‘IP','{\"time\":[\"\"],\"name\":[\"\"],\"phone\":[\"\"],\"orderByColumn\":[\"\"],\"isAsc\":[\"asc\"]}','{\"msg\":\"7660fa99-b7f4-4cf6-8de2-de2abbf6c458_clean.xlsx\",\"code\":0}',0,NULL,'2024-03-06 08:31:51'),(203,'å«ç”Ÿ',1,'com.ruoyi.work.controller.CleanController.addSave()','POST',1,'admin','ç ”å‘éƒ¨é—¨','/work/clean/add','127.0.0.1','å†…ç½‘IP','{\"place\":[\"\"],\"question\":[\"åœ°é¢æœ‰åƒåœ¾ï¼Œæ¡Œå­ä¸æ•´é½\"],\"pic\":[\"\"],\"time\":[\"\"],\"name\":[\"\"],\"phone\":[\"\"]}','{\"msg\":\"æ“ä½œæˆåŠŸ\",\"code\":0}',0,NULL,'2024-03-06 08:33:23'),(204,'å«ç”Ÿ',5,'com.ruoyi.work.controller.CleanController.export()','POST',1,'admin','ç ”å‘éƒ¨é—¨','/work/clean/export','127.0.0.1','å†…ç½‘IP','{\"time\":[\"\"],\"name\":[\"\"],\"phone\":[\"\"],\"orderByColumn\":[\"\"],\"isAsc\":[\"asc\"]}','{\"msg\":\"9fd9e5ab-af2f-4640-b5f7-367ba1b4b940_clean.xlsx\",\"code\":0}',0,NULL,'2024-03-06 08:33:46'),(205,'å«ç”Ÿ',5,'com.ruoyi.work.controller.CleanController.export()','POST',1,'admin','ç ”å‘éƒ¨é—¨','/work/clean/export','127.0.0.1','å†…ç½‘IP','{\"time\":[\"\"],\"name\":[\"\"],\"phone\":[\"\"],\"orderByColumn\":[\"\"],\"isAsc\":[\"asc\"]}','{\"msg\":\"173bbcff-1151-4864-b423-b79f59379d91_clean.xlsx\",\"code\":0}',0,NULL,'2024-03-06 08:36:13'),(206,'å«ç”Ÿ',5,'com.ruoyi.work.controller.CleanController.export()','POST',1,'admin','ç ”å‘éƒ¨é—¨','/work/clean/export','127.0.0.1','å†…ç½‘IP','{\"time\":[\"\"],\"name\":[\"\"],\"phone\":[\"\"],\"orderByColumn\":[\"\"],\"isAsc\":[\"asc\"]}','{\"msg\":\"3f4220a2-72d4-4f6b-8811-e28da84aa141_clean.xlsx\",\"code\":0}',0,NULL,'2024-03-06 08:37:09'),(207,'å«ç”Ÿ',1,'com.ruoyi.work.controller.CleanController.addSave()','POST',1,'admin','ç ”å‘éƒ¨é—¨','/work/clean/add','127.0.0.1','å†…ç½‘IP','{\"place\":[\"\"],\"question\":[\"å•Šå•Šå•Šå•Šå•Šå•Šå•Šå•Šå•Šå•Šå•Šå•Šå•Šå•Šå•Šå•Šå•Šå•Šå•Šå•Šå•Šå•Šå•Šå•Šå•Šå•Šå•Šå•Šå•Šå•Šå•Šå•Šå•Šå•Šå•Šå•Šå•Šå•Š\"],\"pic\":[\"\"],\"time\":[\"\"],\"name\":[\"\"],\"phone\":[\"\"]}','{\"msg\":\"æ“ä½œæˆåŠŸ\",\"code\":0}',0,NULL,'2024-03-06 08:38:13'),(208,'å«ç”Ÿ',5,'com.ruoyi.work.controller.CleanController.export()','POST',1,'admin','ç ”å‘éƒ¨é—¨','/work/clean/export','127.0.0.1','å†…ç½‘IP','{\"time\":[\"\"],\"name\":[\"\"],\"phone\":[\"\"],\"orderByColumn\":[\"\"],\"isAsc\":[\"asc\"]}','{\"msg\":\"22660b49-9e9a-43f7-b9cd-6fed1fd8cbb7_clean.xlsx\",\"code\":0}',0,NULL,'2024-03-06 08:38:16'),(209,'å«ç”Ÿ',3,'com.ruoyi.work.controller.CleanController.remove()','POST',1,'admin','ç ”å‘éƒ¨é—¨','/work/clean/remove','127.0.0.1','å†…ç½‘IP','{\"ids\":[\"30\"]}','{\"msg\":\"æ“ä½œæˆåŠŸ\",\"code\":0}',0,NULL,'2024-03-06 08:41:39'),(210,'å«ç”Ÿ',5,'com.ruoyi.work.controller.CleanController.export()','POST',1,'admin','ç ”å‘éƒ¨é—¨','/work/clean/export','127.0.0.1','å†…ç½‘IP','{\"time\":[\"\"],\"name\":[\"\"],\"phone\":[\"\"],\"orderByColumn\":[\"\"],\"isAsc\":[\"asc\"]}','{\"msg\":\"6455db5e-d1b3-4ef6-8cb4-d0382c2f4f62_clean.xlsx\",\"code\":0}',0,NULL,'2024-03-06 08:41:41'),(211,'å«ç”Ÿ',5,'com.ruoyi.work.controller.CleanController.export()','POST',1,'admin','ç ”å‘éƒ¨é—¨','/work/clean/export','127.0.0.1','å†…ç½‘IP','{\"time\":[\"\"],\"name\":[\"\"],\"phone\":[\"\"],\"orderByColumn\":[\"\"],\"isAsc\":[\"asc\"]}','{\"msg\":\"fc1eae45-5ae3-40fb-bed6-138b8433c521_clean.xlsx\",\"code\":0}',0,NULL,'2024-03-06 08:42:33'),(212,'å«ç”Ÿ',1,'com.ruoyi.work.controller.CleanController.addSave()','POST',1,'admin','ç ”å‘éƒ¨é—¨','/work/clean/add','127.0.0.1','å†…ç½‘IP','{\"place\":[\"\"],\"question\":[\"æ’’è°æ¥å£å¯¹æ¥å“ˆè¨å…‹ç­‰å“ˆå¯è§åº¦æ’’çœ‹è§çš„æ˜¯\"],\"pic\":[\"\"],\"time\":[\"\"],\"name\":[\"\"],\"phone\":[\"\"]}','{\"msg\":\"æ“ä½œæˆåŠŸ\",\"code\":0}',0,NULL,'2024-03-06 08:43:10'),(213,'å«ç”Ÿ',5,'com.ruoyi.work.controller.CleanController.export()','POST',1,'admin','ç ”å‘éƒ¨é—¨','/work/clean/export','127.0.0.1','å†…ç½‘IP','{\"time\":[\"\"],\"name\":[\"\"],\"phone\":[\"\"],\"orderByColumn\":[\"\"],\"isAsc\":[\"asc\"]}','{\"msg\":\"d468d7fc-9c2a-4334-83d7-af408a0abea2_clean.xlsx\",\"code\":0}',0,NULL,'2024-03-06 08:43:14'),(214,'å«ç”Ÿ',5,'com.ruoyi.work.controller.CleanController.export()','POST',1,'admin','ç ”å‘éƒ¨é—¨','/work/clean/export','127.0.0.1','å†…ç½‘IP','{\"time\":[\"\"],\"name\":[\"\"],\"phone\":[\"\"],\"orderByColumn\":[\"\"],\"isAsc\":[\"asc\"]}','{\"msg\":\"e64ecf01-f2b3-43a1-a8eb-5adfe691853a_clean.xlsx\",\"code\":0}',0,NULL,'2024-03-06 08:46:31'),(215,'å«ç”Ÿ',5,'com.ruoyi.work.controller.CleanController.export()','POST',1,'admin','ç ”å‘éƒ¨é—¨','/work/clean/export','127.0.0.1','å†…ç½‘IP','{\"time\":[\"\"],\"name\":[\"\"],\"phone\":[\"\"],\"orderByColumn\":[\"\"],\"isAsc\":[\"asc\"]}','{\"msg\":\"24a05220-94b6-4863-8088-e9ba6d3b09fe_clean.xlsx\",\"code\":0}',0,NULL,'2024-03-06 08:50:30'),(216,'å«ç”Ÿ',5,'com.ruoyi.work.controller.CleanController.export()','POST',1,'admin','ç ”å‘éƒ¨é—¨','/work/clean/export','127.0.0.1','å†…ç½‘IP','{\"time\":[\"\"],\"name\":[\"\"],\"phone\":[\"\"],\"orderByColumn\":[\"\"],\"isAsc\":[\"asc\"]}','{\"msg\":\"fd93d76d-c813-41e0-b6c6-4c6f2730e077_clean.xlsx\",\"code\":0}',0,NULL,'2024-03-06 08:51:42'),(217,'ç»´ä¿®',1,'com.ruoyi.work.controller.SafeController.addSave()','POST',1,'admin','ç ”å‘éƒ¨é—¨','/work/safe/add','127.0.0.1','å†…ç½‘IP','{\"place\":[\"\"],\"type\":[\"\"],\"question\":[\"\"],\"pic\":[\"/profile/upload/2024/03/06/ca6eff9c-3013-469c-97d0-afb5a918add5.jpg\"],\"time\":[\"\"],\"name\":[\"\"],\"phone\":[\"\"]}','{\"msg\":\"æ“ä½œæˆåŠŸ\",\"code\":0}',0,NULL,'2024-03-06 10:00:19'),(218,'ä»£ç ç”Ÿæˆ',2,'com.ruoyi.generator.controller.GenController.synchDb()','GET',1,'admin','ç ”å‘éƒ¨é—¨','/tool/gen/synchDb/clean','127.0.0.1','å†…ç½‘IP','\"clean\"','{\"msg\":\"æ“ä½œæˆåŠŸ\",\"code\":0}',0,NULL,'2024-03-06 10:35:14'),(219,'å­—å…¸ç±»å‹',1,'com.ruoyi.web.controller.system.SysDictTypeController.addSave()','POST',1,'admin','ç ”å‘éƒ¨é—¨','/system/dict/add','127.0.0.1','å†…ç½‘IP','{\"dictName\":[\"å«ç”ŸçŠ¶æ€\"],\"dictType\":[\"work_clean_status\"],\"status\":[\"0\"],\"remark\":[\"\"]}','{\"msg\":\"æ“ä½œæˆåŠŸ\",\"code\":0}',0,NULL,'2024-03-06 10:37:36'),(220,'å­—å…¸æ•°æ®',1,'com.ruoyi.web.controller.system.SysDictDataController.addSave()','POST',1,'admin','ç ”å‘éƒ¨é—¨','/system/dict/data/add','127.0.0.1','å†…ç½‘IP','{\"dictLabel\":[\"å·²å®Œæˆ\"],\"dictValue\":[\"1\"],\"dictType\":[\"work_clean_status\"],\"cssClass\":[\"\"],\"dictSort\":[\"0\"],\"listClass\":[\"success\"],\"isDefault\":[\"Y\"],\"status\":[\"0\"],\"remark\":[\"\"]}','{\"msg\":\"æ“ä½œæˆåŠŸ\",\"code\":0}',0,NULL,'2024-03-06 10:39:03'),(221,'å­—å…¸æ•°æ®',1,'com.ruoyi.web.controller.system.SysDictDataController.addSave()','POST',1,'admin','ç ”å‘éƒ¨é—¨','/system/dict/data/add','127.0.0.1','å†…ç½‘IP','{\"dictLabel\":[\"æœªå®Œæˆ\"],\"dictValue\":[\"0\"],\"dictType\":[\"work_clean_status\"],\"cssClass\":[\"\"],\"dictSort\":[\"2\"],\"listClass\":[\"warning\"],\"isDefault\":[\"Y\"],\"status\":[\"0\"],\"remark\":[\"\"]}','{\"msg\":\"æ“ä½œæˆåŠŸ\",\"code\":0}',0,NULL,'2024-03-06 10:41:27'),(222,'å­—å…¸æ•°æ®',2,'com.ruoyi.web.controller.system.SysDictDataController.editSave()','POST',1,'admin','ç ”å‘éƒ¨é—¨','/system/dict/data/edit','127.0.0.1','å†…ç½‘IP','{\"dictCode\":[\"31\"],\"dictLabel\":[\"æœªå®Œæˆ\"],\"dictValue\":[\"0\"],\"dictType\":[\"work_clean_status\"],\"cssClass\":[\"\"],\"dictSort\":[\"1\"],\"listClass\":[\"warning\"],\"isDefault\":[\"Y\"],\"status\":[\"0\"],\"remark\":[\"\"]}','{\"msg\":\"æ“ä½œæˆåŠŸ\",\"code\":0}',0,NULL,'2024-03-06 10:41:37'),(223,'ä»£ç ç”Ÿæˆ',2,'com.ruoyi.generator.controller.GenController.editSave()','POST',1,'admin','ç ”å‘éƒ¨é—¨','/tool/gen/edit','127.0.0.1','å†…ç½‘IP','{\"tableId\":[\"11\"],\"tableName\":[\"clean\"],\"tableComment\":[\"å«ç”Ÿè¡¨\"],\"className\":[\"Clean\"],\"functionAuthor\":[\"SJY\"],\"remark\":[\"\"],\"columns[0].columnId\":[\"68\"],\"columns[0].sort\":[\"1\"],\"columns[0].columnComment\":[\"ID\"],\"columns[0].javaType\":[\"Long\"],\"columns[0].javaField\":[\"id\"],\"columns[0].isList\":[\"1\"],\"columns[0].queryType\":[\"EQ\"],\"columns[0].htmlType\":[\"input\"],\"columns[0].dictType\":[\"\"],\"columns[1].columnId\":[\"69\"],\"columns[1].sort\":[\"2\"],\"columns[1].columnComment\":[\"åœ°ç‚¹\"],\"columns[1].javaType\":[\"String\"],\"columns[1].javaField\":[\"place\"],\"columns[1].isInsert\":[\"1\"],\"columns[1].isEdit\":[\"1\"],\"columns[1].isList\":[\"1\"],\"columns[1].isQuery\":[\"1\"],\"columns[1].queryType\":[\"EQ\"],\"columns[1].htmlType\":[\"textarea\"],\"columns[1].dictType\":[\"\"],\"columns[2].columnId\":[\"70\"],\"columns[2].sort\":[\"3\"],\"columns[2].columnComment\":[\"é—®é¢˜\"],\"columns[2].javaType\":[\"String\"],\"columns[2].javaField\":[\"question\"],\"columns[2].isInsert\":[\"1\"],\"columns[2].isEdit\":[\"1\"],\"columns[2].isList\":[\"1\"],\"columns[2].isQuery\":[\"1\"],\"columns[2].queryType\":[\"EQ\"],\"columns[2].htmlType\":[\"textarea\"],\"columns[2].dictType\":[\"\"],\"columns[3].columnId\":[\"71\"],\"columns[3].sort\":[\"4\"],\"columns[3].columnComment\":[\"å›¾ç‰‡\"],\"columns[3].javaType\":[\"String\"],\"columns[3].javaField\":[\"pic\"],\"columns[3].isInsert\":[\"1\"],\"columns[3].isEdit\":[\"1\"],\"columns[3].isList\":[\"1\"],\"columns[3].queryType\":[\"EQ\"],\"columns[3].htmlType\":[\"upload\"],\"columns[3].dictType\":[\"\"],\"columns[4].columnId\":[\"72\"],\"columns[4].sort\":[\"5\"],\"columns[4].columnComment\":[\"æ—¶é—´\"],\"columns[4].javaType\":[\"Date\"],\"columns[4].javaField\":[\"time\"],\"columns[4].isInsert\":[\"1\"],\"columns[4].isEdit\":[\"1\"],\"columns[4].isList\":[\"1\"],\"columns[4].isQuery\":[\"1\"],\"columns[4].queryType\":[\"EQ\"],\"columns[4].htmlType\":[\"datetime\"],\"columns[4].dictType\":[\"\"],\"columns[5].columnId\":[\"73\"],\"columns[5].sort\":[\"6\"],\"columns[5].columnComment\":[\"å®¡æ ¸äºº\"],\"columns[5].javaType\":[\"String\"],\"columns[5].javaField\":[\"name\"],\"columns[5].isInsert\":[\"1\"],\"columns[5].isEdit\":[\"1\"],\"columns[5].isList\":[\"1\"],\"co','{\"msg\":\"æ“ä½œæˆåŠŸ\",\"code\":0}',0,NULL,'2024-03-06 10:42:15'),(224,'ä»£ç ç”Ÿæˆ',8,'com.ruoyi.generator.controller.GenController.download()','GET',1,'admin','ç ”å‘éƒ¨é—¨','/tool/gen/download/clean','127.0.0.1','å†…ç½‘IP','\"clean\"',NULL,0,NULL,'2024-03-06 10:42:19'),(225,'ä»£ç ç”Ÿæˆ',3,'com.ruoyi.generator.controller.GenController.remove()','POST',1,'admin','ç ”å‘éƒ¨é—¨','/tool/gen/remove','127.0.0.1','å†…ç½‘IP','{\"ids\":[\"11\"]}','{\"msg\":\"æ“ä½œæˆåŠŸ\",\"code\":0}',0,NULL,'2024-03-06 10:52:09'),(226,'ä»£ç ç”Ÿæˆ',6,'com.ruoyi.generator.controller.GenController.importTableSave()','POST',1,'admin','ç ”å‘éƒ¨é—¨','/tool/gen/importTable','127.0.0.1','å†…ç½‘IP','{\"tables\":[\"clean\"]}','{\"msg\":\"æ“ä½œæˆåŠŸ\",\"code\":0}',0,NULL,'2024-03-06 10:52:36'),(227,'å­—å…¸æ•°æ®',2,'com.ruoyi.web.controller.system.SysDictDataController.editSave()','POST',1,'admin','ç ”å‘éƒ¨é—¨','/system/dict/data/edit','127.0.0.1','å†…ç½‘IP','{\"dictCode\":[\"30\"],\"dictLabel\":[\"å·²å®Œæˆ\"],\"dictValue\":[\"1\"],\"dictType\":[\"work_clean_status\"],\"cssClass\":[\"\"],\"dictSort\":[\"0\"],\"listClass\":[\"success\"],\"isDefault\":[\"Y\"],\"status\":[\"0\"],\"remark\":[\"\"]}','{\"msg\":\"æ“ä½œæˆåŠŸ\",\"code\":0}',0,NULL,'2024-03-06 10:53:56'),(228,'å­—å…¸æ•°æ®',2,'com.ruoyi.web.controller.system.SysDictDataController.editSave()','POST',1,'admin','ç ”å‘éƒ¨é—¨','/system/dict/data/edit','127.0.0.1','å†…ç½‘IP','{\"dictCode\":[\"31\"],\"dictLabel\":[\"æœªå®Œæˆ\"],\"dictValue\":[\"0\"],\"dictType\":[\"work_clean_status\"],\"cssClass\":[\"\"],\"dictSort\":[\"1\"],\"listClass\":[\"warning\"],\"isDefault\":[\"Y\"],\"status\":[\"0\"],\"remark\":[\"\"]}','{\"msg\":\"æ“ä½œæˆåŠŸ\",\"code\":0}',0,NULL,'2024-03-06 10:54:01'),(229,'ä»£ç ç”Ÿæˆ',2,'com.ruoyi.generator.controller.GenController.editSave()','POST',1,'admin','ç ”å‘éƒ¨é—¨','/tool/gen/edit','127.0.0.1','å†…ç½‘IP','{\"tableId\":[\"13\"],\"tableName\":[\"clean\"],\"tableComment\":[\"å«ç”Ÿè¡¨\"],\"className\":[\"Clean\"],\"functionAuthor\":[\"SJY\"],\"remark\":[\"\"],\"columns[0].columnId\":[\"84\"],\"columns[0].sort\":[\"1\"],\"columns[0].columnComment\":[\"ID\"],\"columns[0].javaType\":[\"Long\"],\"columns[0].javaField\":[\"id\"],\"columns[0].isInsert\":[\"1\"],\"columns[0].queryType\":[\"EQ\"],\"columns[0].htmlType\":[\"input\"],\"columns[0].dictType\":[\"\"],\"columns[1].columnId\":[\"85\"],\"columns[1].sort\":[\"2\"],\"columns[1].columnComment\":[\"åœ°ç‚¹\"],\"columns[1].javaType\":[\"String\"],\"columns[1].javaField\":[\"place\"],\"columns[1].isInsert\":[\"1\"],\"columns[1].isEdit\":[\"1\"],\"columns[1].isList\":[\"1\"],\"columns[1].isQuery\":[\"1\"],\"columns[1].queryType\":[\"EQ\"],\"columns[1].htmlType\":[\"textarea\"],\"columns[1].dictType\":[\"\"],\"columns[2].columnId\":[\"86\"],\"columns[2].sort\":[\"3\"],\"columns[2].columnComment\":[\"é—®é¢˜\"],\"columns[2].javaType\":[\"String\"],\"columns[2].javaField\":[\"question\"],\"columns[2].isInsert\":[\"1\"],\"columns[2].isEdit\":[\"1\"],\"columns[2].isList\":[\"1\"],\"columns[2].isQuery\":[\"1\"],\"columns[2].queryType\":[\"EQ\"],\"columns[2].htmlType\":[\"textarea\"],\"columns[2].dictType\":[\"\"],\"columns[3].columnId\":[\"87\"],\"columns[3].sort\":[\"4\"],\"columns[3].columnComment\":[\"å›¾ç‰‡\"],\"columns[3].javaType\":[\"String\"],\"columns[3].javaField\":[\"pic\"],\"columns[3].isInsert\":[\"1\"],\"columns[3].isEdit\":[\"1\"],\"columns[3].isList\":[\"1\"],\"columns[3].isQuery\":[\"1\"],\"columns[3].queryType\":[\"EQ\"],\"columns[3].htmlType\":[\"textarea\"],\"columns[3].dictType\":[\"\"],\"columns[4].columnId\":[\"88\"],\"columns[4].sort\":[\"5\"],\"columns[4].columnComment\":[\"æ—¶é—´\"],\"columns[4].javaType\":[\"Date\"],\"columns[4].javaField\":[\"time\"],\"columns[4].isInsert\":[\"1\"],\"columns[4].isEdit\":[\"1\"],\"columns[4].isList\":[\"1\"],\"columns[4].isQuery\":[\"1\"],\"columns[4].queryType\":[\"EQ\"],\"columns[4].htmlType\":[\"datetime\"],\"columns[4].dictType\":[\"\"],\"columns[5].columnId\":[\"89\"],\"columns[5].sort\":[\"6\"],\"columns[5].columnComment\":[\"å®¡æ ¸äºº\"],\"columns[5].javaType\":[\"String\"],\"columns[5].javaField\":[\"name\"],\"columns[5].isInsert\":[\"1\"],\"columns[5].isEdit\":[\"1\"','{\"msg\":\"æ“ä½œæˆåŠŸ\",\"code\":0}',0,NULL,'2024-03-06 10:54:26'),(230,'ä»£ç ç”Ÿæˆ',8,'com.ruoyi.generator.controller.GenController.download()','GET',1,'admin','ç ”å‘éƒ¨é—¨','/tool/gen/download/clean','127.0.0.1','å†…ç½‘IP','\"clean\"',NULL,0,NULL,'2024-03-06 10:54:30'),(231,'ä»£ç ç”Ÿæˆ',2,'com.ruoyi.generator.controller.GenController.editSave()','POST',1,'admin','ç ”å‘éƒ¨é—¨','/tool/gen/edit','127.0.0.1','å†…ç½‘IP','{\"tableId\":[\"13\"],\"tableName\":[\"clean\"],\"tableComment\":[\"å«ç”Ÿè¡¨\"],\"className\":[\"Clean\"],\"functionAuthor\":[\"SJY\"],\"remark\":[\"\"],\"columns[0].columnId\":[\"84\"],\"columns[0].sort\":[\"1\"],\"columns[0].columnComment\":[\"ID\"],\"columns[0].javaType\":[\"Long\"],\"columns[0].javaField\":[\"id\"],\"columns[0].isInsert\":[\"1\"],\"columns[0].queryType\":[\"EQ\"],\"columns[0].htmlType\":[\"input\"],\"columns[0].dictType\":[\"\"],\"columns[1].columnId\":[\"85\"],\"columns[1].sort\":[\"2\"],\"columns[1].columnComment\":[\"åœ°ç‚¹\"],\"columns[1].javaType\":[\"String\"],\"columns[1].javaField\":[\"place\"],\"columns[1].isInsert\":[\"1\"],\"columns[1].isEdit\":[\"1\"],\"columns[1].isList\":[\"1\"],\"columns[1].isQuery\":[\"1\"],\"columns[1].queryType\":[\"EQ\"],\"columns[1].htmlType\":[\"textarea\"],\"columns[1].dictType\":[\"\"],\"columns[2].columnId\":[\"86\"],\"columns[2].sort\":[\"3\"],\"columns[2].columnComment\":[\"é—®é¢˜\"],\"columns[2].javaType\":[\"String\"],\"columns[2].javaField\":[\"question\"],\"columns[2].isInsert\":[\"1\"],\"columns[2].isEdit\":[\"1\"],\"columns[2].isList\":[\"1\"],\"columns[2].isQuery\":[\"1\"],\"columns[2].queryType\":[\"EQ\"],\"columns[2].htmlType\":[\"textarea\"],\"columns[2].dictType\":[\"\"],\"columns[3].columnId\":[\"87\"],\"columns[3].sort\":[\"4\"],\"columns[3].columnComment\":[\"å›¾ç‰‡\"],\"columns[3].javaType\":[\"String\"],\"columns[3].javaField\":[\"pic\"],\"columns[3].isInsert\":[\"1\"],\"columns[3].isEdit\":[\"1\"],\"columns[3].isList\":[\"1\"],\"columns[3].isQuery\":[\"1\"],\"columns[3].queryType\":[\"EQ\"],\"columns[3].htmlType\":[\"upload\"],\"columns[3].dictType\":[\"\"],\"columns[4].columnId\":[\"88\"],\"columns[4].sort\":[\"5\"],\"columns[4].columnComment\":[\"æ—¶é—´\"],\"columns[4].javaType\":[\"Date\"],\"columns[4].javaField\":[\"time\"],\"columns[4].isInsert\":[\"1\"],\"columns[4].isEdit\":[\"1\"],\"columns[4].isList\":[\"1\"],\"columns[4].isQuery\":[\"1\"],\"columns[4].queryType\":[\"EQ\"],\"columns[4].htmlType\":[\"datetime\"],\"columns[4].dictType\":[\"\"],\"columns[5].columnId\":[\"89\"],\"columns[5].sort\":[\"6\"],\"columns[5].columnComment\":[\"å®¡æ ¸äºº\"],\"columns[5].javaType\":[\"String\"],\"columns[5].javaField\":[\"name\"],\"columns[5].isInsert\":[\"1\"],\"columns[5].isEdit\":[\"1\"],','{\"msg\":\"æ“ä½œæˆåŠŸ\",\"code\":0}',0,NULL,'2024-03-06 10:57:45'),(232,'ä»£ç ç”Ÿæˆ',8,'com.ruoyi.generator.controller.GenController.download()','GET',1,'admin','ç ”å‘éƒ¨é—¨','/tool/gen/download/clean','127.0.0.1','å†…ç½‘IP','\"clean\"',NULL,0,NULL,'2024-03-06 10:57:48'),(233,'å«ç”Ÿ',3,'com.ruoyi.work.controller.CleanController.remove()','POST',1,'admin','ç ”å‘éƒ¨é—¨','/work/clean/remove','127.0.0.1','å†…ç½‘IP','{\"ids\":[\"32,33,34\"]}','{\"msg\":\"æ“ä½œæˆåŠŸ\",\"code\":0}',0,NULL,'2024-03-06 11:13:34'),(234,'ä»£ç ç”Ÿæˆ',2,'com.ruoyi.generator.controller.GenController.synchDb()','GET',1,'admin','ç ”å‘éƒ¨é—¨','/tool/gen/synchDb/clean','127.0.0.1','å†…ç½‘IP','\"clean\"','{\"msg\":\"æ“ä½œæˆåŠŸ\",\"code\":0}',0,NULL,'2024-03-06 11:15:09'),(235,'ä»£ç ç”Ÿæˆ',8,'com.ruoyi.generator.controller.GenController.download()','GET',1,'admin','ç ”å‘éƒ¨é—¨','/tool/gen/download/clean','127.0.0.1','å†…ç½‘IP','\"clean\"',NULL,0,NULL,'2024-03-06 11:15:13'),(236,'èœå•ç®¡ç†',3,'com.ruoyi.web.controller.system.SysMenuController.remove()','GET',1,'admin','ç ”å‘éƒ¨é—¨','/system/menu/remove/2074','127.0.0.1','å†…ç½‘IP','2074','{\"msg\":\"æ“ä½œæˆåŠŸ\",\"code\":0}',0,NULL,'2024-03-06 13:29:37'),(237,'èœå•ç®¡ç†',3,'com.ruoyi.web.controller.system.SysMenuController.remove()','GET',1,'admin','ç ”å‘éƒ¨é—¨','/system/menu/remove/2075','127.0.0.1','å†…ç½‘IP','2075','{\"msg\":\"æ“ä½œæˆåŠŸ\",\"code\":0}',0,NULL,'2024-03-06 13:29:41'),(238,'èœå•ç®¡ç†',3,'com.ruoyi.web.controller.system.SysMenuController.remove()','GET',1,'admin','ç ”å‘éƒ¨é—¨','/system/menu/remove/2076','127.0.0.1','å†…ç½‘IP','2076','{\"msg\":\"æ“ä½œæˆåŠŸ\",\"code\":0}',0,NULL,'2024-03-06 13:29:47'),(239,'èœå•ç®¡ç†',3,'com.ruoyi.web.controller.system.SysMenuController.remove()','GET',1,'admin','ç ”å‘éƒ¨é—¨','/system/menu/remove/2077','127.0.0.1','å†…ç½‘IP','2077','{\"msg\":\"æ“ä½œæˆåŠŸ\",\"code\":0}',0,NULL,'2024-03-06 13:29:53'),(240,'èœå•ç®¡ç†',3,'com.ruoyi.web.controller.system.SysMenuController.remove()','GET',1,'admin','ç ”å‘éƒ¨é—¨','/system/menu/remove/2078','127.0.0.1','å†…ç½‘IP','2078','{\"msg\":\"æ“ä½œæˆåŠŸ\",\"code\":0}',0,NULL,'2024-03-06 13:29:59'),(241,'èœå•ç®¡ç†',3,'com.ruoyi.web.controller.system.SysMenuController.remove()','GET',1,'admin','ç ”å‘éƒ¨é—¨','/system/menu/remove/2073','127.0.0.1','å†…ç½‘IP','2073','{\"msg\":\"æ“ä½œæˆåŠŸ\",\"code\":0}',0,NULL,'2024-03-06 13:30:02'),(242,'èœå•ç®¡ç†',3,'com.ruoyi.web.controller.system.SysMenuController.remove()','GET',1,'admin','ç ”å‘éƒ¨é—¨','/system/menu/remove/2026','127.0.0.1','å†…ç½‘IP','2026','{\"msg\":\"èœå•å·²åˆ†é…,ä¸å…è®¸åˆ é™¤\",\"code\":301}',0,NULL,'2024-03-06 13:30:08'),(243,'èœå•ç®¡ç†',3,'com.ruoyi.web.controller.system.SysMenuController.remove()','GET',1,'admin','ç ”å‘éƒ¨é—¨','/system/menu/remove/2086','127.0.0.1','å†…ç½‘IP','2086','{\"msg\":\"æ“ä½œæˆåŠŸ\",\"code\":0}',0,NULL,'2024-03-06 13:30:13'),(244,'èœå•ç®¡ç†',3,'com.ruoyi.web.controller.system.SysMenuController.remove()','GET',1,'admin','ç ”å‘éƒ¨é—¨','/system/menu/remove/2087','127.0.0.1','å†…ç½‘IP','2087','{\"msg\":\"æ“ä½œæˆåŠŸ\",\"code\":0}',0,NULL,'2024-03-06 13:30:18'),(245,'èœå•ç®¡ç†',3,'com.ruoyi.web.controller.system.SysMenuController.remove()','GET',1,'admin','ç ”å‘éƒ¨é—¨','/system/menu/remove/2088','127.0.0.1','å†…ç½‘IP','2088','{\"msg\":\"æ“ä½œæˆåŠŸ\",\"code\":0}',0,NULL,'2024-03-06 13:30:23'),(246,'èœå•ç®¡ç†',3,'com.ruoyi.web.controller.system.SysMenuController.remove()','GET',1,'admin','ç ”å‘éƒ¨é—¨','/system/menu/remove/2089','127.0.0.1','å†…ç½‘IP','2089','{\"msg\":\"æ“ä½œæˆåŠŸ\",\"code\":0}',0,NULL,'2024-03-06 13:30:28'),(247,'èœå•ç®¡ç†',3,'com.ruoyi.web.controller.system.SysMenuController.remove()','GET',1,'admin','ç ”å‘éƒ¨é—¨','/system/menu/remove/2090','127.0.0.1','å†…ç½‘IP','2090','{\"msg\":\"æ“ä½œæˆåŠŸ\",\"code\":0}',0,NULL,'2024-03-06 13:30:32'),(248,'èœå•ç®¡ç†',3,'com.ruoyi.web.controller.system.SysMenuController.remove()','GET',1,'admin','ç ”å‘éƒ¨é—¨','/system/menu/remove/2085','127.0.0.1','å†…ç½‘IP','2085','{\"msg\":\"æ“ä½œæˆåŠŸ\",\"code\":0}',0,NULL,'2024-03-06 13:30:37'),(249,'èœå•ç®¡ç†',3,'com.ruoyi.web.controller.system.SysMenuController.remove()','GET',1,'admin','ç ”å‘éƒ¨é—¨','/system/menu/remove/2080','127.0.0.1','å†…ç½‘IP','2080','{\"msg\":\"æ“ä½œæˆåŠŸ\",\"code\":0}',0,NULL,'2024-03-06 13:30:41'),(250,'èœå•ç®¡ç†',3,'com.ruoyi.web.controller.system.SysMenuController.remove()','GET',1,'admin','ç ”å‘éƒ¨é—¨','/system/menu/remove/2081','127.0.0.1','å†…ç½‘IP','2081','{\"msg\":\"æ“ä½œæˆåŠŸ\",\"code\":0}',0,NULL,'2024-03-06 13:30:47'),(251,'èœå•ç®¡ç†',3,'com.ruoyi.web.controller.system.SysMenuController.remove()','GET',1,'admin','ç ”å‘éƒ¨é—¨','/system/menu/remove/2082','127.0.0.1','å†…ç½‘IP','2082','{\"msg\":\"æ“ä½œæˆåŠŸ\",\"code\":0}',0,NULL,'2024-03-06 13:30:52'),(252,'èœå•ç®¡ç†',3,'com.ruoyi.web.controller.system.SysMenuController.remove()','GET',1,'admin','ç ”å‘éƒ¨é—¨','/system/menu/remove/2083','127.0.0.1','å†…ç½‘IP','2083','{\"msg\":\"æ“ä½œæˆåŠŸ\",\"code\":0}',0,NULL,'2024-03-06 13:30:57'),(253,'èœå•ç®¡ç†',3,'com.ruoyi.web.controller.system.SysMenuController.remove()','GET',1,'admin','ç ”å‘éƒ¨é—¨','/system/menu/remove/2084','127.0.0.1','å†…ç½‘IP','2084','{\"msg\":\"æ“ä½œæˆåŠŸ\",\"code\":0}',0,NULL,'2024-03-06 13:31:02'),(254,'èœå•ç®¡ç†',3,'com.ruoyi.web.controller.system.SysMenuController.remove()','GET',1,'admin','ç ”å‘éƒ¨é—¨','/system/menu/remove/2079','127.0.0.1','å†…ç½‘IP','2079','{\"msg\":\"æ“ä½œæˆåŠŸ\",\"code\":0}',0,NULL,'2024-03-06 13:31:06'),(255,'å«ç”Ÿ',5,'com.ruoyi.work.controller.CleanController.export()','POST',1,'admin','ç ”å‘éƒ¨é—¨','/work/clean/export','127.0.0.1','å†…ç½‘IP','{\"time\":[\"\"],\"name\":[\"\"],\"phone\":[\"\"],\"status\":[\"\"],\"orderByColumn\":[\"\"],\"isAsc\":[\"asc\"]}','{\"msg\":\"97e0b02b-0cff-416b-988f-e1eb8eb89fae_clean.xlsx\",\"code\":0}',0,NULL,'2024-03-06 13:34:35'),(256,'å«ç”Ÿ',5,'com.ruoyi.work.controller.CleanController.export()','POST',1,'admin','ç ”å‘éƒ¨é—¨','/work/clean/export','127.0.0.1','å†…ç½‘IP','{\"time\":[\"\"],\"name\":[\"\"],\"phone\":[\"\"],\"status\":[\"\"],\"orderByColumn\":[\"\"],\"isAsc\":[\"asc\"]}','{\"msg\":\"5ff429c8-373f-46d2-9ac5-e2380d3d9e81_clean.xlsx\",\"code\":0}',0,NULL,'2024-03-06 13:38:44'),(257,'ç»´ä¿®',1,'com.ruoyi.work.controller.SafeController.addSave()','POST',1,'admin','ç ”å‘éƒ¨é—¨','/work/safe/add','192.168.1.39','å†…ç½‘IP','{\"place\":[\"\"],\"type\":[\"\"],\"question\":[\"\"],\"pic\":[\"/profile/upload/2024/03/06/c9555500-69a1-4438-ac29-b83074a98fe6.jpg\"],\"time\":[\"\"],\"name\":[\"\"],\"phone\":[\"\"]}','{\"msg\":\"æ“ä½œæˆåŠŸ\",\"code\":0}',0,NULL,'2024-03-06 14:05:00'),(258,'ç»´ä¿®',1,'com.ruoyi.work.controller.SafeController.addSave()','POST',1,'admin','ç ”å‘éƒ¨é—¨','/work/safe/add','192.168.1.39','å†…ç½‘IP','{\"place\":[\"\"],\"type\":[\"\"],\"question\":[\"\"],\"pic\":[\"/profile/upload/2024/03/06/f3595226-f8f7-4cda-a431-5b6ee342a07d.png\"],\"time\":[\"\"],\"name\":[\"\"],\"phone\":[\"\"]}','{\"msg\":\"æ“ä½œæˆåŠŸ\",\"code\":0}',0,NULL,'2024-03-06 14:06:43'),(259,'ä»£ç ç”Ÿæˆ',2,'com.ruoyi.generator.controller.GenController.synchDb()','GET',1,'admin','ç ”å‘éƒ¨é—¨','/tool/gen/synchDb/clean','127.0.0.1','å†…ç½‘IP','\"clean\"','{\"msg\":\"æ“ä½œæˆåŠŸ\",\"code\":0}',0,NULL,'2024-03-06 15:06:20'),(260,'ä»£ç ç”Ÿæˆ',2,'com.ruoyi.generator.controller.GenController.synchDb()','GET',1,'admin','ç ”å‘éƒ¨é—¨','/tool/gen/synchDb/clean','127.0.0.1','å†…ç½‘IP','\"clean\"','{\"msg\":\"æ“ä½œæˆåŠŸ\",\"code\":0}',0,NULL,'2024-03-06 15:12:54'),(261,'ä»£ç ç”Ÿæˆ',2,'com.ruoyi.generator.controller.GenController.synchDb()','GET',1,'admin','ç ”å‘éƒ¨é—¨','/tool/gen/synchDb/clean','127.0.0.1','å†…ç½‘IP','\"clean\"','{\"msg\":\"æ“ä½œæˆåŠŸ\",\"code\":0}',0,NULL,'2024-03-06 15:13:23'),(262,'ä»£ç ç”Ÿæˆ',3,'com.ruoyi.generator.controller.GenController.remove()','POST',1,'admin','ç ”å‘éƒ¨é—¨','/tool/gen/remove','127.0.0.1','å†…ç½‘IP','{\"ids\":[\"13\"]}','{\"msg\":\"æ“ä½œæˆåŠŸ\",\"code\":0}',0,NULL,'2024-03-06 15:13:45'),(263,'ä»£ç ç”Ÿæˆ',6,'com.ruoyi.generator.controller.GenController.importTableSave()','POST',1,'admin','ç ”å‘éƒ¨é—¨','/tool/gen/importTable','127.0.0.1','å†…ç½‘IP','{\"tables\":[\"clean\"]}','{\"msg\":\"æ“ä½œæˆåŠŸ\",\"code\":0}',0,NULL,'2024-03-06 15:13:50'),(264,'ä»£ç ç”Ÿæˆ',2,'com.ruoyi.generator.controller.GenController.editSave()','POST',1,'admin','ç ”å‘éƒ¨é—¨','/tool/gen/edit','127.0.0.1','å†…ç½‘IP','{\"tableId\":[\"14\"],\"tableName\":[\"clean\"],\"tableComment\":[\"å«ç”Ÿè¡¨\"],\"className\":[\"Clean\"],\"functionAuthor\":[\"SJY\"],\"remark\":[\"\"],\"columns[0].columnId\":[\"92\"],\"columns[0].sort\":[\"1\"],\"columns[0].columnComment\":[\"ID\"],\"columns[0].javaType\":[\"Long\"],\"columns[0].javaField\":[\"id\"],\"columns[0].isList\":[\"1\"],\"columns[0].queryType\":[\"EQ\"],\"columns[0].htmlType\":[\"input\"],\"columns[0].dictType\":[\"\"],\"columns[1].columnId\":[\"93\"],\"columns[1].sort\":[\"2\"],\"columns[1].columnComment\":[\"åœ°ç‚¹\"],\"columns[1].javaType\":[\"String\"],\"columns[1].javaField\":[\"place\"],\"columns[1].isInsert\":[\"1\"],\"columns[1].isEdit\":[\"1\"],\"columns[1].isList\":[\"1\"],\"columns[1].isQuery\":[\"1\"],\"columns[1].queryType\":[\"EQ\"],\"columns[1].htmlType\":[\"textarea\"],\"columns[1].dictType\":[\"\"],\"columns[2].columnId\":[\"94\"],\"columns[2].sort\":[\"3\"],\"columns[2].columnComment\":[\"é—®é¢˜\"],\"columns[2].javaType\":[\"String\"],\"columns[2].javaField\":[\"question\"],\"columns[2].isInsert\":[\"1\"],\"columns[2].isEdit\":[\"1\"],\"columns[2].isList\":[\"1\"],\"columns[2].isQuery\":[\"1\"],\"columns[2].queryType\":[\"EQ\"],\"columns[2].htmlType\":[\"textarea\"],\"columns[2].dictType\":[\"\"],\"columns[3].columnId\":[\"95\"],\"columns[3].sort\":[\"4\"],\"columns[3].columnComment\":[\"å›¾ç‰‡\"],\"columns[3].javaType\":[\"String\"],\"columns[3].javaField\":[\"pic\"],\"columns[3].isInsert\":[\"1\"],\"columns[3].isEdit\":[\"1\"],\"columns[3].isList\":[\"1\"],\"columns[3].queryType\":[\"EQ\"],\"columns[3].htmlType\":[\"upload\"],\"columns[3].dictType\":[\"\"],\"columns[4].columnId\":[\"96\"],\"columns[4].sort\":[\"5\"],\"columns[4].columnComment\":[\"æ—¶é—´\"],\"columns[4].javaType\":[\"Date\"],\"columns[4].javaField\":[\"time\"],\"columns[4].isInsert\":[\"1\"],\"columns[4].isEdit\":[\"1\"],\"columns[4].isList\":[\"1\"],\"columns[4].isQuery\":[\"1\"],\"columns[4].queryType\":[\"EQ\"],\"columns[4].htmlType\":[\"datetime\"],\"columns[4].dictType\":[\"\"],\"columns[5].columnId\":[\"97\"],\"columns[5].sort\":[\"6\"],\"columns[5].columnComment\":[\"å®¡æ ¸äºº\"],\"columns[5].javaType\":[\"String\"],\"columns[5].javaField\":[\"name\"],\"columns[5].isInsert\":[\"1\"],\"columns[5].isEdit\":[\"1\"],\"columns[5].isList\":[\"1\"],\"co','{\"msg\":\"æ“ä½œæˆåŠŸ\",\"code\":0}',0,NULL,'2024-03-06 15:14:58'),(265,'ä»£ç ç”Ÿæˆ',8,'com.ruoyi.generator.controller.GenController.download()','GET',1,'admin','ç ”å‘éƒ¨é—¨','/tool/gen/download/clean','127.0.0.1','å†…ç½‘IP','\"clean\"',NULL,0,NULL,'2024-03-06 15:15:02'),(266,'å«ç”Ÿ',3,'com.ruoyi.work.controller.CleanController.remove()','POST',1,'admin','ç ”å‘éƒ¨é—¨','/work/clean/remove','127.0.0.1','å†…ç½‘IP','{\"ids\":[\"29,31\"]}','{\"msg\":\"æ“ä½œæˆåŠŸ\",\"code\":0}',0,NULL,'2024-03-06 15:17:48'),(267,'èœå•ç®¡ç†',3,'com.ruoyi.web.controller.system.SysMenuController.remove()','GET',1,'admin','ç ”å‘éƒ¨é—¨','/system/menu/remove/2092','127.0.0.1','å†…ç½‘IP','2092','{\"msg\":\"æ“ä½œæˆåŠŸ\",\"code\":0}',0,NULL,'2024-03-06 15:18:09'),(268,'èœå•ç®¡ç†',3,'com.ruoyi.web.controller.system.SysMenuController.remove()','GET',1,'admin','ç ”å‘éƒ¨é—¨','/system/menu/remove/2096','127.0.0.1','å†…ç½‘IP','2096','{\"msg\":\"æ“ä½œæˆåŠŸ\",\"code\":0}',0,NULL,'2024-03-06 15:18:14'),(269,'èœå•ç®¡ç†',3,'com.ruoyi.web.controller.system.SysMenuController.remove()','GET',1,'admin','ç ”å‘éƒ¨é—¨','/system/menu/remove/2095','127.0.0.1','å†…ç½‘IP','2095','{\"msg\":\"æ“ä½œæˆåŠŸ\",\"code\":0}',0,NULL,'2024-03-06 15:18:18'),(270,'èœå•ç®¡ç†',3,'com.ruoyi.web.controller.system.SysMenuController.remove()','GET',1,'admin','ç ”å‘éƒ¨é—¨','/system/menu/remove/2093','127.0.0.1','å†…ç½‘IP','2093','{\"msg\":\"æ“ä½œæˆåŠŸ\",\"code\":0}',0,NULL,'2024-03-06 15:18:22'),(271,'èœå•ç®¡ç†',3,'com.ruoyi.web.controller.system.SysMenuController.remove()','GET',1,'admin','ç ”å‘éƒ¨é—¨','/system/menu/remove/2094','127.0.0.1','å†…ç½‘IP','2094','{\"msg\":\"æ“ä½œæˆåŠŸ\",\"code\":0}',0,NULL,'2024-03-06 15:18:27'),(272,'èœå•ç®¡ç†',3,'com.ruoyi.web.controller.system.SysMenuController.remove()','GET',1,'admin','ç ”å‘éƒ¨é—¨','/system/menu/remove/2091','127.0.0.1','å†…ç½‘IP','2091','{\"msg\":\"æ“ä½œæˆåŠŸ\",\"code\":0}',0,NULL,'2024-03-06 15:18:30'),(273,'å«ç”Ÿ',3,'com.ruoyi.work.controller.CleanController.remove()','POST',1,'admin','ç ”å‘éƒ¨é—¨','/work/clean/remove','192.168.1.42','å†…ç½‘IP','{\"ids\":[\"48\"]}','{\"msg\":\"æ“ä½œæˆåŠŸ\",\"code\":0}',0,NULL,'2024-03-06 15:24:36'),(274,'å«ç”Ÿ',3,'com.ruoyi.work.controller.CleanController.remove()','POST',1,'admin','ç ”å‘éƒ¨é—¨','/work/clean/remove','192.168.1.42','å†…ç½‘IP','{\"ids\":[\"46\"]}','{\"msg\":\"æ“ä½œæˆåŠŸ\",\"code\":0}',0,NULL,'2024-03-06 15:24:39'),(275,'å«ç”Ÿ',3,'com.ruoyi.work.controller.CleanController.remove()','POST',1,'admin','ç ”å‘éƒ¨é—¨','/work/clean/remove','192.168.1.42','å†…ç½‘IP','{\"ids\":[\"44\"]}','{\"msg\":\"æ“ä½œæˆåŠŸ\",\"code\":0}',0,NULL,'2024-03-06 15:24:40'),(276,'å«ç”Ÿ',3,'com.ruoyi.work.controller.CleanController.remove()','POST',1,'admin','ç ”å‘éƒ¨é—¨','/work/clean/remove','192.168.1.42','å†…ç½‘IP','{\"ids\":[\"42\"]}','{\"msg\":\"æ“ä½œæˆåŠŸ\",\"code\":0}',0,NULL,'2024-03-06 15:24:43'),(277,'å«ç”Ÿ',3,'com.ruoyi.work.controller.CleanController.remove()','POST',1,'admin','ç ”å‘éƒ¨é—¨','/work/clean/remove','192.168.1.42','å†…ç½‘IP','{\"ids\":[\"43,45,47,49\"]}','{\"msg\":\"æ“ä½œæˆåŠŸ\",\"code\":0}',0,NULL,'2024-03-06 15:24:48'),(278,'å«ç”Ÿ',3,'com.ruoyi.work.controller.CleanController.remove()','POST',1,'admin','ç ”å‘éƒ¨é—¨','/work/clean/remove','192.168.1.42','å†…ç½‘IP','{\"ids\":[\"41\"]}','{\"msg\":\"æ“ä½œæˆåŠŸ\",\"code\":0}',0,NULL,'2024-03-06 15:25:09'),(279,'å«ç”Ÿ',1,'com.ruoyi.work.controller.CleanController.addSave()','POST',1,'admin','ç ”å‘éƒ¨é—¨','/work/clean/add','192.168.1.42','å†…ç½‘IP','{\"place\":[\"112\"],\"question\":[\"11\"],\"pic\":[\"\"],\"time\":[\"2024-03-05\"],\"name\":[\"è‰¾æ–‡è¾¾\"],\"phone\":[\"18053937959\"],\"status\":[\"0\"]}','{\"msg\":\"æ“ä½œæˆåŠŸ\",\"code\":0}',0,NULL,'2024-03-06 15:34:06'),(280,'å«ç”Ÿ',1,'com.ruoyi.work.controller.CleanController.addSave()','POST',1,'admin','ç ”å‘éƒ¨é—¨','/work/clean/add','192.168.1.39','å†…ç½‘IP','{\"place\":[\"\"],\"question\":[\"\"],\"pic\":[\"/profile/upload/2024/03/06/0fb4a9b9-0f3e-45ee-a5dd-c0043382c8dd.png\"],\"time\":[\"\"],\"name\":[\"\"],\"phone\":[\"\"],\"status\":[\"0\"]}','{\"msg\":\"æ“ä½œæˆåŠŸ\",\"code\":0}',0,NULL,'2024-03-06 15:35:26'),(281,'å«ç”Ÿ',1,'com.ruoyi.work.controller.CleanController.addSave()','POST',1,'admin','ç ”å‘éƒ¨é—¨','/work/clean/add','192.168.1.42','å†…ç½‘IP','{\"place\":[\"\"],\"question\":[\"\"],\"pic\":[\"/profile/upload/2024/03/06/1c20b23b-0afc-4a6a-9255-71bf0761dddc.jpg\"],\"time\":[\"\"],\"name\":[\"\"],\"phone\":[\"\"],\"status\":[\"0\"]}','{\"msg\":\"æ“ä½œæˆåŠŸ\",\"code\":0}',0,NULL,'2024-03-06 15:38:16'),(282,'å«ç”Ÿ',1,'com.ruoyi.work.controller.api.OpenController.addSave()','POST',1,'admin','ç ”å‘éƒ¨é—¨','/open/add','127.0.0.1','å†…ç½‘IP','{\"params\":{}}',NULL,1,'\r\n### Error updating database.  Cause: java.sql.SQLSyntaxErrorException: You have an error in your SQL syntax; check the manual that corresponds to your MySQL server version for the right syntax to use near \'\' at line 1\r\n### The error may exist in com/ruoyi/work/mapper/CleanMapper.java (best guess)\r\n### The error may involve com.ruoyi.work.mapper.CleanMapper.insert-Inline\r\n### The error occurred while setting parameters\r\n### SQL: INSERT INTO clean    VALUES\r\n### Cause: java.sql.SQLSyntaxErrorException: You have an error in your SQL syntax; check the manual that corresponds to your MySQL server version for the right syntax to use near \'\' at line 1\n; bad SQL grammar []; nested exception is java.sql.SQLSyntaxErrorException: You have an error in your SQL syntax; check the manual that corresponds to your MySQL server version for the right syntax to use near \'\' at line 1','2024-03-06 15:52:11'),(283,'å«ç”Ÿ',1,'com.ruoyi.work.controller.api.OpenController.addSave()','POST',1,'admin','ç ”å‘éƒ¨é—¨','/open/add','127.0.0.1','å†…ç½‘IP','{\"params\":{}}',NULL,1,'\r\n### Error updating database.  Cause: java.sql.SQLSyntaxErrorException: You have an error in your SQL syntax; check the manual that corresponds to your MySQL server version for the right syntax to use near \'\' at line 1\r\n### The error may exist in com/ruoyi/work/mapper/CleanMapper.java (best guess)\r\n### The error may involve com.ruoyi.work.mapper.CleanMapper.insert-Inline\r\n### The error occurred while setting parameters\r\n### SQL: INSERT INTO clean    VALUES\r\n### Cause: java.sql.SQLSyntaxErrorException: You have an error in your SQL syntax; check the manual that corresponds to your MySQL server version for the right syntax to use near \'\' at line 1\n; bad SQL grammar []; nested exception is java.sql.SQLSyntaxErrorException: You have an error in your SQL syntax; check the manual that corresponds to your MySQL server version for the right syntax to use near \'\' at line 1','2024-03-06 15:53:15'),(284,'ç»´ä¿®',1,'com.ruoyi.work.controller.SafeController.addSave()','POST',1,'admin','ç ”å‘éƒ¨é—¨','/work/safe/add','127.0.0.1','å†…ç½‘IP','{\"place\":[\"æ’’é˜¿æ¾å¤§\"],\"type\":[\"\"],\"question\":[\"\"],\"pic\":[\"\"],\"time\":[\"\"],\"name\":[\"æ’’æ—¦\"],\"phone\":[\"5432245\"]}','{\"msg\":\"æ“ä½œæˆåŠŸ\",\"code\":0}',0,NULL,'2024-03-07 08:19:27'),(285,'ç»´ä¿®',1,'com.ruoyi.work.controller.SafeController.addSave()','POST',1,'admin','ç ”å‘éƒ¨é—¨','/work/safe/add','127.0.0.1','å†…ç½‘IP','{\"place\":[\"\"],\"type\":[\"\"],\"question\":[\"\"],\"pic\":[\"\"],\"time\":[\"\"],\"name\":[\"\"],\"phone\":[\"\"]}','{\"msg\":\"æ“ä½œæˆåŠŸ\",\"code\":0}',0,NULL,'2024-03-07 08:40:58'),(286,'å«ç”Ÿ',1,'com.ruoyi.work.controller.CleanController.addSave()','POST',1,'admin','ç ”å‘éƒ¨é—¨','/work/clean/add','127.0.0.1','å†…ç½‘IP','{\"place\":[\"\"],\"question\":[\"\"],\"pic\":[\"\"],\"time\":[\"\"],\"name\":[\"\"],\"phone\":[\"\"],\"status\":[\"0\"]}','{\"msg\":\"æ“ä½œæˆåŠŸ\",\"code\":0}',0,NULL,'2024-03-08 09:20:55'),(287,'å«ç”Ÿ',1,'com.ruoyi.work.controller.CleanController.addSave()','POST',1,'admin','ç ”å‘éƒ¨é—¨','/work/clean/add','127.0.0.1','å†…ç½‘IP','{\"place\":[\"\"],\"question\":[\"\"],\"pic\":[\"\"],\"time\":[\"\"],\"name\":[\"\"],\"phone\":[\"\"],\"status\":[\"0\"]}','{\"msg\":\"æ“ä½œæˆåŠŸ\",\"code\":0}',0,NULL,'2024-03-08 09:21:09'),(288,'å«ç”Ÿ',1,'com.ruoyi.work.controller.CleanController.addSave()','POST',1,'admin','ç ”å‘éƒ¨é—¨','/work/clean/add','127.0.0.1','å†…ç½‘IP','{\"place\":[\"\"],\"question\":[\"\"],\"pic\":[\"/profile/upload/2024/03/08/026871ad-3fcf-4a0b-9645-0c116d172117.jpg\"],\"time\":[\"\"],\"name\":[\"\"],\"phone\":[\"\"],\"status\":[\"0\"]}','{\"msg\":\"æ“ä½œæˆåŠŸ\",\"code\":0}',0,NULL,'2024-03-08 09:25:48'),(289,'å«ç”Ÿ',3,'com.ruoyi.work.controller.CleanController.remove()','POST',1,'admin','ç ”å‘éƒ¨é—¨','/work/clean/remove','127.0.0.1','å†…ç½‘IP','{\"ids\":[\"60\"]}','{\"msg\":\"æ“ä½œæˆåŠŸ\",\"code\":0}',0,NULL,'2024-03-08 09:27:03'),(290,'å«ç”Ÿ',3,'com.ruoyi.work.controller.CleanController.remove()','POST',1,'admin','ç ”å‘éƒ¨é—¨','/work/clean/remove','127.0.0.1','å†…ç½‘IP','{\"ids\":[\"59\"]}','{\"msg\":\"æ“ä½œæˆåŠŸ\",\"code\":0}',0,NULL,'2024-03-08 09:27:07'),(291,'å«ç”Ÿ',3,'com.ruoyi.work.controller.CleanController.remove()','POST',1,'admin','ç ”å‘éƒ¨é—¨','/work/clean/remove','127.0.0.1','å†…ç½‘IP','{\"ids\":[\"51,52,53\"]}','{\"msg\":\"æ“ä½œæˆåŠŸ\",\"code\":0}',0,NULL,'2024-03-08 09:28:15'),(292,'å«ç”Ÿ',1,'com.ruoyi.work.controller.CleanController.addSave()','POST',1,'admin','ç ”å‘éƒ¨é—¨','/work/clean/add','127.0.0.1','å†…ç½‘IP','{\"place\":[\"\"],\"question\":[\"\"],\"pic\":[\"\"],\"time\":[\"\"],\"name\":[\"\"],\"phone\":[\"\"],\"status\":[\"0\"]}','{\"msg\":\"æ“ä½œæˆåŠŸ\",\"code\":0}',0,NULL,'2024-03-08 09:46:46'),(293,'ä»£ç ç”Ÿæˆ',3,'com.ruoyi.generator.controller.GenController.remove()','POST',1,'admin','ç ”å‘éƒ¨é—¨','/tool/gen/remove','127.0.0.1','å†…ç½‘IP','{\"ids\":[\"12\"]}','{\"msg\":\"æ“ä½œæˆåŠŸ\",\"code\":0}',0,NULL,'2024-03-11 10:00:06'),(294,'ä»£ç ç”Ÿæˆ',6,'com.ruoyi.generator.controller.GenController.importTableSave()','POST',1,'admin','ç ”å‘éƒ¨é—¨','/tool/gen/importTable','127.0.0.1','å†…ç½‘IP','{\"tables\":[\"safe\"]}','{\"msg\":\"æ“ä½œæˆåŠŸ\",\"code\":0}',0,NULL,'2024-03-11 10:00:10'),(295,'ä»£ç ç”Ÿæˆ',2,'com.ruoyi.generator.controller.GenController.editSave()','POST',1,'admin','ç ”å‘éƒ¨é—¨','/tool/gen/edit','127.0.0.1','å†…ç½‘IP','{\"tableId\":[\"15\"],\"tableName\":[\"safe\"],\"tableComment\":[\"ç»´ä¿®\"],\"className\":[\"Safe\"],\"functionAuthor\":[\"SJY\"],\"remark\":[\"\"],\"columns[0].columnId\":[\"100\"],\"columns[0].sort\":[\"1\"],\"columns[0].columnComment\":[\"ID\"],\"columns[0].javaType\":[\"Integer\"],\"columns[0].javaField\":[\"id\"],\"columns[0].isList\":[\"1\"],\"columns[0].queryType\":[\"EQ\"],\"columns[0].htmlType\":[\"input\"],\"columns[0].dictType\":[\"\"],\"columns[1].columnId\":[\"101\"],\"columns[1].sort\":[\"2\"],\"columns[1].columnComment\":[\"åœ°ç‚¹\"],\"columns[1].javaType\":[\"String\"],\"columns[1].javaField\":[\"place\"],\"columns[1].isInsert\":[\"1\"],\"columns[1].isEdit\":[\"1\"],\"columns[1].isList\":[\"1\"],\"columns[1].isQuery\":[\"1\"],\"columns[1].queryType\":[\"EQ\"],\"columns[1].htmlType\":[\"input\"],\"columns[1].dictType\":[\"\"],\"columns[2].columnId\":[\"102\"],\"columns[2].sort\":[\"3\"],\"columns[2].columnComment\":[\"åˆ†ç±»\"],\"columns[2].javaType\":[\"String\"],\"columns[2].javaField\":[\"type\"],\"columns[2].isInsert\":[\"1\"],\"columns[2].isEdit\":[\"1\"],\"columns[2].isList\":[\"1\"],\"columns[2].isQuery\":[\"1\"],\"columns[2].queryType\":[\"EQ\"],\"columns[2].htmlType\":[\"select\"],\"columns[2].dictType\":[\"\"],\"columns[3].columnId\":[\"103\"],\"columns[3].sort\":[\"4\"],\"columns[3].columnComment\":[\"é—®é¢˜\"],\"columns[3].javaType\":[\"String\"],\"columns[3].javaField\":[\"question\"],\"columns[3].isInsert\":[\"1\"],\"columns[3].isEdit\":[\"1\"],\"columns[3].isList\":[\"1\"],\"columns[3].queryType\":[\"EQ\"],\"columns[3].htmlType\":[\"input\"],\"columns[3].dictType\":[\"\"],\"columns[4].columnId\":[\"104\"],\"columns[4].sort\":[\"5\"],\"columns[4].columnComment\":[\"å›¾ç‰‡\"],\"columns[4].javaType\":[\"String\"],\"columns[4].javaField\":[\"pic\"],\"columns[4].isInsert\":[\"1\"],\"columns[4].isEdit\":[\"1\"],\"columns[4].isList\":[\"1\"],\"columns[4].queryType\":[\"EQ\"],\"columns[4].htmlType\":[\"upload\"],\"columns[4].dictType\":[\"\"],\"columns[5].columnId\":[\"105\"],\"columns[5].sort\":[\"6\"],\"columns[5].columnComment\":[\"æ—¶é—´\"],\"columns[5].javaType\":[\"Date\"],\"columns[5].javaField\":[\"time\"],\"columns[5].isInsert\":[\"1\"],\"columns[5].isEdit\":[\"1\"],\"columns[5].isList\":[\"1\"],\"columns[5].isQuery\":[\"1\"],\"colum','{\"msg\":\"æ“ä½œæˆåŠŸ\",\"code\":0}',0,NULL,'2024-03-11 10:04:12'),(296,'ä»£ç ç”Ÿæˆ',8,'com.ruoyi.generator.controller.GenController.download()','GET',1,'admin','ç ”å‘éƒ¨é—¨','/tool/gen/download/safe','127.0.0.1','å†…ç½‘IP','\"safe\"',NULL,0,NULL,'2024-03-11 10:04:15'),(297,'ç»´ä¿®',3,'com.ruoyi.work.controller.SafeController.remove()','POST',1,'admin','ç ”å‘éƒ¨é—¨','/work/safe/remove','127.0.0.1','å†…ç½‘IP','{\"ids\":[\"19,15,17,20,21,22,23,24,25,26\"]}','{\"msg\":\"æ“ä½œæˆåŠŸ\",\"code\":0}',0,NULL,'2024-03-11 10:15:38'),(298,'èœå•ç®¡ç†',3,'com.ruoyi.web.controller.system.SysMenuController.remove()','GET',1,'admin','ç ”å‘éƒ¨é—¨','/system/menu/remove/2062','127.0.0.1','å†…ç½‘IP','2062','{\"msg\":\"æ“ä½œæˆåŠŸ\",\"code\":0}',0,NULL,'2024-03-11 10:15:52'),(299,'èœå•ç®¡ç†',3,'com.ruoyi.web.controller.system.SysMenuController.remove()','GET',1,'admin','ç ”å‘éƒ¨é—¨','/system/menu/remove/2063','127.0.0.1','å†…ç½‘IP','2063','{\"msg\":\"æ“ä½œæˆåŠŸ\",\"code\":0}',0,NULL,'2024-03-11 10:15:58'),(300,'èœå•ç®¡ç†',3,'com.ruoyi.web.controller.system.SysMenuController.remove()','GET',1,'admin','ç ”å‘éƒ¨é—¨','/system/menu/remove/2064','127.0.0.1','å†…ç½‘IP','2064','{\"msg\":\"æ“ä½œæˆåŠŸ\",\"code\":0}',0,NULL,'2024-03-11 10:16:03'),(301,'èœå•ç®¡ç†',3,'com.ruoyi.web.controller.system.SysMenuController.remove()','GET',1,'admin','ç ”å‘éƒ¨é—¨','/system/menu/remove/2065','127.0.0.1','å†…ç½‘IP','2065','{\"msg\":\"æ“ä½œæˆåŠŸ\",\"code\":0}',0,NULL,'2024-03-11 10:16:07'),(302,'èœå•ç®¡ç†',3,'com.ruoyi.web.controller.system.SysMenuController.remove()','GET',1,'admin','ç ”å‘éƒ¨é—¨','/system/menu/remove/2066','127.0.0.1','å†…ç½‘IP','2066','{\"msg\":\"æ“ä½œæˆåŠŸ\",\"code\":0}',0,NULL,'2024-03-11 10:16:11'),(303,'èœå•ç®¡ç†',3,'com.ruoyi.web.controller.system.SysMenuController.remove()','GET',1,'admin','ç ”å‘éƒ¨é—¨','/system/menu/remove/2061','127.0.0.1','å†…ç½‘IP','2061','{\"msg\":\"æ“ä½œæˆåŠŸ\",\"code\":0}',0,NULL,'2024-03-11 10:16:15'),(304,'ç»´ä¿®',1,'com.ruoyi.work.controller.SafeController.addSave()','POST',1,'admin','ç ”å‘éƒ¨é—¨','/work/safe/add','127.0.0.1','å†…ç½‘IP','{\"place\":[\"aa\"],\"type\":[\"\"],\"question\":[\"aa\"],\"pic\":[\"/profile/upload/2024/03/11/40ca9fe9-b7c8-400a-9f01-04e57a53f156.jpg\"],\"time\":[\"\"],\"name\":[\"aa\"],\"phone\":[\"aa\"]}','{\"msg\":\"æ“ä½œæˆåŠŸ\",\"code\":0}',0,NULL,'2024-03-11 10:17:04'),(305,'ç”¨æˆ·ç®¡ç†',3,'com.ruoyi.web.controller.system.SysUserController.remove()','POST',1,'admin','ç ”å‘éƒ¨é—¨','/system/user/remove','127.0.0.1','å†…ç½‘IP','{\"ids\":[\"2\"]}','{\"msg\":\"æ“ä½œæˆåŠŸ\",\"code\":0}',0,NULL,'2024-03-11 10:54:23'),(306,'ç”¨æˆ·ç®¡ç†',3,'com.ruoyi.web.controller.system.SysUserController.remove()','POST',1,'admin','ç ”å‘éƒ¨é—¨','/system/user/remove','127.0.0.1','å†…ç½‘IP','{\"ids\":[\"3\"]}','{\"msg\":\"æ“ä½œæˆåŠŸ\",\"code\":0}',0,NULL,'2024-03-11 10:54:25'),(307,'è§’è‰²ç®¡ç†',1,'com.ruoyi.web.controller.system.SysRoleController.addSave()','POST',1,'admin','ç ”å‘éƒ¨é—¨','/system/role/add','127.0.0.1','å†…ç½‘IP','{\"roleName\":[\"æ•™å¸ˆ\"],\"roleKey\":[\"teacher\"],\"roleSort\":[\"3\"],\"status\":[\"0\"],\"remark\":[\"\"],\"menuIds\":[\"2006\"]}','{\"msg\":\"æ“ä½œæˆåŠŸ\",\"code\":0}',0,NULL,'2024-03-11 10:56:18'),(308,'ç”¨æˆ·ç®¡ç†',1,'com.ruoyi.web.controller.system.SysUserController.addSave()','POST',1,'admin','ç ”å‘éƒ¨é—¨','/system/user/add','127.0.0.1','å†…ç½‘IP','{\"deptId\":[\"\"],\"userName\":[\"teacher\"],\"deptName\":[\"\"],\"phonenumber\":[\"\"],\"email\":[\"\"],\"loginName\":[\"teacher\"],\"sex\":[\"0\"],\"role\":[\"3\"],\"remark\":[\"\"],\"status\":[\"0\"],\"roleIds\":[\"3\"],\"postIds\":[\"\"]}','{\"msg\":\"æ“ä½œæˆåŠŸ\",\"code\":0}',0,NULL,'2024-03-11 10:57:16'),(309,'è§’è‰²ç®¡ç†',2,'com.ruoyi.web.controller.system.SysRoleController.editSave()','POST',1,'admin','ç ”å‘éƒ¨é—¨','/system/role/edit','127.0.0.1','å†…ç½‘IP','{\"roleId\":[\"3\"],\"roleName\":[\"æ•™å¸ˆ\"],\"roleKey\":[\"teacher\"],\"roleSort\":[\"3\"],\"status\":[\"0\"],\"remark\":[\"\"],\"menuIds\":[\"2006,2055,2056,2057,2058,2059,2060,2025,2026,2027,2028,2029,2030\"]}','{\"msg\":\"æ“ä½œæˆåŠŸ\",\"code\":0}',0,NULL,'2024-03-11 10:58:19'),(310,'è§’è‰²ç®¡ç†',1,'com.ruoyi.web.controller.system.SysRoleController.addSave()','POST',1,'admin','ç ”å‘éƒ¨é—¨','/system/role/add','127.0.0.1','å†…ç½‘IP','{\"roleName\":[\"å­¦ç”Ÿ\"],\"roleKey\":[\"students\"],\"roleSort\":[\"4\"],\"status\":[\"0\"],\"remark\":[\"\"],\"menuIds\":[\"2006,2055,2056,2057,2058,2059,2060,2025,2026,2027,2028,2029,2030\"]}','{\"msg\":\"æ“ä½œæˆåŠŸ\",\"code\":0}',0,NULL,'2024-03-11 10:59:28'),(311,'å«ç”Ÿ',3,'com.ruoyi.work.controller.CleanController.remove()','POST',1,'admin','ç ”å‘éƒ¨é—¨','/work/clean/remove','192.168.1.42','å†…ç½‘IP','{\"ids\":[\"73\"]}','{\"msg\":\"æ“ä½œæˆåŠŸ\",\"code\":0}',0,NULL,'2024-03-11 11:41:15'),(312,'å«ç”Ÿ',3,'com.ruoyi.work.controller.CleanController.remove()','POST',1,'admin','ç ”å‘éƒ¨é—¨','/work/clean/remove','192.168.1.42','å†…ç½‘IP','{\"ids\":[\"72\"]}','{\"msg\":\"æ“ä½œæˆåŠŸ\",\"code\":0}',0,NULL,'2024-03-11 11:41:17'),(313,'å«ç”Ÿ',3,'com.ruoyi.work.controller.CleanController.remove()','POST',1,'admin','ç ”å‘éƒ¨é—¨','/work/clean/remove','192.168.1.42','å†…ç½‘IP','{\"ids\":[\"67,68,69,70,71\"]}','{\"msg\":\"æ“ä½œæˆåŠŸ\",\"code\":0}',0,NULL,'2024-03-11 11:41:27'),(314,'å«ç”Ÿ',3,'com.ruoyi.work.controller.CleanController.remove()','POST',1,'admin','ç ”å‘éƒ¨é—¨','/work/clean/remove','192.168.1.42','å†…ç½‘IP','{\"ids\":[\"54,55,56,58,61,62,63,64,65,66\"]}','{\"msg\":\"æ“ä½œæˆåŠŸ\",\"code\":0}',0,NULL,'2024-03-11 11:41:41'),(315,'å«ç”Ÿ',5,'com.ruoyi.work.controller.CleanController.export()','POST',1,'admin','ç ”å‘éƒ¨é—¨','/work/clean/export','127.0.0.1','å†…ç½‘IP','{\"time\":[\"\"],\"name\":[\"\"],\"status\":[\"\"],\"orderByColumn\":[\"\"],\"isAsc\":[\"asc\"]}','{\"msg\":\"f8c539de-1633-4b99-89ba-7fecbe801e61_clean.xlsx\",\"code\":0}',0,NULL,'2024-03-11 14:39:32'),(316,'ä»£ç ç”Ÿæˆ',3,'com.ruoyi.generator.controller.GenController.remove()','POST',1,'admin','ç ”å‘éƒ¨é—¨','/tool/gen/remove','127.0.0.1','å†…ç½‘IP','{\"ids\":[\"14\"]}','{\"msg\":\"æ“ä½œæˆåŠŸ\",\"code\":0}',0,NULL,'2024-03-11 14:40:44'),(317,'ä»£ç ç”Ÿæˆ',6,'com.ruoyi.generator.controller.GenController.importTableSave()','POST',1,'admin','ç ”å‘éƒ¨é—¨','/tool/gen/importTable','127.0.0.1','å†…ç½‘IP','{\"tables\":[\"clean\"]}','{\"msg\":\"æ“ä½œæˆåŠŸ\",\"code\":0}',0,NULL,'2024-03-11 14:40:48'),(318,'ä»£ç ç”Ÿæˆ',2,'com.ruoyi.generator.controller.GenController.editSave()','POST',1,'admin','ç ”å‘éƒ¨é—¨','/tool/gen/edit','127.0.0.1','å†…ç½‘IP','{\"tableId\":[\"16\"],\"tableName\":[\"clean\"],\"tableComment\":[\"å«ç”Ÿè¡¨\"],\"className\":[\"Clean\"],\"functionAuthor\":[\"SJY\"],\"remark\":[\"\"],\"columns[0].columnId\":[\"108\"],\"columns[0].sort\":[\"1\"],\"columns[0].columnComment\":[\"ID\"],\"columns[0].javaType\":[\"Long\"],\"columns[0].javaField\":[\"id\"],\"columns[0].isList\":[\"1\"],\"columns[0].queryType\":[\"EQ\"],\"columns[0].htmlType\":[\"input\"],\"columns[0].dictType\":[\"\"],\"columns[1].columnId\":[\"109\"],\"columns[1].sort\":[\"2\"],\"columns[1].columnComment\":[\"åœ°ç‚¹\"],\"columns[1].javaType\":[\"String\"],\"columns[1].javaField\":[\"place\"],\"columns[1].isInsert\":[\"1\"],\"columns[1].isEdit\":[\"1\"],\"columns[1].isList\":[\"1\"],\"columns[1].isQuery\":[\"1\"],\"columns[1].queryType\":[\"EQ\"],\"columns[1].htmlType\":[\"textarea\"],\"columns[1].dictType\":[\"\"],\"columns[2].columnId\":[\"110\"],\"columns[2].sort\":[\"3\"],\"columns[2].columnComment\":[\"å«ç”Ÿæè¿°\"],\"columns[2].javaType\":[\"String\"],\"columns[2].javaField\":[\"question\"],\"columns[2].isInsert\":[\"1\"],\"columns[2].isEdit\":[\"1\"],\"columns[2].isList\":[\"1\"],\"columns[2].queryType\":[\"EQ\"],\"columns[2].htmlType\":[\"textarea\"],\"columns[2].dictType\":[\"\"],\"columns[3].columnId\":[\"111\"],\"columns[3].sort\":[\"4\"],\"columns[3].columnComment\":[\"å›¾ç‰‡\"],\"columns[3].javaType\":[\"String\"],\"columns[3].javaField\":[\"pic\"],\"columns[3].isInsert\":[\"1\"],\"columns[3].isEdit\":[\"1\"],\"columns[3].isList\":[\"1\"],\"columns[3].queryType\":[\"EQ\"],\"columns[3].htmlType\":[\"upload\"],\"columns[3].dictType\":[\"\"],\"columns[4].columnId\":[\"112\"],\"columns[4].sort\":[\"5\"],\"columns[4].columnComment\":[\"æ—¶é—´\"],\"columns[4].javaType\":[\"Date\"],\"columns[4].javaField\":[\"time\"],\"columns[4].isInsert\":[\"1\"],\"columns[4].isEdit\":[\"1\"],\"columns[4].isList\":[\"1\"],\"columns[4].isQuery\":[\"1\"],\"columns[4].queryType\":[\"EQ\"],\"columns[4].htmlType\":[\"datetime\"],\"columns[4].dictType\":[\"\"],\"columns[5].columnId\":[\"113\"],\"columns[5].sort\":[\"6\"],\"columns[5].columnComment\":[\"æäº¤äºº\"],\"columns[5].javaType\":[\"String\"],\"columns[5].javaField\":[\"name\"],\"columns[5].isInsert\":[\"1\"],\"columns[5].isEdit\":[\"1\"],\"columns[5].isList\":[\"1\"],\"columns[5].isQuery\":[','{\"msg\":\"æ“ä½œæˆåŠŸ\",\"code\":0}',0,NULL,'2024-03-11 14:41:50'),(319,'ä»£ç ç”Ÿæˆ',8,'com.ruoyi.generator.controller.GenController.download()','GET',1,'admin','ç ”å‘éƒ¨é—¨','/tool/gen/download/clean','127.0.0.1','å†…ç½‘IP','\"clean\"',NULL,0,NULL,'2024-03-11 14:41:55'),(320,'å«ç”Ÿ',3,'com.ruoyi.work.controller.CleanController.remove()','POST',1,'admin','ç ”å‘éƒ¨é—¨','/work/clean/remove','127.0.0.1','å†…ç½‘IP','{\"ids\":[\"17,19,28,35,36,37,38,39,40,50\"]}','{\"msg\":\"æ“ä½œæˆåŠŸ\",\"code\":0}',0,NULL,'2024-03-11 14:44:10'),(321,'ä»£ç ç”Ÿæˆ',3,'com.ruoyi.generator.controller.GenController.remove()','POST',1,'admin','ç ”å‘éƒ¨é—¨','/tool/gen/remove','127.0.0.1','å†…ç½‘IP','{\"ids\":[\"15\"]}','{\"msg\":\"æ“ä½œæˆåŠŸ\",\"code\":0}',0,NULL,'2024-03-11 14:45:21'),(322,'ä»£ç ç”Ÿæˆ',6,'com.ruoyi.generator.controller.GenController.importTableSave()','POST',1,'admin','ç ”å‘éƒ¨é—¨','/tool/gen/importTable','127.0.0.1','å†…ç½‘IP','{\"tables\":[\"safe\"]}','{\"msg\":\"æ“ä½œæˆåŠŸ\",\"code\":0}',0,NULL,'2024-03-11 14:45:26'),(323,'ä»£ç ç”Ÿæˆ',2,'com.ruoyi.generator.controller.GenController.editSave()','POST',1,'admin','ç ”å‘éƒ¨é—¨','/tool/gen/edit','127.0.0.1','å†…ç½‘IP','{\"tableId\":[\"17\"],\"tableName\":[\"safe\"],\"tableComment\":[\"ç»´ä¿®\"],\"className\":[\"Safe\"],\"functionAuthor\":[\"SJY\"],\"remark\":[\"\"],\"columns[0].columnId\":[\"116\"],\"columns[0].sort\":[\"1\"],\"columns[0].columnComment\":[\"ID\"],\"columns[0].javaType\":[\"Integer\"],\"columns[0].javaField\":[\"id\"],\"columns[0].isList\":[\"1\"],\"columns[0].queryType\":[\"EQ\"],\"columns[0].htmlType\":[\"input\"],\"columns[0].dictType\":[\"\"],\"columns[1].columnId\":[\"117\"],\"columns[1].sort\":[\"2\"],\"columns[1].columnComment\":[\"åœ°ç‚¹\"],\"columns[1].javaType\":[\"String\"],\"columns[1].javaField\":[\"place\"],\"columns[1].isInsert\":[\"1\"],\"columns[1].isEdit\":[\"1\"],\"columns[1].isList\":[\"1\"],\"columns[1].isQuery\":[\"1\"],\"columns[1].queryType\":[\"EQ\"],\"columns[1].htmlType\":[\"input\"],\"columns[1].dictType\":[\"\"],\"columns[2].columnId\":[\"118\"],\"columns[2].sort\":[\"3\"],\"columns[2].columnComment\":[\"åˆ†ç±»\"],\"columns[2].javaType\":[\"String\"],\"columns[2].javaField\":[\"type\"],\"columns[2].isInsert\":[\"1\"],\"columns[2].isEdit\":[\"1\"],\"columns[2].isList\":[\"1\"],\"columns[2].isQuery\":[\"1\"],\"columns[2].queryType\":[\"EQ\"],\"columns[2].htmlType\":[\"select\"],\"columns[2].dictType\":[\"\"],\"columns[3].columnId\":[\"119\"],\"columns[3].sort\":[\"4\"],\"columns[3].columnComment\":[\"é—®é¢˜æè¿°\"],\"columns[3].javaType\":[\"String\"],\"columns[3].javaField\":[\"question\"],\"columns[3].isInsert\":[\"1\"],\"columns[3].isEdit\":[\"1\"],\"columns[3].isList\":[\"1\"],\"columns[3].isQuery\":[\"1\"],\"columns[3].queryType\":[\"EQ\"],\"columns[3].htmlType\":[\"input\"],\"columns[3].dictType\":[\"\"],\"columns[4].columnId\":[\"120\"],\"columns[4].sort\":[\"5\"],\"columns[4].columnComment\":[\"å›¾ç‰‡\"],\"columns[4].javaType\":[\"String\"],\"columns[4].javaField\":[\"pic\"],\"columns[4].isInsert\":[\"1\"],\"columns[4].isEdit\":[\"1\"],\"columns[4].isList\":[\"1\"],\"columns[4].queryType\":[\"EQ\"],\"columns[4].htmlType\":[\"input\"],\"columns[4].dictType\":[\"\"],\"columns[5].columnId\":[\"121\"],\"columns[5].sort\":[\"6\"],\"columns[5].columnComment\":[\"æ—¶é—´\"],\"columns[5].javaType\":[\"Date\"],\"columns[5].javaField\":[\"time\"],\"columns[5].isInsert\":[\"1\"],\"columns[5].isEdit\":[\"1\"],\"columns[5].isList\":[\"1\"],\"colu','{\"msg\":\"æ“ä½œæˆåŠŸ\",\"code\":0}',0,NULL,'2024-03-11 14:46:15'),(324,'ä»£ç ç”Ÿæˆ',2,'com.ruoyi.generator.controller.GenController.editSave()','POST',1,'admin','ç ”å‘éƒ¨é—¨','/tool/gen/edit','127.0.0.1','å†…ç½‘IP','{\"tableId\":[\"17\"],\"tableName\":[\"safe\"],\"tableComment\":[\"ç»´ä¿®\"],\"className\":[\"Safe\"],\"functionAuthor\":[\"SJY\"],\"remark\":[\"\"],\"columns[0].columnId\":[\"116\"],\"columns[0].sort\":[\"1\"],\"columns[0].columnComment\":[\"ID\"],\"columns[0].javaType\":[\"Integer\"],\"columns[0].javaField\":[\"id\"],\"columns[0].isList\":[\"1\"],\"columns[0].queryType\":[\"EQ\"],\"columns[0].htmlType\":[\"input\"],\"columns[0].dictType\":[\"\"],\"columns[1].columnId\":[\"117\"],\"columns[1].sort\":[\"2\"],\"columns[1].columnComment\":[\"åœ°ç‚¹\"],\"columns[1].javaType\":[\"String\"],\"columns[1].javaField\":[\"place\"],\"columns[1].isInsert\":[\"1\"],\"columns[1].isEdit\":[\"1\"],\"columns[1].isList\":[\"1\"],\"columns[1].isQuery\":[\"1\"],\"columns[1].queryType\":[\"EQ\"],\"columns[1].htmlType\":[\"input\"],\"columns[1].dictType\":[\"\"],\"columns[2].columnId\":[\"118\"],\"columns[2].sort\":[\"3\"],\"columns[2].columnComment\":[\"åˆ†ç±»\"],\"columns[2].javaType\":[\"String\"],\"columns[2].javaField\":[\"type\"],\"columns[2].isInsert\":[\"1\"],\"columns[2].isEdit\":[\"1\"],\"columns[2].isList\":[\"1\"],\"columns[2].isQuery\":[\"1\"],\"columns[2].queryType\":[\"EQ\"],\"columns[2].htmlType\":[\"select\"],\"columns[2].dictType\":[\"\"],\"columns[3].columnId\":[\"119\"],\"columns[3].sort\":[\"4\"],\"columns[3].columnComment\":[\"é—®é¢˜æè¿°\"],\"columns[3].javaType\":[\"String\"],\"columns[3].javaField\":[\"question\"],\"columns[3].isInsert\":[\"1\"],\"columns[3].isEdit\":[\"1\"],\"columns[3].isList\":[\"1\"],\"columns[3].isQuery\":[\"1\"],\"columns[3].queryType\":[\"EQ\"],\"columns[3].htmlType\":[\"input\"],\"columns[3].dictType\":[\"\"],\"columns[4].columnId\":[\"120\"],\"columns[4].sort\":[\"5\"],\"columns[4].columnComment\":[\"å›¾ç‰‡\"],\"columns[4].javaType\":[\"String\"],\"columns[4].javaField\":[\"pic\"],\"columns[4].isInsert\":[\"1\"],\"columns[4].isEdit\":[\"1\"],\"columns[4].isList\":[\"1\"],\"columns[4].queryType\":[\"EQ\"],\"columns[4].htmlType\":[\"upload\"],\"columns[4].dictType\":[\"\"],\"columns[5].columnId\":[\"121\"],\"columns[5].sort\":[\"6\"],\"columns[5].columnComment\":[\"æ—¶é—´\"],\"columns[5].javaType\":[\"Date\"],\"columns[5].javaField\":[\"time\"],\"columns[5].isInsert\":[\"1\"],\"columns[5].isEdit\":[\"1\"],\"columns[5].isList\":[\"1\"],\"col','{\"msg\":\"æ“ä½œæˆåŠŸ\",\"code\":0}',0,NULL,'2024-03-11 14:46:33'),(325,'ä»£ç ç”Ÿæˆ',8,'com.ruoyi.generator.controller.GenController.download()','GET',1,'admin','ç ”å‘éƒ¨é—¨','/tool/gen/download/safe','127.0.0.1','å†…ç½‘IP','\"safe\"',NULL,0,NULL,'2024-03-11 14:46:36'),(326,'èœå•ç®¡ç†',3,'com.ruoyi.web.controller.system.SysMenuController.remove()','GET',1,'admin','ç ”å‘éƒ¨é—¨','/system/menu/remove/2056','127.0.0.1','å†…ç½‘IP','2056','{\"msg\":\"èœå•å·²åˆ†é…,ä¸å…è®¸åˆ é™¤\",\"code\":301}',0,NULL,'2024-03-11 14:49:23'),(327,'èœå•ç®¡ç†',3,'com.ruoyi.web.controller.system.SysMenuController.remove()','GET',1,'admin','ç ”å‘éƒ¨é—¨','/system/menu/remove/2068','127.0.0.1','å†…ç½‘IP','2068','{\"msg\":\"æ“ä½œæˆåŠŸ\",\"code\":0}',0,NULL,'2024-03-11 14:49:29'),(328,'èœå•ç®¡ç†',3,'com.ruoyi.web.controller.system.SysMenuController.remove()','GET',1,'admin','ç ”å‘éƒ¨é—¨','/system/menu/remove/2069','127.0.0.1','å†…ç½‘IP','2069','{\"msg\":\"æ“ä½œæˆåŠŸ\",\"code\":0}',0,NULL,'2024-03-11 14:49:33'),(329,'èœå•ç®¡ç†',3,'com.ruoyi.web.controller.system.SysMenuController.remove()','GET',1,'admin','ç ”å‘éƒ¨é—¨','/system/menu/remove/2070','127.0.0.1','å†…ç½‘IP','2070','{\"msg\":\"æ“ä½œæˆåŠŸ\",\"code\":0}',0,NULL,'2024-03-11 14:49:37'),(330,'èœå•ç®¡ç†',3,'com.ruoyi.web.controller.system.SysMenuController.remove()','GET',1,'admin','ç ”å‘éƒ¨é—¨','/system/menu/remove/2071','127.0.0.1','å†…ç½‘IP','2071','{\"msg\":\"æ“ä½œæˆåŠŸ\",\"code\":0}',0,NULL,'2024-03-11 14:49:41'),(331,'èœå•ç®¡ç†',3,'com.ruoyi.web.controller.system.SysMenuController.remove()','GET',1,'admin','ç ”å‘éƒ¨é—¨','/system/menu/remove/2072','127.0.0.1','å†…ç½‘IP','2072','{\"msg\":\"æ“ä½œæˆåŠŸ\",\"code\":0}',0,NULL,'2024-03-11 14:49:45'),(332,'èœå•ç®¡ç†',3,'com.ruoyi.web.controller.system.SysMenuController.remove()','GET',1,'admin','ç ”å‘éƒ¨é—¨','/system/menu/remove/2067','127.0.0.1','å†…ç½‘IP','2067','{\"msg\":\"æ“ä½œæˆåŠŸ\",\"code\":0}',0,NULL,'2024-03-11 14:49:48'),(333,'ä»£ç ç”Ÿæˆ',6,'com.ruoyi.generator.controller.GenController.importTableSave()','POST',1,'admin','ç ”å‘éƒ¨é—¨','/tool/gen/importTable','127.0.0.1','å†…ç½‘IP','{\"tables\":[\"didian\"]}','{\"msg\":\"æ“ä½œæˆåŠŸ\",\"code\":0}',0,NULL,'2024-03-11 15:48:10'),(334,'ä»£ç ç”Ÿæˆ',2,'com.ruoyi.generator.controller.GenController.editSave()','POST',1,'admin','ç ”å‘éƒ¨é—¨','/tool/gen/edit','127.0.0.1','å†…ç½‘IP','{\"tableId\":[\"18\"],\"tableName\":[\"didian\"],\"tableComment\":[\"åœ°ç‚¹\"],\"className\":[\"Didian\"],\"functionAuthor\":[\"SJY\"],\"remark\":[\"\"],\"columns[0].columnId\":[\"124\"],\"columns[0].sort\":[\"1\"],\"columns[0].columnComment\":[\"ID\"],\"columns[0].javaType\":[\"Long\"],\"columns[0].javaField\":[\"id\"],\"columns[0].isList\":[\"1\"],\"columns[0].queryType\":[\"EQ\"],\"columns[0].htmlType\":[\"input\"],\"columns[0].dictType\":[\"\"],\"columns[1].columnId\":[\"125\"],\"columns[1].sort\":[\"2\"],\"columns[1].columnComment\":[\"åç§°\"],\"columns[1].javaType\":[\"String\"],\"columns[1].javaField\":[\"name\"],\"columns[1].isInsert\":[\"1\"],\"columns[1].isEdit\":[\"1\"],\"columns[1].isList\":[\"1\"],\"columns[1].isQuery\":[\"1\"],\"columns[1].queryType\":[\"LIKE\"],\"columns[1].htmlType\":[\"input\"],\"columns[1].dictType\":[\"\"],\"tplCategory\":[\"crud\"],\"packageName\":[\"com.ruoyi.work\"],\"moduleName\":[\"work\"],\"businessName\":[\"didian\"],\"functionName\":[\"åœ°ç‚¹\"],\"params[parentMenuId]\":[\"2006\"],\"params[parentMenuName]\":[\"å®è®­å®¤\"],\"useMybatisPlus\":[\"1\"],\"genType\":[\"0\"],\"genPath\":[\"/\"],\"subTableName\":[\"\"],\"params[treeCode]\":[\"\"],\"params[treeParentCode]\":[\"\"],\"params[treeName]\":[\"\"]}','{\"msg\":\"æ“ä½œæˆåŠŸ\",\"code\":0}',0,NULL,'2024-03-11 15:48:49'),(335,'ä»£ç ç”Ÿæˆ',8,'com.ruoyi.generator.controller.GenController.download()','GET',1,'admin','ç ”å‘éƒ¨é—¨','/tool/gen/download/didian','127.0.0.1','å†…ç½‘IP','\"didian\"',NULL,0,NULL,'2024-03-11 15:48:59'),(336,'åœ°ç‚¹',1,'com.ruoyi.work.controller.DidianController.addSave()','POST',1,'admin','ç ”å‘éƒ¨é—¨','/work/didian/add','127.0.0.1','å†…ç½‘IP','{\"name\":[\"j01-301\"]}','{\"msg\":\"æ“ä½œæˆåŠŸ\",\"code\":0}',0,NULL,'2024-03-12 08:12:27'),(337,'åœ°ç‚¹',1,'com.ruoyi.work.controller.DidianController.addSave()','POST',1,'admin','ç ”å‘éƒ¨é—¨','/work/didian/add','127.0.0.1','å†…ç½‘IP','{\"name\":[\"j01-302\"]}','{\"msg\":\"æ“ä½œæˆåŠŸ\",\"code\":0}',0,NULL,'2024-03-12 08:12:36'),(338,'åœ°ç‚¹',1,'com.ruoyi.work.controller.DidianController.addSave()','POST',1,'admin','ç ”å‘éƒ¨é—¨','/work/didian/add','127.0.0.1','å†…ç½‘IP','{\"name\":[\"j01-303\"]}','{\"msg\":\"æ“ä½œæˆåŠŸ\",\"code\":0}',0,NULL,'2024-03-12 08:12:42'),(339,'åœ°ç‚¹',1,'com.ruoyi.work.controller.DidianController.addSave()','POST',1,'admin','ç ”å‘éƒ¨é—¨','/work/didian/add','127.0.0.1','å†…ç½‘IP','{\"name\":[\"j01-401\"]}','{\"msg\":\"æ“ä½œæˆåŠŸ\",\"code\":0}',0,NULL,'2024-03-12 08:12:54'),(340,'åœ°ç‚¹',1,'com.ruoyi.work.controller.DidianController.addSave()','POST',1,'admin','ç ”å‘éƒ¨é—¨','/work/didian/add','127.0.0.1','å†…ç½‘IP','{\"name\":[\"j01-402\"]}','{\"msg\":\"æ“ä½œæˆåŠŸ\",\"code\":0}',0,NULL,'2024-03-12 08:13:04'),(341,'åœ°ç‚¹',1,'com.ruoyi.work.controller.DidianController.addSave()','POST',1,'admin','ç ”å‘éƒ¨é—¨','/work/didian/add','127.0.0.1','å†…ç½‘IP','{\"name\":[\"j01-403\"]}','{\"msg\":\"æ“ä½œæˆåŠŸ\",\"code\":0}',0,NULL,'2024-03-12 08:13:09'),(342,'åœ°ç‚¹',1,'com.ruoyi.work.controller.DidianController.addSave()','POST',1,'admin','ç ”å‘éƒ¨é—¨','/work/didian/add','127.0.0.1','å†…ç½‘IP','{\"name\":[\"j01-404\"]}','{\"msg\":\"æ“ä½œæˆåŠŸ\",\"code\":0}',0,NULL,'2024-03-12 08:13:14'),(343,'åœ°ç‚¹',1,'com.ruoyi.work.controller.DidianController.addSave()','POST',1,'admin','ç ”å‘éƒ¨é—¨','/work/didian/add','127.0.0.1','å†…ç½‘IP','{\"name\":[\"j01-503\"]}','{\"msg\":\"æ“ä½œæˆåŠŸ\",\"code\":0}',0,NULL,'2024-03-12 08:13:30'),(344,'åœ°ç‚¹',1,'com.ruoyi.work.controller.DidianController.addSave()','POST',1,'admin','ç ”å‘éƒ¨é—¨','/work/didian/add','127.0.0.1','å†…ç½‘IP','{\"name\":[\"j01-504\"]}','{\"msg\":\"æ“ä½œæˆåŠŸ\",\"code\":0}',0,NULL,'2024-03-12 08:13:44'),(345,'åœ°ç‚¹',1,'com.ruoyi.work.controller.DidianController.addSave()','POST',1,'admin','ç ”å‘éƒ¨é—¨','/work/didian/add','127.0.0.1','å†…ç½‘IP','{\"name\":[\"j02-502\"]}','{\"msg\":\"æ“ä½œæˆåŠŸ\",\"code\":0}',0,NULL,'2024-03-12 08:13:59'),(346,'åœ°ç‚¹',1,'com.ruoyi.work.controller.DidianController.addSave()','POST',1,'admin','ç ”å‘éƒ¨é—¨','/work/didian/add','127.0.0.1','å†…ç½‘IP','{\"name\":[\"j02-503\"]}','{\"msg\":\"æ“ä½œæˆåŠŸ\",\"code\":0}',0,NULL,'2024-03-12 08:14:05'),(347,'åœ°ç‚¹',1,'com.ruoyi.work.controller.DidianController.addSave()','POST',1,'admin','ç ”å‘éƒ¨é—¨','/work/didian/add','127.0.0.1','å†…ç½‘IP','{\"name\":[\"j02-504\"]}','{\"msg\":\"æ“ä½œæˆåŠŸ\",\"code\":0}',0,NULL,'2024-03-12 08:14:10'),(348,'ä»£ç ç”Ÿæˆ',6,'com.ruoyi.generator.controller.GenController.importTableSave()','POST',1,'admin','ç ”å‘éƒ¨é—¨','/tool/gen/importTable','127.0.0.1','å†…ç½‘IP','{\"tables\":[\"user\"]}','{\"msg\":\"æ“ä½œæˆåŠŸ\",\"code\":0}',0,NULL,'2024-03-12 09:04:58'),(349,'ä»£ç ç”Ÿæˆ',2,'com.ruoyi.generator.controller.GenController.editSave()','POST',1,'admin','ç ”å‘éƒ¨é—¨','/tool/gen/edit','127.0.0.1','å†…ç½‘IP','{\"tableId\":[\"19\"],\"tableName\":[\"user\"],\"tableComment\":[\"ç”¨æˆ·\"],\"className\":[\"User\"],\"functionAuthor\":[\"SJY\"],\"remark\":[\"\"],\"columns[0].columnId\":[\"126\"],\"columns[0].sort\":[\"1\"],\"columns[0].columnComment\":[\"id\"],\"columns[0].javaType\":[\"Integer\"],\"columns[0].javaField\":[\"id\"],\"columns[0].isList\":[\"1\"],\"columns[0].queryType\":[\"EQ\"],\"columns[0].htmlType\":[\"input\"],\"columns[0].dictType\":[\"\"],\"columns[1].columnId\":[\"127\"],\"columns[1].sort\":[\"2\"],\"columns[1].columnComment\":[\"ç”¨æˆ·å\"],\"columns[1].javaType\":[\"String\"],\"columns[1].javaField\":[\"username\"],\"columns[1].isInsert\":[\"1\"],\"columns[1].isEdit\":[\"1\"],\"columns[1].isList\":[\"1\"],\"columns[1].isQuery\":[\"1\"],\"columns[1].queryType\":[\"LIKE\"],\"columns[1].htmlType\":[\"input\"],\"columns[1].dictType\":[\"\"],\"columns[2].columnId\":[\"128\"],\"columns[2].sort\":[\"3\"],\"columns[2].columnComment\":[\"å¯†ç \"],\"columns[2].javaType\":[\"String\"],\"columns[2].javaField\":[\"password\"],\"columns[2].isInsert\":[\"1\"],\"columns[2].isEdit\":[\"1\"],\"columns[2].isList\":[\"1\"],\"columns[2].queryType\":[\"EQ\"],\"columns[2].htmlType\":[\"input\"],\"columns[2].dictType\":[\"\"],\"tplCategory\":[\"crud\"],\"packageName\":[\"com.ruoyi.work\"],\"moduleName\":[\"work\"],\"businessName\":[\"user\"],\"functionName\":[\"ç”¨æˆ·\"],\"params[parentMenuId]\":[\"2006\"],\"params[parentMenuName]\":[\"å®è®­å®¤\"],\"useMybatisPlus\":[\"1\"],\"genType\":[\"0\"],\"genPath\":[\"/\"],\"subTableName\":[\"\"],\"params[treeCode]\":[\"\"],\"params[treeParentCode]\":[\"\"],\"params[treeName]\":[\"\"]}','{\"msg\":\"æ“ä½œæˆåŠŸ\",\"code\":0}',0,NULL,'2024-03-12 09:05:24'),(350,'ä»£ç ç”Ÿæˆ',8,'com.ruoyi.generator.controller.GenController.download()','GET',1,'admin','ç ”å‘éƒ¨é—¨','/tool/gen/download/user','127.0.0.1','å†…ç½‘IP','\"user\"',NULL,0,NULL,'2024-03-12 09:05:30'),(351,'èœå•ç®¡ç†',2,'com.ruoyi.web.controller.system.SysMenuController.editSave()','POST',1,'admin','ç ”å‘éƒ¨é—¨','/system/menu/edit','127.0.0.1','å†…ç½‘IP','{\"menuId\":[\"4\"],\"parentId\":[\"0\"],\"menuType\":[\"C\"],\"menuName\":[\"è‹¥ä¾å®˜ç½‘\"],\"url\":[\"http://ruoyi.vip\"],\"target\":[\"menuBlank\"],\"perms\":[\"\"],\"orderNum\":[\"4\"],\"icon\":[\"fa fa-location-arrow\"],\"visible\":[\"1\"],\"isRefresh\":[\"1\"]}','{\"msg\":\"æ“ä½œæˆåŠŸ\",\"code\":0}',0,NULL,'2024-03-21 09:36:59'),(352,'èœå•ç®¡ç†',2,'com.ruoyi.web.controller.system.SysMenuController.editSave()','POST',1,'admin','ç ”å‘éƒ¨é—¨','/system/menu/edit','127.0.0.1','å†…ç½‘IP','{\"menuId\":[\"2073\"],\"parentId\":[\"2006\"],\"menuType\":[\"C\"],\"menuName\":[\"åœ°ç‚¹\"],\"url\":[\"/work/didian\"],\"target\":[\"menuItem\"],\"perms\":[\"work:didian:view\"],\"orderNum\":[\"1\"],\"icon\":[\"#\"],\"visible\":[\"1\"],\"isRefresh\":[\"1\"]}','{\"msg\":\"æ“ä½œæˆåŠŸ\",\"code\":0}',0,NULL,'2024-03-21 09:37:14'),(353,'ä»£ç ç”Ÿæˆ',2,'com.ruoyi.generator.controller.GenController.synchDb()','GET',1,'admin','ç ”å‘éƒ¨é—¨','/tool/gen/synchDb/safe','127.0.0.1','å†…ç½‘IP','\"safe\"','{\"msg\":\"æ“ä½œæˆåŠŸ\",\"code\":0}',0,NULL,'2024-03-25 09:15:08'),(354,'å­—å…¸ç±»å‹',1,'com.ruoyi.web.controller.system.SysDictTypeController.addSave()','POST',1,'admin','ç ”å‘éƒ¨é—¨','/system/dict/add','127.0.0.1','å†…ç½‘IP','{\"dictName\":[\"ç»´ä¿®çŠ¶æ€\"],\"dictType\":[\"work_safe_status\"],\"status\":[\"0\"],\"remark\":[\"\"]}','{\"msg\":\"æ“ä½œæˆåŠŸ\",\"code\":0}',0,NULL,'2024-03-25 09:16:17'),(355,'å­—å…¸æ•°æ®',1,'com.ruoyi.web.controller.system.SysDictDataController.addSave()','POST',1,'admin','ç ”å‘éƒ¨é—¨','/system/dict/data/add','127.0.0.1','å†…ç½‘IP','{\"dictLabel\":[\"å·²å®Œæˆ\"],\"dictValue\":[\"1\"],\"dictType\":[\"work_safe_status\"],\"cssClass\":[\"\"],\"dictSort\":[\"0\"],\"listClass\":[\"success\"],\"isDefault\":[\"Y\"],\"status\":[\"0\"],\"remark\":[\"\"]}','{\"msg\":\"æ“ä½œæˆåŠŸ\",\"code\":0}',0,NULL,'2024-03-25 09:16:59'),(356,'å­—å…¸æ•°æ®',1,'com.ruoyi.web.controller.system.SysDictDataController.addSave()','POST',1,'admin','ç ”å‘éƒ¨é—¨','/system/dict/data/add','127.0.0.1','å†…ç½‘IP','{\"dictLabel\":[\"æœªå®Œæˆ\"],\"dictValue\":[\"0\"],\"dictType\":[\"work_safe_status\"],\"cssClass\":[\"\"],\"dictSort\":[\"1\"],\"listClass\":[\"danger\"],\"isDefault\":[\"Y\"],\"status\":[\"0\"],\"remark\":[\"\"]}','{\"msg\":\"æ“ä½œæˆåŠŸ\",\"code\":0}',0,NULL,'2024-03-25 09:17:16'),(357,'ä»£ç ç”Ÿæˆ',2,'com.ruoyi.generator.controller.GenController.editSave()','POST',1,'admin','ç ”å‘éƒ¨é—¨','/tool/gen/edit','127.0.0.1','å†…ç½‘IP','{\"tableId\":[\"23\"],\"tableName\":[\"safe\"],\"tableComment\":[\"ç»´ä¿®\"],\"className\":[\"Safe\"],\"functionAuthor\":[\"ruoyi\"],\"remark\":[\"\"],\"columns[0].columnId\":[\"147\"],\"columns[0].sort\":[\"1\"],\"columns[0].columnComment\":[\"ID\"],\"columns[0].javaType\":[\"Integer\"],\"columns[0].javaField\":[\"id\"],\"columns[0].isList\":[\"1\"],\"columns[0].queryType\":[\"EQ\"],\"columns[0].htmlType\":[\"input\"],\"columns[0].dictType\":[\"\"],\"columns[1].columnId\":[\"148\"],\"columns[1].sort\":[\"2\"],\"columns[1].columnComment\":[\"åœ°ç‚¹\"],\"columns[1].javaType\":[\"String\"],\"columns[1].javaField\":[\"place\"],\"columns[1].isInsert\":[\"1\"],\"columns[1].isEdit\":[\"1\"],\"columns[1].isList\":[\"1\"],\"columns[1].isQuery\":[\"1\"],\"columns[1].queryType\":[\"EQ\"],\"columns[1].htmlType\":[\"input\"],\"columns[1].dictType\":[\"\"],\"columns[2].columnId\":[\"149\"],\"columns[2].sort\":[\"3\"],\"columns[2].columnComment\":[\"åˆ†ç±»\"],\"columns[2].javaType\":[\"String\"],\"columns[2].javaField\":[\"type\"],\"columns[2].isInsert\":[\"1\"],\"columns[2].isEdit\":[\"1\"],\"columns[2].isList\":[\"1\"],\"columns[2].queryType\":[\"EQ\"],\"columns[2].htmlType\":[\"select\"],\"columns[2].dictType\":[\"\"],\"columns[3].columnId\":[\"150\"],\"columns[3].sort\":[\"4\"],\"columns[3].columnComment\":[\"é—®é¢˜æè¿°\"],\"columns[3].javaType\":[\"String\"],\"columns[3].javaField\":[\"question\"],\"columns[3].isInsert\":[\"1\"],\"columns[3].isEdit\":[\"1\"],\"columns[3].isList\":[\"1\"],\"columns[3].queryType\":[\"EQ\"],\"columns[3].htmlType\":[\"input\"],\"columns[3].dictType\":[\"\"],\"columns[4].columnId\":[\"151\"],\"columns[4].sort\":[\"5\"],\"columns[4].columnComment\":[\"å›¾ç‰‡\"],\"columns[4].javaType\":[\"String\"],\"columns[4].javaField\":[\"pic\"],\"columns[4].isInsert\":[\"1\"],\"columns[4].isEdit\":[\"1\"],\"columns[4].isList\":[\"1\"],\"columns[4].queryType\":[\"EQ\"],\"columns[4].htmlType\":[\"upload\"],\"columns[4].dictType\":[\"\"],\"columns[5].columnId\":[\"152\"],\"columns[5].sort\":[\"6\"],\"columns[5].columnComment\":[\"æ—¶é—´\"],\"columns[5].javaType\":[\"Date\"],\"columns[5].javaField\":[\"time\"],\"columns[5].isInsert\":[\"1\"],\"columns[5].isEdit\":[\"1\"],\"columns[5].isList\":[\"1\"],\"columns[5].isQuery\":[\"1\"],\"columns[5].queryType\":[\"EQ\"]','{\"msg\":\"æ“ä½œæˆåŠŸ\",\"code\":0}',0,NULL,'2024-03-25 09:17:38'),(358,'ä»£ç ç”Ÿæˆ',8,'com.ruoyi.generator.controller.GenController.download()','GET',1,'admin','ç ”å‘éƒ¨é—¨','/tool/gen/download/safe','127.0.0.1','å†…ç½‘IP','\"safe\"',NULL,0,NULL,'2024-03-25 09:17:42'),(359,'ä»£ç ç”Ÿæˆ',2,'com.ruoyi.generator.controller.GenController.synchDb()','GET',1,'admin','ç ”å‘éƒ¨é—¨','/tool/gen/synchDb/safe','127.0.0.1','å†…ç½‘IP','\"safe\"','{\"msg\":\"æ“ä½œæˆåŠŸ\",\"code\":0}',0,NULL,'2024-03-25 09:31:34'),(360,'ä»£ç ç”Ÿæˆ',2,'com.ruoyi.generator.controller.GenController.editSave()','POST',1,'admin','ç ”å‘éƒ¨é—¨','/tool/gen/edit','127.0.0.1','å†…ç½‘IP','{\"tableId\":[\"23\"],\"tableName\":[\"safe\"],\"tableComment\":[\"ç»´ä¿®\"],\"className\":[\"Safe\"],\"functionAuthor\":[\"ruoyi\"],\"remark\":[\"\"],\"columns[0].columnId\":[\"147\"],\"columns[0].sort\":[\"1\"],\"columns[0].columnComment\":[\"ID\"],\"columns[0].javaType\":[\"Integer\"],\"columns[0].javaField\":[\"id\"],\"columns[0].isList\":[\"1\"],\"columns[0].queryType\":[\"EQ\"],\"columns[0].htmlType\":[\"input\"],\"columns[0].dictType\":[\"\"],\"columns[1].columnId\":[\"148\"],\"columns[1].sort\":[\"2\"],\"columns[1].columnComment\":[\"åœ°ç‚¹\"],\"columns[1].javaType\":[\"String\"],\"columns[1].javaField\":[\"place\"],\"columns[1].isInsert\":[\"1\"],\"columns[1].isEdit\":[\"1\"],\"columns[1].isList\":[\"1\"],\"columns[1].isQuery\":[\"1\"],\"columns[1].queryType\":[\"EQ\"],\"columns[1].htmlType\":[\"input\"],\"columns[1].dictType\":[\"\"],\"columns[2].columnId\":[\"149\"],\"columns[2].sort\":[\"3\"],\"columns[2].columnComment\":[\"åˆ†ç±»\"],\"columns[2].javaType\":[\"String\"],\"columns[2].javaField\":[\"type\"],\"columns[2].isInsert\":[\"1\"],\"columns[2].isEdit\":[\"1\"],\"columns[2].isList\":[\"1\"],\"columns[2].queryType\":[\"EQ\"],\"columns[2].htmlType\":[\"select\"],\"columns[2].dictType\":[\"\"],\"columns[3].columnId\":[\"150\"],\"columns[3].sort\":[\"4\"],\"columns[3].columnComment\":[\"é—®é¢˜æè¿°\"],\"columns[3].javaType\":[\"String\"],\"columns[3].javaField\":[\"question\"],\"columns[3].isInsert\":[\"1\"],\"columns[3].isEdit\":[\"1\"],\"columns[3].isList\":[\"1\"],\"columns[3].queryType\":[\"EQ\"],\"columns[3].htmlType\":[\"input\"],\"columns[3].dictType\":[\"\"],\"columns[4].columnId\":[\"151\"],\"columns[4].sort\":[\"5\"],\"columns[4].columnComment\":[\"å›¾ç‰‡\"],\"columns[4].javaType\":[\"String\"],\"columns[4].javaField\":[\"pic\"],\"columns[4].isInsert\":[\"1\"],\"columns[4].isEdit\":[\"1\"],\"columns[4].isList\":[\"1\"],\"columns[4].queryType\":[\"EQ\"],\"columns[4].htmlType\":[\"upload\"],\"columns[4].dictType\":[\"\"],\"columns[5].columnId\":[\"152\"],\"columns[5].sort\":[\"6\"],\"columns[5].columnComment\":[\"æ—¶é—´\"],\"columns[5].javaType\":[\"Date\"],\"columns[5].javaField\":[\"time\"],\"columns[5].isInsert\":[\"1\"],\"columns[5].isEdit\":[\"1\"],\"columns[5].isList\":[\"1\"],\"columns[5].isQuery\":[\"1\"],\"columns[5].queryType\":[\"EQ\"]','{\"msg\":\"æ“ä½œæˆåŠŸ\",\"code\":0}',0,NULL,'2024-03-25 09:31:48'),(361,'ä»£ç ç”Ÿæˆ',8,'com.ruoyi.generator.controller.GenController.download()','GET',1,'admin','ç ”å‘éƒ¨é—¨','/tool/gen/download/safe','127.0.0.1','å†…ç½‘IP','\"safe\"',NULL,0,NULL,'2024-03-25 09:31:51'),(362,'ä»£ç ç”Ÿæˆ',2,'com.ruoyi.generator.controller.GenController.synchDb()','GET',1,'admin','ç ”å‘éƒ¨é—¨','/tool/gen/synchDb/safe','127.0.0.1','å†…ç½‘IP','\"safe\"','{\"msg\":\"æ“ä½œæˆåŠŸ\",\"code\":0}',0,NULL,'2024-03-25 09:40:29'),(363,'ä»£ç ç”Ÿæˆ',2,'com.ruoyi.generator.controller.GenController.editSave()','POST',1,'admin','ç ”å‘éƒ¨é—¨','/tool/gen/edit','127.0.0.1','å†…ç½‘IP','{\"tableId\":[\"23\"],\"tableName\":[\"safe\"],\"tableComment\":[\"ç»´ä¿®\"],\"className\":[\"Safe\"],\"functionAuthor\":[\"ruoyi\"],\"remark\":[\"\"],\"columns[0].columnId\":[\"147\"],\"columns[0].sort\":[\"1\"],\"columns[0].columnComment\":[\"ID\"],\"columns[0].javaType\":[\"Integer\"],\"columns[0].javaField\":[\"id\"],\"columns[0].isList\":[\"1\"],\"columns[0].queryType\":[\"EQ\"],\"columns[0].htmlType\":[\"input\"],\"columns[0].dictType\":[\"\"],\"columns[1].columnId\":[\"148\"],\"columns[1].sort\":[\"2\"],\"columns[1].columnComment\":[\"åœ°ç‚¹\"],\"columns[1].javaType\":[\"String\"],\"columns[1].javaField\":[\"place\"],\"columns[1].isInsert\":[\"1\"],\"columns[1].isEdit\":[\"1\"],\"columns[1].isList\":[\"1\"],\"columns[1].isQuery\":[\"1\"],\"columns[1].queryType\":[\"EQ\"],\"columns[1].htmlType\":[\"input\"],\"columns[1].dictType\":[\"\"],\"columns[2].columnId\":[\"149\"],\"columns[2].sort\":[\"3\"],\"columns[2].columnComment\":[\"åˆ†ç±»\"],\"columns[2].javaType\":[\"String\"],\"columns[2].javaField\":[\"type\"],\"columns[2].isInsert\":[\"1\"],\"columns[2].isEdit\":[\"1\"],\"columns[2].isList\":[\"1\"],\"columns[2].queryType\":[\"EQ\"],\"columns[2].htmlType\":[\"select\"],\"columns[2].dictType\":[\"\"],\"columns[3].columnId\":[\"150\"],\"columns[3].sort\":[\"4\"],\"columns[3].columnComment\":[\"é—®é¢˜æè¿°\"],\"columns[3].javaType\":[\"String\"],\"columns[3].javaField\":[\"question\"],\"columns[3].isInsert\":[\"1\"],\"columns[3].isEdit\":[\"1\"],\"columns[3].isList\":[\"1\"],\"columns[3].queryType\":[\"EQ\"],\"columns[3].htmlType\":[\"input\"],\"columns[3].dictType\":[\"\"],\"columns[4].columnId\":[\"151\"],\"columns[4].sort\":[\"5\"],\"columns[4].columnComment\":[\"å›¾ç‰‡\"],\"columns[4].javaType\":[\"String\"],\"columns[4].javaField\":[\"pic\"],\"columns[4].isInsert\":[\"1\"],\"columns[4].isEdit\":[\"1\"],\"columns[4].isList\":[\"1\"],\"columns[4].queryType\":[\"EQ\"],\"columns[4].htmlType\":[\"upload\"],\"columns[4].dictType\":[\"\"],\"columns[5].columnId\":[\"152\"],\"columns[5].sort\":[\"6\"],\"columns[5].columnComment\":[\"æ—¶é—´\"],\"columns[5].javaType\":[\"Date\"],\"columns[5].javaField\":[\"time\"],\"columns[5].isInsert\":[\"1\"],\"columns[5].isEdit\":[\"1\"],\"columns[5].isList\":[\"1\"],\"columns[5].isQuery\":[\"1\"],\"columns[5].queryType\":[\"EQ\"]','{\"msg\":\"æ“ä½œæˆåŠŸ\",\"code\":0}',0,NULL,'2024-03-25 09:40:37'),(364,'ä»£ç ç”Ÿæˆ',8,'com.ruoyi.generator.controller.GenController.download()','GET',1,'admin','ç ”å‘éƒ¨é—¨','/tool/gen/download/safe','127.0.0.1','å†…ç½‘IP','\"safe\"',NULL,0,NULL,'2024-03-25 09:40:39'),(365,'ä»£ç ç”Ÿæˆ',3,'com.ruoyi.generator.controller.GenController.remove()','POST',1,'admin','ç ”å‘éƒ¨é—¨','/tool/gen/remove','127.0.0.1','å†…ç½‘IP','{\"ids\":[\"23\"]}','{\"msg\":\"æ“ä½œæˆåŠŸ\",\"code\":0}',0,NULL,'2024-03-25 09:50:44'),(366,'ä»£ç ç”Ÿæˆ',6,'com.ruoyi.generator.controller.GenController.importTableSave()','POST',1,'admin','ç ”å‘éƒ¨é—¨','/tool/gen/importTable','127.0.0.1','å†…ç½‘IP','{\"tables\":[\"safe\"]}','{\"msg\":\"æ“ä½œæˆåŠŸ\",\"code\":0}',0,NULL,'2024-03-25 09:50:48'),(367,'ä»£ç ç”Ÿæˆ',2,'com.ruoyi.generator.controller.GenController.editSave()','POST',1,'admin','ç ”å‘éƒ¨é—¨','/tool/gen/edit','127.0.0.1','å†…ç½‘IP','{\"tableId\":[\"24\"],\"tableName\":[\"safe\"],\"tableComment\":[\"ç»´ä¿®\"],\"className\":[\"Safe\"],\"functionAuthor\":[\"SJY\"],\"remark\":[\"\"],\"columns[0].columnId\":[\"156\"],\"columns[0].sort\":[\"1\"],\"columns[0].columnComment\":[\"ID\"],\"columns[0].javaType\":[\"Integer\"],\"columns[0].javaField\":[\"id\"],\"columns[0].isList\":[\"1\"],\"columns[0].queryType\":[\"EQ\"],\"columns[0].htmlType\":[\"input\"],\"columns[0].dictType\":[\"\"],\"columns[1].columnId\":[\"157\"],\"columns[1].sort\":[\"2\"],\"columns[1].columnComment\":[\"åœ°ç‚¹\"],\"columns[1].javaType\":[\"String\"],\"columns[1].javaField\":[\"place\"],\"columns[1].isInsert\":[\"1\"],\"columns[1].isEdit\":[\"1\"],\"columns[1].isList\":[\"1\"],\"columns[1].isQuery\":[\"1\"],\"columns[1].queryType\":[\"EQ\"],\"columns[1].htmlType\":[\"input\"],\"columns[1].dictType\":[\"\"],\"columns[2].columnId\":[\"158\"],\"columns[2].sort\":[\"3\"],\"columns[2].columnComment\":[\"åˆ†ç±»\"],\"columns[2].javaType\":[\"String\"],\"columns[2].javaField\":[\"type\"],\"columns[2].isInsert\":[\"1\"],\"columns[2].isEdit\":[\"1\"],\"columns[2].isList\":[\"1\"],\"columns[2].isQuery\":[\"1\"],\"columns[2].queryType\":[\"EQ\"],\"columns[2].htmlType\":[\"select\"],\"columns[2].dictType\":[\"\"],\"columns[3].columnId\":[\"159\"],\"columns[3].sort\":[\"4\"],\"columns[3].columnComment\":[\"é—®é¢˜æè¿°\"],\"columns[3].javaType\":[\"String\"],\"columns[3].javaField\":[\"question\"],\"columns[3].isInsert\":[\"1\"],\"columns[3].isEdit\":[\"1\"],\"columns[3].isList\":[\"1\"],\"columns[3].queryType\":[\"EQ\"],\"columns[3].htmlType\":[\"input\"],\"columns[3].dictType\":[\"\"],\"columns[4].columnId\":[\"160\"],\"columns[4].sort\":[\"5\"],\"columns[4].columnComment\":[\"å›¾ç‰‡\"],\"columns[4].javaType\":[\"String\"],\"columns[4].javaField\":[\"pic\"],\"columns[4].isInsert\":[\"1\"],\"columns[4].isEdit\":[\"1\"],\"columns[4].isList\":[\"1\"],\"columns[4].queryType\":[\"EQ\"],\"columns[4].htmlType\":[\"upload\"],\"columns[4].dictType\":[\"\"],\"columns[5].columnId\":[\"161\"],\"columns[5].sort\":[\"6\"],\"columns[5].columnComment\":[\"æ—¶é—´\"],\"columns[5].javaType\":[\"Date\"],\"columns[5].javaField\":[\"time\"],\"columns[5].isInsert\":[\"1\"],\"columns[5].isEdit\":[\"1\"],\"columns[5].isList\":[\"1\"],\"columns[5].isQuery\":[\"1\"],\"col','{\"msg\":\"æ“ä½œæˆåŠŸ\",\"code\":0}',0,NULL,'2024-03-25 09:51:33'),(368,'ä»£ç ç”Ÿæˆ',8,'com.ruoyi.generator.controller.GenController.download()','GET',1,'admin','ç ”å‘éƒ¨é—¨','/tool/gen/download/safe','127.0.0.1','å†…ç½‘IP','\"safe\"',NULL,0,NULL,'2024-03-25 09:51:36'),(369,'èœå•ç®¡ç†',2,'com.ruoyi.web.controller.system.SysMenuController.editSave()','POST',1,'admin','ç ”å‘éƒ¨é—¨','/system/menu/edit','127.0.0.1','å†…ç½‘IP','{\"menuId\":[\"2055\"],\"parentId\":[\"2006\"],\"menuType\":[\"C\"],\"menuName\":[\"ç»´ä¿®\"],\"url\":[\"/work/safe\"],\"target\":[\"menuItem\"],\"perms\":[\"work:safe:view\"],\"orderNum\":[\"1\"],\"icon\":[\"#\"],\"visible\":[\"1\"],\"isRefresh\":[\"1\"]}','{\"msg\":\"æ“ä½œæˆåŠŸ\",\"code\":0}',0,NULL,'2024-03-25 09:56:50'),(370,'å«ç”Ÿ',1,'com.ruoyi.work.controller.CleanController.addSave()','POST',1,'admin','ç ”å‘éƒ¨é—¨','/work/clean/add','127.0.0.1','å†…ç½‘IP','{\"place\":[\"ä¿„æ–‡æ³•æ–‡\"],\"question\":[\"\"],\"pic\":[\"\"],\"time\":[\"\"],\"name\":[\"\"],\"phone\":[\"\"],\"status\":[\"\"]}','{\"msg\":\"æ“ä½œæˆåŠŸ\",\"code\":0}',0,NULL,'2024-03-25 10:18:14'),(371,'å«ç”Ÿ',1,'com.ruoyi.work.controller.CleanController.addSave()','POST',1,'admin','ç ”å‘éƒ¨é—¨','/work/clean/add','127.0.0.1','å†…ç½‘IP','{\"place\":[\"å§”å±ˆå§”å±ˆ\"],\"question\":[\"\"],\"pic\":[\"\"],\"time\":[\"\"],\"name\":[\"\"],\"phone\":[\"\"],\"status\":[\"\"]}','{\"msg\":\"æ“ä½œæˆåŠŸ\",\"code\":0}',0,NULL,'2024-03-25 10:18:18'),(372,'å«ç”Ÿ',1,'com.ruoyi.work.controller.CleanController.addSave()','POST',1,'admin','ç ”å‘éƒ¨é—¨','/work/clean/add','127.0.0.1','å†…ç½‘IP','{\"place\":[\"çš„é’è›™æ‰“ç½‘çƒ\"],\"question\":[\"\"],\"pic\":[\"\"],\"time\":[\"\"],\"name\":[\"\"],\"phone\":[\"\"],\"status\":[\"\"]}','{\"msg\":\"æ“ä½œæˆåŠŸ\",\"code\":0}',0,NULL,'2024-03-25 10:18:23'),(373,'å«ç”Ÿ',1,'com.ruoyi.work.controller.CleanController.addSave()','POST',1,'admin','ç ”å‘éƒ¨é—¨','/work/clean/add','127.0.0.1','å†…ç½‘IP','{\"place\":[\"é’è›™æ‰“ç½‘çƒçš„\"],\"question\":[\"\"],\"pic\":[\"\"],\"time\":[\"\"],\"name\":[\"\"],\"phone\":[\"\"],\"status\":[\"\"]}','{\"msg\":\"æ“ä½œæˆåŠŸ\",\"code\":0}',0,NULL,'2024-03-25 10:18:26'),(374,'å«ç”Ÿ',3,'com.ruoyi.work.controller.CleanController.remove()','POST',1,'admin','ç ”å‘éƒ¨é—¨','/work/clean/remove','127.0.0.1','å†…ç½‘IP','{\"ids\":[\"81,82,83\"]}','{\"msg\":\"æ“ä½œæˆåŠŸ\",\"code\":0}',0,NULL,'2024-03-26 08:16:51'),(375,'å«ç”Ÿ',3,'com.ruoyi.work.controller.CleanController.remove()','POST',1,'admin','ç ”å‘éƒ¨é—¨','/work/clean/remove','127.0.0.1','å†…ç½‘IP','{\"ids\":[\"84\"]}','{\"msg\":\"æ“ä½œæˆåŠŸ\",\"code\":0}',0,NULL,'2024-03-26 08:16:54'),(376,'ç»´ä¿®',1,'com.ruoyi.work.controller.SafeController.addSave()','POST',1,'admin','ç ”å‘éƒ¨é—¨','/work/safe/add','127.0.0.1','å†…ç½‘IP','{\"place\":[\"\"],\"type\":[\"\"],\"question\":[\"\"],\"pic\":[\"/profile/upload/2024/03/27/14913f94-f6ea-4e2f-8643-1e9eac629615.jpg\"],\"time\":[\"\"],\"name\":[\"\"],\"phone\":[\"\"],\"status\":[\"0\"]}','{\"msg\":\"æ“ä½œæˆåŠŸ\",\"code\":0}',0,NULL,'2024-03-27 09:48:52'),(377,'å«ç”Ÿ',5,'com.ruoyi.work.controller.CleanController.export()','POST',1,'admin','ç ”å‘éƒ¨é—¨','/work/clean/export','127.0.0.1','å†…ç½‘IP','{\"time\":[\"\"],\"name\":[\"\"],\"status\":[\"\"],\"orderByColumn\":[\"\"],\"isAsc\":[\"asc\"]}','{\"msg\":\"2f366bf5-f706-477a-bc40-4b3220de8e49_clean.xlsx\",\"code\":0}',0,NULL,'2024-03-27 14:04:42'),(378,'ç»´ä¿®',5,'com.ruoyi.work.controller.SafeController.export()','POST',1,'admin','ç ”å‘éƒ¨é—¨','/work/safe/export','127.0.0.1','å†…ç½‘IP','{\"place\":[\"\"],\"type\":[\"\"],\"time\":[\"\"],\"name\":[\"\"],\"status\":[\"\"],\"orderByColumn\":[\"\"],\"isAsc\":[\"asc\"]}','{\"msg\":\"a01b73c4-c036-4aa4-a09c-cd175a64efc1_safe.xlsx\",\"code\":0}',0,NULL,'2024-03-27 14:06:53'),(379,'ç»´ä¿®',5,'com.ruoyi.work.controller.SafeController.export()','POST',1,'admin','ç ”å‘éƒ¨é—¨','/work/safe/export','127.0.0.1','å†…ç½‘IP','{\"place\":[\"\"],\"type\":[\"\"],\"time\":[\"\"],\"name\":[\"\"],\"status\":[\"\"],\"orderByColumn\":[\"\"],\"isAsc\":[\"asc\"]}','{\"msg\":\"4168c362-a238-4986-8e00-f4b91c3bec41_safe.xlsx\",\"code\":0}',0,NULL,'2024-03-27 14:08:01'),(380,'å«ç”Ÿ',5,'com.ruoyi.work.controller.CleanController.export()','POST',1,'admin','ç ”å‘éƒ¨é—¨','/work/clean/export','127.0.0.1','å†…ç½‘IP','{\"time\":[\"\"],\"name\":[\"\"],\"status\":[\"\"],\"orderByColumn\":[\"\"],\"isAsc\":[\"asc\"]}','{\"msg\":\"4caacf08-c33c-473e-8088-b21c720dcfdf_clean.xlsx\",\"code\":0}',0,NULL,'2024-03-27 14:10:21'),(381,'å«ç”Ÿ',5,'com.ruoyi.work.controller.CleanController.export()','POST',1,'admin','ç ”å‘éƒ¨é—¨','/work/clean/export','127.0.0.1','å†…ç½‘IP','{\"time\":[\"\"],\"name\":[\"\"],\"status\":[\"\"],\"orderByColumn\":[\"\"],\"isAsc\":[\"asc\"]}','{\"msg\":\"eb7bc37c-ee4f-4063-88ad-f6aca2659cf2_clean.xlsx\",\"code\":0}',0,NULL,'2024-03-27 14:11:39'),(382,'å«ç”Ÿ',5,'com.ruoyi.work.controller.CleanController.export()','POST',1,'admin','ç ”å‘éƒ¨é—¨','/work/clean/export','127.0.0.1','å†…ç½‘IP','{\"time\":[\"\"],\"name\":[\"\"],\"status\":[\"\"],\"orderByColumn\":[\"\"],\"isAsc\":[\"asc\"]}','{\"msg\":\"c5315444-1bcf-4286-91be-d7e1315c2c5c_clean.xlsx\",\"code\":0}',0,NULL,'2024-03-27 14:13:09'),(383,'å«ç”Ÿ',5,'com.ruoyi.work.controller.CleanController.export()','POST',1,'admin','ç ”å‘éƒ¨é—¨','/work/clean/export','127.0.0.1','å†…ç½‘IP','{\"time\":[\"\"],\"name\":[\"\"],\"status\":[\"\"],\"orderByColumn\":[\"\"],\"isAsc\":[\"asc\"]}','{\"msg\":\"7ee39b49-af9a-45ca-8e55-38a9149abc4d_clean.xlsx\",\"code\":0}',0,NULL,'2024-03-27 14:14:20'),(384,'å«ç”Ÿ',5,'com.ruoyi.work.controller.CleanController.export()','POST',1,'admin','ç ”å‘éƒ¨é—¨','/work/clean/export','127.0.0.1','å†…ç½‘IP','{\"time\":[\"\"],\"name\":[\"\"],\"status\":[\"\"],\"orderByColumn\":[\"\"],\"isAsc\":[\"asc\"]}','{\"msg\":\"74b8143e-fae8-4ee0-bba1-93e3c8678012_clean.xlsx\",\"code\":0}',0,NULL,'2024-03-27 14:15:21'),(385,'å«ç”Ÿ',5,'com.ruoyi.work.controller.CleanController.export()','POST',1,'admin','ç ”å‘éƒ¨é—¨','/work/clean/export','127.0.0.1','å†…ç½‘IP','{\"time\":[\"\"],\"name\":[\"\"],\"status\":[\"\"],\"orderByColumn\":[\"\"],\"isAsc\":[\"asc\"]}','{\"msg\":\"1d90d2b2-f3e1-4bd3-9d8a-40869878a0ce_clean.xlsx\",\"code\":0}',0,NULL,'2024-03-27 14:16:25'),(386,'ä»£ç ç”Ÿæˆ',2,'com.ruoyi.generator.controller.GenController.editSave()','POST',1,'admin','ç ”å‘éƒ¨é—¨','/tool/gen/edit','127.0.0.1','å†…ç½‘IP','{\"tableId\":[\"24\"],\"tableName\":[\"safe\"],\"tableComment\":[\"ç»´ä¿®\"],\"className\":[\"Safe\"],\"functionAuthor\":[\"SJY\"],\"remark\":[\"\"],\"columns[0].columnId\":[\"156\"],\"columns[0].sort\":[\"1\"],\"columns[0].columnComment\":[\"ID\"],\"columns[0].javaType\":[\"Integer\"],\"columns[0].javaField\":[\"id\"],\"columns[0].isList\":[\"1\"],\"columns[0].queryType\":[\"EQ\"],\"columns[0].htmlType\":[\"input\"],\"columns[0].dictType\":[\"\"],\"columns[1].columnId\":[\"157\"],\"columns[1].sort\":[\"2\"],\"columns[1].columnComment\":[\"åœ°ç‚¹\"],\"columns[1].javaType\":[\"String\"],\"columns[1].javaField\":[\"place\"],\"columns[1].isInsert\":[\"1\"],\"columns[1].isEdit\":[\"1\"],\"columns[1].isList\":[\"1\"],\"columns[1].isQuery\":[\"1\"],\"columns[1].queryType\":[\"EQ\"],\"columns[1].htmlType\":[\"input\"],\"columns[1].dictType\":[\"\"],\"columns[2].columnId\":[\"158\"],\"columns[2].sort\":[\"3\"],\"columns[2].columnComment\":[\"åˆ†ç±»\"],\"columns[2].javaType\":[\"String\"],\"columns[2].javaField\":[\"type\"],\"columns[2].isInsert\":[\"1\"],\"columns[2].isEdit\":[\"1\"],\"columns[2].isList\":[\"1\"],\"columns[2].isQuery\":[\"1\"],\"columns[2].queryType\":[\"EQ\"],\"columns[2].htmlType\":[\"select\"],\"columns[2].dictType\":[\"\"],\"columns[3].columnId\":[\"159\"],\"columns[3].sort\":[\"4\"],\"columns[3].columnComment\":[\"é—®é¢˜æè¿°\"],\"columns[3].javaType\":[\"String\"],\"columns[3].javaField\":[\"question\"],\"columns[3].isInsert\":[\"1\"],\"columns[3].isEdit\":[\"1\"],\"columns[3].isList\":[\"1\"],\"columns[3].queryType\":[\"EQ\"],\"columns[3].htmlType\":[\"input\"],\"columns[3].dictType\":[\"\"],\"columns[4].columnId\":[\"160\"],\"columns[4].sort\":[\"5\"],\"columns[4].columnComment\":[\"å›¾ç‰‡\"],\"columns[4].javaType\":[\"String\"],\"columns[4].javaField\":[\"pic\"],\"columns[4].isInsert\":[\"1\"],\"columns[4].isEdit\":[\"1\"],\"columns[4].isList\":[\"1\"],\"columns[4].queryType\":[\"EQ\"],\"columns[4].htmlType\":[\"upload\"],\"columns[4].dictType\":[\"\"],\"columns[5].columnId\":[\"161\"],\"columns[5].sort\":[\"6\"],\"columns[5].columnComment\":[\"æ—¶é—´\"],\"columns[5].javaType\":[\"Date\"],\"columns[5].javaField\":[\"time\"],\"columns[5].isInsert\":[\"1\"],\"columns[5].isEdit\":[\"1\"],\"columns[5].isList\":[\"1\"],\"columns[5].isQuery\":[\"1\"],\"col','{\"msg\":\"æ“ä½œæˆåŠŸ\",\"code\":0}',0,NULL,'2024-03-27 14:18:03'),(387,'å«ç”Ÿ',1,'com.ruoyi.work.controller.CleanController.addSave()','POST',1,'admin','ç ”å‘éƒ¨é—¨','/work/clean/add','127.0.0.1','å†…ç½‘IP','{\"place\":[\"j01-520\"],\"question\":[\"åœ°é¢æœ‰åƒåœ¾\"],\"pic\":[\"/profile/upload/2024/03/27/bd1223d3-85e6-4b18-8377-591abd917b55.png\"],\"time\":[\"\"],\"name\":[\"\"],\"phone\":[\"\"],\"status\":[\"\"]}','{\"msg\":\"æ“ä½œæˆåŠŸ\",\"code\":0}',0,NULL,'2024-03-27 14:18:45'),(388,'å«ç”Ÿ',5,'com.ruoyi.work.controller.CleanController.export()','POST',1,'admin','ç ”å‘éƒ¨é—¨','/work/clean/export','127.0.0.1','å†…ç½‘IP','{\"time\":[\"\"],\"name\":[\"\"],\"status\":[\"\"],\"orderByColumn\":[\"\"],\"isAsc\":[\"asc\"]}','{\"msg\":\"8e777bc3-5d1c-41cc-afd3-06c9f327bde4_clean.xlsx\",\"code\":0}',0,NULL,'2024-03-27 14:18:58'),(389,'ä»£ç ç”Ÿæˆ',6,'com.ruoyi.generator.controller.GenController.importTableSave()','POST',1,'admin','ç ”å‘éƒ¨é—¨','/tool/gen/importTable','127.0.0.1','å†…ç½‘IP','{\"tables\":[\"clean\"]}','{\"msg\":\"æ“ä½œæˆåŠŸ\",\"code\":0}',0,NULL,'2024-03-27 14:20:44'),(390,'ä»£ç ç”Ÿæˆ',2,'com.ruoyi.generator.controller.GenController.editSave()','POST',1,'admin','ç ”å‘éƒ¨é—¨','/tool/gen/edit','127.0.0.1','å†…ç½‘IP','{\"tableId\":[\"25\"],\"tableName\":[\"clean\"],\"tableComment\":[\"å«ç”Ÿè¡¨\"],\"className\":[\"Clean\"],\"functionAuthor\":[\"SJY\"],\"remark\":[\"\"],\"columns[0].columnId\":[\"165\"],\"columns[0].sort\":[\"1\"],\"columns[0].columnComment\":[\"ID\"],\"columns[0].javaType\":[\"Long\"],\"columns[0].javaField\":[\"id\"],\"columns[0].isList\":[\"1\"],\"columns[0].queryType\":[\"EQ\"],\"columns[0].htmlType\":[\"input\"],\"columns[0].dictType\":[\"\"],\"columns[1].columnId\":[\"166\"],\"columns[1].sort\":[\"2\"],\"columns[1].columnComment\":[\"åœ°ç‚¹\"],\"columns[1].javaType\":[\"String\"],\"columns[1].javaField\":[\"place\"],\"columns[1].isInsert\":[\"1\"],\"columns[1].isEdit\":[\"1\"],\"columns[1].isList\":[\"1\"],\"columns[1].isQuery\":[\"1\"],\"columns[1].queryType\":[\"EQ\"],\"columns[1].htmlType\":[\"textarea\"],\"columns[1].dictType\":[\"\"],\"columns[2].columnId\":[\"167\"],\"columns[2].sort\":[\"3\"],\"columns[2].columnComment\":[\"å«ç”Ÿæè¿°\"],\"columns[2].javaType\":[\"String\"],\"columns[2].javaField\":[\"question\"],\"columns[2].isInsert\":[\"1\"],\"columns[2].isEdit\":[\"1\"],\"columns[2].isList\":[\"1\"],\"columns[2].isQuery\":[\"1\"],\"columns[2].queryType\":[\"LIKE\"],\"columns[2].htmlType\":[\"textarea\"],\"columns[2].dictType\":[\"\"],\"columns[3].columnId\":[\"168\"],\"columns[3].sort\":[\"4\"],\"columns[3].columnComment\":[\"å›¾ç‰‡\"],\"columns[3].javaType\":[\"String\"],\"columns[3].javaField\":[\"pic\"],\"columns[3].isInsert\":[\"1\"],\"columns[3].isEdit\":[\"1\"],\"columns[3].isList\":[\"1\"],\"columns[3].queryType\":[\"EQ\"],\"columns[3].htmlType\":[\"upload\"],\"columns[3].dictType\":[\"\"],\"columns[4].columnId\":[\"169\"],\"columns[4].sort\":[\"5\"],\"columns[4].columnComment\":[\"æ—¶é—´\"],\"columns[4].javaType\":[\"Date\"],\"columns[4].javaField\":[\"time\"],\"columns[4].isInsert\":[\"1\"],\"columns[4].isEdit\":[\"1\"],\"columns[4].isList\":[\"1\"],\"columns[4].isQuery\":[\"1\"],\"columns[4].queryType\":[\"EQ\"],\"columns[4].htmlType\":[\"datetime\"],\"columns[4].dictType\":[\"\"],\"columns[5].columnId\":[\"170\"],\"columns[5].sort\":[\"6\"],\"columns[5].columnComment\":[\"æäº¤äºº\"],\"columns[5].javaType\":[\"String\"],\"columns[5].javaField\":[\"name\"],\"columns[5].isInsert\":[\"1\"],\"columns[5].isEdit\":[\"1\"],\"columns[5].isList\"','{\"msg\":\"æ“ä½œæˆåŠŸ\",\"code\":0}',0,NULL,'2024-03-27 14:22:19'),(391,'ä»£ç ç”Ÿæˆ',8,'com.ruoyi.generator.controller.GenController.download()','GET',1,'admin','ç ”å‘éƒ¨é—¨','/tool/gen/download/clean','127.0.0.1','å†…ç½‘IP','\"clean\"',NULL,0,NULL,'2024-03-27 14:22:24'),(392,'èœå•ç®¡ç†',2,'com.ruoyi.web.controller.system.SysMenuController.editSave()','POST',1,'admin','ç ”å‘éƒ¨é—¨','/system/menu/edit','127.0.0.1','å†…ç½‘IP','{\"menuId\":[\"2085\"],\"parentId\":[\"2006\"],\"menuType\":[\"C\"],\"menuName\":[\"å«ç”Ÿ\"],\"url\":[\"/work/clean\"],\"target\":[\"menuItem\"],\"perms\":[\"work:clean:view\"],\"orderNum\":[\"1\"],\"icon\":[\"#\"],\"visible\":[\"1\"],\"isRefresh\":[\"1\"]}','{\"msg\":\"ä¿®æ”¹èœå•\'å«ç”Ÿ\'å¤±è´¥ï¼Œèœå•åç§°å·²å­˜åœ¨\",\"code\":500}',0,NULL,'2024-03-27 14:25:59'),(393,'èœå•ç®¡ç†',2,'com.ruoyi.web.controller.system.SysMenuController.editSave()','POST',1,'admin','ç ”å‘éƒ¨é—¨','/system/menu/edit','127.0.0.1','å†…ç½‘IP','{\"menuId\":[\"2025\"],\"parentId\":[\"2006\"],\"menuType\":[\"C\"],\"menuName\":[\"å«ç”Ÿ\"],\"url\":[\"/work/clean\"],\"target\":[\"menuItem\"],\"perms\":[\"work:clean:view\"],\"orderNum\":[\"1\"],\"icon\":[\"#\"],\"visible\":[\"1\"],\"isRefresh\":[\"1\"]}','{\"msg\":\"æ“ä½œæˆåŠŸ\",\"code\":0}',0,NULL,'2024-03-27 14:26:04'),(394,'å«ç”Ÿ',3,'com.ruoyi.work.controller.CleanController.remove()','POST',1,'admin','ç ”å‘éƒ¨é—¨','/work/clean/remove','127.0.0.1','å†…ç½‘IP','{\"ids\":[\"82\"]}','{\"msg\":\"æ“ä½œæˆåŠŸ\",\"code\":0}',0,NULL,'2024-03-27 14:26:39'),(395,'å«ç”Ÿ',3,'com.ruoyi.work.controller.CleanController.remove()','POST',1,'admin','ç ”å‘éƒ¨é—¨','/work/clean/remove','127.0.0.1','å†…ç½‘IP','{\"ids\":[\"83\"]}','{\"msg\":\"æ“ä½œæˆåŠŸ\",\"code\":0}',0,NULL,'2024-03-27 14:26:40'),(396,'ç»´ä¿®',3,'com.ruoyi.work.controller.SafeController.remove()','POST',1,'admin','ç ”å‘éƒ¨é—¨','/work/safe/remove','127.0.0.1','å†…ç½‘IP','{\"ids\":[\"36\"]}','{\"msg\":\"æ“ä½œæˆåŠŸ\",\"code\":0}',0,NULL,'2024-03-28 08:25:51'),(397,'å«ç”Ÿ',5,'com.ruoyi.work.controller.CleanController.export()','POST',1,'admin','ç ”å‘éƒ¨é—¨','/work/clean/export','127.0.0.1','å†…ç½‘IP','{\"time\":[\"\"],\"name\":[\"\"],\"status\":[\"\"],\"orderByColumn\":[\"\"],\"isAsc\":[\"asc\"]}','{\"msg\":\"08b6b90e-bf07-4697-8f63-960558de9f4e_clean.xlsx\",\"code\":0}',0,NULL,'2024-03-29 08:26:21'),(398,'å«ç”Ÿ',5,'com.ruoyi.work.controller.CleanController.export()','POST',1,'admin','ç ”å‘éƒ¨é—¨','/work/clean/export','127.0.0.1','å†…ç½‘IP','{\"time\":[\"\"],\"name\":[\"\"],\"status\":[\"\"],\"orderByColumn\":[\"\"],\"isAsc\":[\"asc\"]}','{\"msg\":\"9d3b738e-b8dc-45b7-8fc7-09d476a8e70c_clean.xlsx\",\"code\":0}',0,NULL,'2024-03-29 08:28:15'),(399,'å«ç”Ÿ',5,'com.ruoyi.work.controller.CleanController.export()','POST',1,'admin','ç ”å‘éƒ¨é—¨','/work/clean/export','127.0.0.1','å†…ç½‘IP','{\"time\":[\"\"],\"name\":[\"\"],\"status\":[\"\"],\"orderByColumn\":[\"\"],\"isAsc\":[\"asc\"]}','{\"msg\":\"6f384992-8a05-432a-ae1a-5a91ed49ca65_clean.xlsx\",\"code\":0}',0,NULL,'2024-03-29 08:29:13'),(400,'å«ç”Ÿ',5,'com.ruoyi.work.controller.CleanController.export()','POST',1,'admin','ç ”å‘éƒ¨é—¨','/work/clean/export','127.0.0.1','å†…ç½‘IP','{\"time\":[\"\"],\"name\":[\"\"],\"status\":[\"\"],\"orderByColumn\":[\"\"],\"isAsc\":[\"asc\"]}','{\"msg\":\"27aa16f6-e303-480d-ab8c-7e76b6b256c8_clean.xlsx\",\"code\":0}',0,NULL,'2024-03-29 08:33:20'),(401,'å«ç”Ÿ',2,'com.ruoyi.work.controller.CleanController.editSave()','POST',1,'admin','ç ”å‘éƒ¨é—¨','/work/clean/edit','127.0.0.1','å†…ç½‘IP','{\"id\":[\"74\"],\"place\":[\"j01-01\"],\"question\":[\"åŸƒæ–‡\"],\"pic\":[\"/profile/upload/2024/03/29/c8fb6973-cb66-46e2-bf66-18c939ef5f25.png\"],\"time\":[\"2024-03-11\"],\"name\":[\"è‰¾æ–‡æ‰“\"],\"phone\":[\"18053937959\"],\"status\":[\"1\"]}','{\"msg\":\"æ“ä½œæˆåŠŸ\",\"code\":0}',0,NULL,'2024-03-29 11:29:32'),(402,'ç»´ä¿®',3,'com.ruoyi.work.controller.SafeController.remove()','POST',1,'admin','ç ”å‘éƒ¨é—¨','/work/safe/remove','127.0.0.1','å†…ç½‘IP','{\"ids\":[\"37\"]}','{\"msg\":\"æ“ä½œæˆåŠŸ\",\"code\":0}',0,NULL,'2024-03-29 14:08:50'),(403,'ç»´ä¿®',1,'com.ruoyi.work.controller.SafeController.addSave()','POST',1,'admin','ç ”å‘éƒ¨é—¨','/work/safe/add','127.0.0.1','å†…ç½‘IP','{\"place\":[\"101\"],\"type\":[\"\"],\"question\":[\"\"],\"pic\":[\"/image/upload/2024/03/29/55d27982-8400-425b-a7ee-15e8b1401762.png\"],\"time\":[\"\"],\"name\":[\"\"],\"phone\":[\"\"],\"status\":[\"1\"]}','{\"msg\":\"æ“ä½œæˆåŠŸ\",\"code\":0}',0,NULL,'2024-03-29 14:09:23'),(404,'ç»´ä¿®',5,'com.ruoyi.work.controller.SafeController.export()','POST',1,'admin','ç ”å‘éƒ¨é—¨','/work/safe/export','127.0.0.1','å†…ç½‘IP','{\"place\":[\"\"],\"type\":[\"\"],\"time\":[\"\"],\"name\":[\"\"],\"status\":[\"\"],\"orderByColumn\":[\"\"],\"isAsc\":[\"asc\"]}','{\"msg\":\"c1d1cda9-9d35-431c-9b70-dad9c59939ff_safe.xlsx\",\"code\":0}',0,NULL,'2024-03-29 14:09:31'),(405,'ç»´ä¿®',1,'com.ruoyi.work.controller.SafeController.addSave()','POST',1,'admin','ç ”å‘éƒ¨é—¨','/work/safe/add','127.0.0.1','å†…ç½‘IP','{\"place\":[\"\"],\"type\":[\"\"],\"question\":[\"\"],\"pic\":[\"/image/upload/2024/03/29/c6a4ab62-29e0-46e5-b980-e601b2eb12a1.jpg\"],\"time\":[\"\"],\"name\":[\"\"],\"phone\":[\"\"],\"status\":[\"0\"]}','{\"msg\":\"æ“ä½œæˆåŠŸ\",\"code\":0}',0,NULL,'2024-03-29 14:11:39'),(406,'ç»´ä¿®',3,'com.ruoyi.work.controller.SafeController.remove()','POST',1,'admin','ç ”å‘éƒ¨é—¨','/work/safe/remove','127.0.0.1','å†…ç½‘IP','{\"ids\":[\"32,31,30,29,28,27,33,34,35,38\"]}','{\"msg\":\"æ“ä½œæˆåŠŸ\",\"code\":0}',0,NULL,'2024-03-29 14:23:21'),(407,'å«ç”Ÿ',3,'com.ruoyi.work.controller.CleanController.remove()','POST',1,'admin','ç ”å‘éƒ¨é—¨','/work/clean/remove','127.0.0.1','å†…ç½‘IP','{\"ids\":[\"74,75,76,77,78,79,80,81\"]}','{\"msg\":\"æ“ä½œæˆåŠŸ\",\"code\":0}',0,NULL,'2024-03-29 14:23:37'),(408,'å«ç”Ÿ',1,'com.ruoyi.work.controller.CleanController.addSave()','POST',1,'admin','ç ”å‘éƒ¨é—¨','/work/clean/add','127.0.0.1','å†…ç½‘IP','{\"place\":[\"j01-101\"],\"question\":[\"\"],\"pic\":[\"/image/upload/2024/03/29/b1da6f7c-f487-446a-91e6-f7204523f7bc.jpg\"],\"time\":[\"\"],\"name\":[\"ä¸´èŒ\"],\"phone\":[\"13181342970\"],\"status\":[\"1\"]}','{\"msg\":\"æ“ä½œæˆåŠŸ\",\"code\":0}',0,NULL,'2024-03-29 14:24:06'),(409,'å«ç”Ÿ',1,'com.ruoyi.work.controller.CleanController.addSave()','POST',1,'admin','ç ”å‘éƒ¨é—¨','/work/clean/add','127.0.0.1','å†…ç½‘IP','{\"place\":[\"j02-111\"],\"question\":[\"åœ°é¢æœ‰åƒåœ¾\"],\"pic\":[\"/image/upload/2024/03/29/8b0bd4b4-7f34-46b4-a9d7-210032e32aaf.jpg\"],\"time\":[\"\"],\"name\":[\"è¨è¾¾\"],\"phone\":[\"13181342970\"],\"status\":[\"1\"]}','{\"msg\":\"æ“ä½œæˆåŠŸ\",\"code\":0}',0,NULL,'2024-03-29 14:24:56'),(410,'ç»´ä¿®',1,'com.ruoyi.work.controller.SafeController.addSave()','POST',1,'admin','ç ”å‘éƒ¨é—¨','/work/safe/add','127.0.0.1','å†…ç½‘IP','{\"place\":[\"101\"],\"type\":[\"\"],\"question\":[\"dsadaas\"],\"pic\":[\"/image/upload/2024/03/29/cafebca1-b9c8-4b63-990e-47ec4321ada2.jpg\"],\"time\":[\"\"],\"name\":[\"è¨è¾¾\"],\"phone\":[\"13181342970\"],\"status\":[\"1\"]}','{\"msg\":\"æ“ä½œæˆåŠŸ\",\"code\":0}',0,NULL,'2024-03-29 14:25:16'),(411,'ç»´ä¿®',5,'com.ruoyi.work.controller.SafeController.export()','POST',1,'admin','ç ”å‘éƒ¨é—¨','/work/safe/export','127.0.0.1','å†…ç½‘IP','{\"place\":[\"\"],\"type\":[\"\"],\"time\":[\"\"],\"name\":[\"\"],\"status\":[\"\"],\"orderByColumn\":[\"\"],\"isAsc\":[\"asc\"]}','{\"msg\":\"58acb71a-a7ed-4aa8-8275-9b6841e6a550_safe.xlsx\",\"code\":0}',0,NULL,'2024-03-29 14:25:53'),(412,'å«ç”Ÿ',1,'com.ruoyi.work.controller.CleanController.addSave()','POST',1,'admin','ç ”å‘éƒ¨é—¨','/work/clean/add','127.0.0.1','å†…ç½‘IP','{\"place\":[\"\"],\"question\":[\"\"],\"pic\":[\"/image/uploadOpen/2024/04/01/cbd28ab6-85d3-41e4-b2e7-bde5b07926eb.jpg\"],\"time\":[\"\"],\"name\":[\"\"],\"phone\":[\"\"],\"status\":[\"0\"]}','{\"msg\":\"æ“ä½œæˆåŠŸ\",\"code\":0}',0,NULL,'2024-04-01 09:07:09'),(413,'å«ç”Ÿ',5,'com.ruoyi.work.controller.CleanController.export()','POST',1,'admin','ç ”å‘éƒ¨é—¨','/work/clean/export','127.0.0.1','å†…ç½‘IP','{\"time\":[\"\"],\"name\":[\"\"],\"status\":[\"\"],\"orderByColumn\":[\"\"],\"isAsc\":[\"asc\"]}','{\"msg\":\"5ed213fe-c149-4c6a-94c1-fb7e1ed16a67_clean.xlsx\",\"code\":0}',0,NULL,'2024-04-01 09:07:16'),(414,'å«ç”Ÿ',1,'com.ruoyi.work.controller.CleanController.addSave()','POST',1,'admin','ç ”å‘éƒ¨é—¨','/work/clean/add','127.0.0.1','å†…ç½‘IP','{\"place\":[\"\"],\"question\":[\"\"],\"pic\":[\"/profile/uploadOpen/2024/04/01/4eb50e20-9dae-4030-9e9a-5c5d2902f6b3.jpg\"],\"time\":[\"\"],\"name\":[\"\"],\"phone\":[\"\"],\"status\":[\"0\"]}','{\"msg\":\"æ“ä½œæˆåŠŸ\",\"code\":0}',0,NULL,'2024-04-01 09:09:03'),(415,'å«ç”Ÿ',5,'com.ruoyi.work.controller.CleanController.export()','POST',1,'admin','ç ”å‘éƒ¨é—¨','/work/clean/export','127.0.0.1','å†…ç½‘IP','{\"time\":[\"\"],\"name\":[\"\"],\"status\":[\"\"],\"orderByColumn\":[\"\"],\"isAsc\":[\"asc\"]}','{\"msg\":\"8d631846-87e5-4932-a9f1-bdcecf0939b8_clean.xlsx\",\"code\":0}',0,NULL,'2024-04-01 09:09:15'),(416,'å«ç”Ÿ',5,'com.ruoyi.work.controller.CleanController.export()','POST',1,'admin','ç ”å‘éƒ¨é—¨','/work/clean/export','127.0.0.1','å†…ç½‘IP','{\"time\":[\"\"],\"name\":[\"\"],\"status\":[\"\"],\"orderByColumn\":[\"\"],\"isAsc\":[\"asc\"]}','{\"msg\":\"a89832eb-bb48-4091-8217-960aabb038af_clean.xlsx\",\"code\":0}',0,NULL,'2024-04-01 09:26:18'),(417,'å«ç”Ÿ',5,'com.ruoyi.work.controller.CleanController.export()','POST',1,'admin','ç ”å‘éƒ¨é—¨','/work/clean/export','127.0.0.1','å†…ç½‘IP','{\"time\":[\"\"],\"name\":[\"\"],\"status\":[\"\"],\"orderByColumn\":[\"\"],\"isAsc\":[\"asc\"]}','{\"msg\":\"cd6e6de1-15ff-4fe7-9ba0-f6389841b839_clean.xlsx\",\"code\":0}',0,NULL,'2024-04-01 09:31:16'),(418,'å«ç”Ÿ',5,'com.ruoyi.work.controller.CleanController.export()','POST',1,'admin','ç ”å‘éƒ¨é—¨','/work/clean/export','127.0.0.1','å†…ç½‘IP','{\"time\":[\"\"],\"name\":[\"\"],\"status\":[\"\"],\"orderByColumn\":[\"\"],\"isAsc\":[\"asc\"]}','{\"msg\":\"a7b18f45-1b91-4138-949b-87327045dab5_clean.xlsx\",\"code\":0}',0,NULL,'2024-04-01 09:35:51'),(419,'ç»´ä¿®',5,'com.ruoyi.work.controller.SafeController.export()','POST',1,'admin','ç ”å‘éƒ¨é—¨','/work/safe/export','127.0.0.1','å†…ç½‘IP','{\"place\":[\"\"],\"type\":[\"\"],\"time\":[\"\"],\"name\":[\"\"],\"status\":[\"\"],\"orderByColumn\":[\"\"],\"isAsc\":[\"asc\"]}','{\"msg\":\"9c9e90a5-b2cd-4b63-a676-5881146c9a22_safe.xlsx\",\"code\":0}',0,NULL,'2024-04-02 08:31:46'),(420,'ç»´ä¿®',2,'com.ruoyi.work.controller.SafeController.editSave()','POST',1,'admin','ç ”å‘éƒ¨é—¨','/work/safe/edit','192.168.1.16','å†…ç½‘IP','{\"id\":[\"43\"],\"place\":[\"å›¾ä¹¦ä¿¡æ¯æ¥¼-æœºæˆ¿\"],\"type\":[\"\"],\"question\":[\"å“‡å“‡\"],\"pic\":[\"/profile/upload/2024/04/02/11e47c51-478a-4242-926f-027362e982b4.jpg\"],\"time\":[\"2024-04-02\"],\"name\":[\"å°è¾¾\"],\"phone\":[\"18053937959\"],\"status\":[\"1\"]}','{\"msg\":\"æ“ä½œæˆåŠŸ\",\"code\":0}',0,NULL,'2024-04-02 08:39:47'),(421,'ç»´ä¿®',3,'com.ruoyi.work.controller.SafeController.remove()','POST',1,'admin','ç ”å‘éƒ¨é—¨','/work/safe/remove','192.168.1.16','å†…ç½‘IP','{\"ids\":[\"43\"]}','{\"msg\":\"æ“ä½œæˆåŠŸ\",\"code\":0}',0,NULL,'2024-04-02 08:46:02'),(422,'ç»´ä¿®',2,'com.ruoyi.work.controller.SafeController.editSave()','POST',1,'admin','ç ”å‘éƒ¨é—¨','/work/safe/edit','192.168.1.16','å†…ç½‘IP','{\"id\":[\"42\"],\"place\":[\"å›¾ä¹¦ä¿¡æ¯æ¥¼-1+X\"],\"type\":[\"\"],\"question\":[\"11\"],\"pic\":[\"/profile/upload/2024/04/01/7f4d291b-c09c-4a96-a572-6bde9ffd2574.jpg\"],\"time\":[\"2024-04-01\"],\"name\":[\"æµ‹è¯•\"],\"phone\":[\"18053937959\"],\"status\":[\"1\"]}','{\"msg\":\"æ“ä½œæˆåŠŸ\",\"code\":0}',0,NULL,'2024-04-02 08:46:55'),(423,'ç»´ä¿®',2,'com.ruoyi.work.controller.SafeController.editSave()','POST',1,'admin','ç ”å‘éƒ¨é—¨','/work/safe/edit','192.168.1.16','å†…ç½‘IP','{\"id\":[\"44\"],\"place\":[\"å›¾ä¹¦ä¿¡æ¯æ¥¼-1+X\"],\"type\":[\"\"],\"question\":[\"æµ‹è¯•\"],\"pic\":[\"/image/upload/2024/04/02/270d2da6-0572-4f88-aaec-7233b3c1cdaf.jpg\"],\"time\":[\"2024-04-02\"],\"name\":[\"å°è¾¾å•Š\"],\"phone\":[\"18053937959\"],\"status\":[\"1\"]}','{\"msg\":\"æ“ä½œæˆåŠŸ\",\"code\":0}',0,NULL,'2024-04-02 08:49:52'),(424,'ç»´ä¿®',3,'com.ruoyi.work.controller.SafeController.remove()','POST',1,'admin','ç ”å‘éƒ¨é—¨','/work/safe/remove','192.168.1.16','å†…ç½‘IP','{\"ids\":[\"42\"]}','{\"msg\":\"æ“ä½œæˆåŠŸ\",\"code\":0}',0,NULL,'2024-04-02 08:50:09'),(425,'ä»£ç ç”Ÿæˆ',6,'com.ruoyi.generator.controller.GenController.importTableSave()','POST',1,'admin','ç ”å‘éƒ¨é—¨','/tool/gen/importTable','127.0.0.1','å†…ç½‘IP','{\"tables\":[\"classify\"]}','{\"msg\":\"æ“ä½œæˆåŠŸ\",\"code\":0}',0,NULL,'2024-04-02 08:55:29'),(426,'ä»£ç ç”Ÿæˆ',2,'com.ruoyi.generator.controller.GenController.editSave()','POST',1,'admin','ç ”å‘éƒ¨é—¨','/tool/gen/edit','127.0.0.1','å†…ç½‘IP','{\"tableId\":[\"26\"],\"tableName\":[\"classify\"],\"tableComment\":[\"åˆ†ç±»\"],\"className\":[\"Classify\"],\"functionAuthor\":[\"SJY\"],\"remark\":[\"\"],\"columns[0].columnId\":[\"173\"],\"columns[0].sort\":[\"1\"],\"columns[0].columnComment\":[\"ID\"],\"columns[0].javaType\":[\"Long\"],\"columns[0].javaField\":[\"id\"],\"columns[0].isList\":[\"1\"],\"columns[0].queryType\":[\"EQ\"],\"columns[0].htmlType\":[\"input\"],\"columns[0].dictType\":[\"\"],\"columns[1].columnId\":[\"174\"],\"columns[1].sort\":[\"2\"],\"columns[1].columnComment\":[\"åˆ†ç±»åç§°\"],\"columns[1].javaType\":[\"String\"],\"columns[1].javaField\":[\"name\"],\"columns[1].isInsert\":[\"1\"],\"columns[1].isEdit\":[\"1\"],\"columns[1].isList\":[\"1\"],\"columns[1].isQuery\":[\"1\"],\"columns[1].queryType\":[\"LIKE\"],\"columns[1].htmlType\":[\"input\"],\"columns[1].dictType\":[\"\"],\"tplCategory\":[\"crud\"],\"packageName\":[\"com.ruoyi.work\"],\"moduleName\":[\"work\"],\"businessName\":[\"classify\"],\"functionName\":[\"åˆ†ç±»\"],\"params[parentMenuId]\":[\"2006\"],\"params[parentMenuName]\":[\"å®è®­å®¤\"],\"useMybatisPlus\":[\"1\"],\"genType\":[\"0\"],\"genPath\":[\"/\"],\"subTableName\":[\"\"],\"params[treeCode]\":[\"\"],\"params[treeParentCode]\":[\"\"],\"params[treeName]\":[\"\"]}','{\"msg\":\"æ“ä½œæˆåŠŸ\",\"code\":0}',0,NULL,'2024-04-02 08:55:50'),(427,'ä»£ç ç”Ÿæˆ',8,'com.ruoyi.generator.controller.GenController.download()','GET',1,'admin','ç ”å‘éƒ¨é—¨','/tool/gen/download/classify','127.0.0.1','å†…ç½‘IP','\"classify\"',NULL,0,NULL,'2024-04-02 08:55:53'),(428,'èœå•ç®¡ç†',2,'com.ruoyi.web.controller.system.SysMenuController.editSave()','POST',1,'admin','ç ”å‘éƒ¨é—¨','/system/menu/edit','127.0.0.1','å†…ç½‘IP','{\"menuId\":[\"2091\"],\"parentId\":[\"2006\"],\"menuType\":[\"C\"],\"menuName\":[\"åˆ†ç±»\"],\"url\":[\"/work/classify\"],\"target\":[\"menuItem\"],\"perms\":[\"work:classify:view\"],\"orderNum\":[\"1\"],\"icon\":[\"#\"],\"visible\":[\"1\"],\"isRefresh\":[\"1\"]}','{\"msg\":\"æ“ä½œæˆåŠŸ\",\"code\":0}',0,NULL,'2024-04-02 09:01:50');

/*Table structure for table `sys_post` */

DROP TABLE IF EXISTS `sys_post`;

CREATE TABLE `sys_post` (
  `post_id` bigint(20) NOT NULL AUTO_INCREMENT COMMENT 'å²—ä½ID',
  `post_code` varchar(64) NOT NULL COMMENT 'å²—ä½ç¼–ç ',
  `post_name` varchar(50) NOT NULL COMMENT 'å²—ä½åç§°',
  `post_sort` int(4) NOT NULL COMMENT 'æ˜¾ç¤ºé¡ºåº',
  `status` char(1) NOT NULL COMMENT 'çŠ¶æ€ï¼ˆ0æ­£å¸¸ 1åœç”¨ï¼‰',
  `create_by` varchar(64) DEFAULT '' COMMENT 'åˆ›å»ºè€…',
  `create_time` datetime DEFAULT NULL COMMENT 'åˆ›å»ºæ—¶é—´',
  `update_by` varchar(64) DEFAULT '' COMMENT 'æ›´æ–°è€…',
  `update_time` datetime DEFAULT NULL COMMENT 'æ›´æ–°æ—¶é—´',
  `remark` varchar(500) DEFAULT NULL COMMENT 'å¤‡æ³¨',
  PRIMARY KEY (`post_id`)
) ENGINE=InnoDB AUTO_INCREMENT=5 DEFAULT CHARSET=utf8mb4 COMMENT='å²—ä½ä¿¡æ¯è¡¨';

/*Data for the table `sys_post` */

insert  into `sys_post`(`post_id`,`post_code`,`post_name`,`post_sort`,`status`,`create_by`,`create_time`,`update_by`,`update_time`,`remark`) values (1,'ceo','è‘£äº‹é•¿',1,'0','admin','2021-09-10 14:08:33','',NULL,''),(2,'se','é¡¹ç›®ç»ç†',2,'0','admin','2021-09-10 14:08:33','',NULL,''),(3,'hr','äººåŠ›èµ„æº',3,'0','admin','2021-09-10 14:08:33','',NULL,''),(4,'user','æ™®é€šå‘˜å·¥',4,'0','admin','2021-09-10 14:08:33','',NULL,'');

/*Table structure for table `sys_role` */

DROP TABLE IF EXISTS `sys_role`;

CREATE TABLE `sys_role` (
  `role_id` bigint(20) NOT NULL AUTO_INCREMENT COMMENT 'è§’è‰²ID',
  `role_name` varchar(30) NOT NULL COMMENT 'è§’è‰²åç§°',
  `role_key` varchar(100) NOT NULL COMMENT 'è§’è‰²æƒé™å­—ç¬¦ä¸²',
  `role_sort` int(4) NOT NULL COMMENT 'æ˜¾ç¤ºé¡ºåº',
  `data_scope` char(1) DEFAULT '1' COMMENT 'æ•°æ®èŒƒå›´ï¼ˆ1ï¼šå…¨éƒ¨æ•°æ®æƒé™ 2ï¼šè‡ªå®šæ•°æ®æƒé™ 3ï¼šæœ¬éƒ¨é—¨æ•°æ®æƒé™ 4ï¼šæœ¬éƒ¨é—¨åŠä»¥ä¸‹æ•°æ®æƒé™ï¼‰',
  `status` char(1) NOT NULL COMMENT 'è§’è‰²çŠ¶æ€ï¼ˆ0æ­£å¸¸ 1åœç”¨ï¼‰',
  `del_flag` char(1) DEFAULT '0' COMMENT 'åˆ é™¤æ ‡å¿—ï¼ˆ0ä»£è¡¨å­˜åœ¨ 2ä»£è¡¨åˆ é™¤ï¼‰',
  `create_by` varchar(64) DEFAULT '' COMMENT 'åˆ›å»ºè€…',
  `create_time` datetime DEFAULT NULL COMMENT 'åˆ›å»ºæ—¶é—´',
  `update_by` varchar(64) DEFAULT '' COMMENT 'æ›´æ–°è€…',
  `update_time` datetime DEFAULT NULL COMMENT 'æ›´æ–°æ—¶é—´',
  `remark` varchar(500) DEFAULT NULL COMMENT 'å¤‡æ³¨',
  PRIMARY KEY (`role_id`)
) ENGINE=InnoDB AUTO_INCREMENT=5 DEFAULT CHARSET=utf8mb4 COMMENT='è§’è‰²ä¿¡æ¯è¡¨';

/*Data for the table `sys_role` */

insert  into `sys_role`(`role_id`,`role_name`,`role_key`,`role_sort`,`data_scope`,`status`,`del_flag`,`create_by`,`create_time`,`update_by`,`update_time`,`remark`) values (1,'è¶…çº§ç®¡ç†å‘˜','admin',1,'1','0','0','admin','2021-09-10 14:08:33','',NULL,'è¶…çº§ç®¡ç†å‘˜'),(2,'æ™®é€šè§’è‰²','common',2,'2','0','0','admin','2021-09-10 14:08:33','admin','2024-02-29 10:19:44','æ™®é€šè§’è‰²'),(3,'æ•™å¸ˆ','teacher',3,'1','0','0','admin','2024-03-11 10:56:18','admin','2024-03-11 10:58:19',''),(4,'å­¦ç”Ÿ','students',4,'1','0','0','admin','2024-03-11 10:59:28','',NULL,NULL);

/*Table structure for table `sys_role_dept` */

DROP TABLE IF EXISTS `sys_role_dept`;

CREATE TABLE `sys_role_dept` (
  `role_id` bigint(20) NOT NULL COMMENT 'è§’è‰²ID',
  `dept_id` bigint(20) NOT NULL COMMENT 'éƒ¨é—¨ID',
  PRIMARY KEY (`role_id`,`dept_id`)
) ENGINE=InnoDB DEFAULT CHARSET=utf8mb4 COMMENT='è§’è‰²å’Œéƒ¨é—¨å…³è”è¡¨';

/*Data for the table `sys_role_dept` */

insert  into `sys_role_dept`(`role_id`,`dept_id`) values (2,100),(2,101),(2,105);

/*Table structure for table `sys_role_menu` */

DROP TABLE IF EXISTS `sys_role_menu`;

CREATE TABLE `sys_role_menu` (
  `role_id` bigint(20) NOT NULL COMMENT 'è§’è‰²ID',
  `menu_id` bigint(20) NOT NULL COMMENT 'èœå•ID',
  PRIMARY KEY (`role_id`,`menu_id`)
) ENGINE=InnoDB DEFAULT CHARSET=utf8mb4 COMMENT='è§’è‰²å’Œèœå•å…³è”è¡¨';

/*Data for the table `sys_role_menu` */

insert  into `sys_role_menu`(`role_id`,`menu_id`) values (2,2006),(2,2025),(2,2026),(2,2027),(2,2028),(2,2029),(2,2030),(3,2006),(3,2025),(3,2026),(3,2027),(3,2028),(3,2029),(3,2030),(3,2055),(3,2056),(3,2057),(3,2058),(3,2059),(3,2060),(4,2006),(4,2025),(4,2026),(4,2027),(4,2028),(4,2029),(4,2030),(4,2055),(4,2056),(4,2057),(4,2058),(4,2059),(4,2060);

/*Table structure for table `sys_user` */

DROP TABLE IF EXISTS `sys_user`;

CREATE TABLE `sys_user` (
  `user_id` bigint(20) NOT NULL AUTO_INCREMENT COMMENT 'ç”¨æˆ·ID',
  `dept_id` bigint(20) DEFAULT NULL COMMENT 'éƒ¨é—¨ID',
  `login_name` varchar(30) NOT NULL COMMENT 'ç™»å½•è´¦å·',
  `user_name` varchar(30) DEFAULT '' COMMENT 'ç”¨æˆ·æ˜µç§°',
  `user_type` varchar(2) DEFAULT '00' COMMENT 'ç”¨æˆ·ç±»å‹ï¼ˆ00ç³»ç»Ÿç”¨æˆ· 01æ³¨å†Œç”¨æˆ·ï¼‰',
  `email` varchar(50) DEFAULT '' COMMENT 'ç”¨æˆ·é‚®ç®±',
  `phonenumber` varchar(11) DEFAULT '' COMMENT 'æ‰‹æœºå·ç ',
  `sex` char(1) DEFAULT '0' COMMENT 'ç”¨æˆ·æ€§åˆ«ï¼ˆ0ç”· 1å¥³ 2æœªçŸ¥ï¼‰',
  `avatar` varchar(100) DEFAULT '' COMMENT 'å¤´åƒè·¯å¾„',
  `password` varchar(50) DEFAULT '' COMMENT 'å¯†ç ',
  `salt` varchar(20) DEFAULT '' COMMENT 'ç›åŠ å¯†',
  `status` char(1) DEFAULT '0' COMMENT 'å¸å·çŠ¶æ€ï¼ˆ0æ­£å¸¸ 1åœç”¨ï¼‰',
  `del_flag` char(1) DEFAULT '0' COMMENT 'åˆ é™¤æ ‡å¿—ï¼ˆ0ä»£è¡¨å­˜åœ¨ 2ä»£è¡¨åˆ é™¤ï¼‰',
  `login_ip` varchar(128) DEFAULT '' COMMENT 'æœ€åç™»å½•IP',
  `login_date` datetime DEFAULT NULL COMMENT 'æœ€åç™»å½•æ—¶é—´',
  `pwd_update_date` datetime DEFAULT NULL COMMENT 'å¯†ç æœ€åæ›´æ–°æ—¶é—´',
  `create_by` varchar(64) DEFAULT '' COMMENT 'åˆ›å»ºè€…',
  `create_time` datetime DEFAULT NULL COMMENT 'åˆ›å»ºæ—¶é—´',
  `update_by` varchar(64) DEFAULT '' COMMENT 'æ›´æ–°è€…',
  `update_time` datetime DEFAULT NULL COMMENT 'æ›´æ–°æ—¶é—´',
  `remark` varchar(500) DEFAULT NULL COMMENT 'å¤‡æ³¨',
  PRIMARY KEY (`user_id`)
) ENGINE=InnoDB AUTO_INCREMENT=5 DEFAULT CHARSET=utf8mb4 COMMENT='ç”¨æˆ·ä¿¡æ¯è¡¨';

/*Data for the table `sys_user` */

insert  into `sys_user`(`user_id`,`dept_id`,`login_name`,`user_name`,`user_type`,`email`,`phonenumber`,`sex`,`avatar`,`password`,`salt`,`status`,`del_flag`,`login_ip`,`login_date`,`pwd_update_date`,`create_by`,`create_time`,`update_by`,`update_time`,`remark`) values (1,103,'admin','è‹¥ä¾','00','ry@163.com','15888888888','1','','29c67a30398638269fe600f73a054934','111111','0','0','127.0.0.1','2024-04-15 08:28:12','2021-09-10 14:08:33','admin','2021-09-10 14:08:33','','2024-04-15 08:28:12','ç®¡ç†å‘˜'),(2,105,'ry','è‹¥ä¾','00','ry@qq.com','15666666666','1','','8e6d98b90472783cc73c17047ddccf36','222222','0','2','127.0.0.1','2021-09-10 14:08:33','2021-09-10 14:08:33','admin','2021-09-10 14:08:33','',NULL,'æµ‹è¯•å‘˜'),(3,NULL,'fgh','å‰å‰','00','','','0','','5a9e4c6fb9194f9835ddbfaca3937142','70e6d5','0','2','127.0.0.1','2024-02-29 10:19:55',NULL,'admin','2024-02-29 10:16:42','admin','2024-02-29 10:19:54',''),(4,NULL,'teacher','teacher','00','','','0','','b17314e7ef4e74bff1a2d6b094bb6666','3186af','0','0','127.0.0.1','2024-03-11 14:50:06',NULL,'admin','2024-03-11 10:57:16','','2024-03-11 14:50:05',NULL);

/*Table structure for table `sys_user_online` */

DROP TABLE IF EXISTS `sys_user_online`;

CREATE TABLE `sys_user_online` (
  `sessionId` varchar(50) NOT NULL DEFAULT '' COMMENT 'ç”¨æˆ·ä¼šè¯id',
  `login_name` varchar(50) DEFAULT '' COMMENT 'ç™»å½•è´¦å·',
  `dept_name` varchar(50) DEFAULT '' COMMENT 'éƒ¨é—¨åç§°',
  `ipaddr` varchar(128) DEFAULT '' COMMENT 'ç™»å½•IPåœ°å€',
  `login_location` varchar(255) DEFAULT '' COMMENT 'ç™»å½•åœ°ç‚¹',
  `browser` varchar(50) DEFAULT '' COMMENT 'æµè§ˆå™¨ç±»å‹',
  `os` varchar(50) DEFAULT '' COMMENT 'æ“ä½œç³»ç»Ÿ',
  `status` varchar(10) DEFAULT '' COMMENT 'åœ¨çº¿çŠ¶æ€on_lineåœ¨çº¿off_lineç¦»çº¿',
  `start_timestamp` datetime DEFAULT NULL COMMENT 'sessionåˆ›å»ºæ—¶é—´',
  `last_access_time` datetime DEFAULT NULL COMMENT 'sessionæœ€åè®¿é—®æ—¶é—´',
  `expire_time` int(5) DEFAULT '0' COMMENT 'è¶…æ—¶æ—¶é—´ï¼Œå•ä½ä¸ºåˆ†é’Ÿ',
  PRIMARY KEY (`sessionId`)
) ENGINE=InnoDB DEFAULT CHARSET=utf8mb4 COMMENT='åœ¨çº¿ç”¨æˆ·è®°å½•';

/*Data for the table `sys_user_online` */

/*Table structure for table `sys_user_post` */

DROP TABLE IF EXISTS `sys_user_post`;

CREATE TABLE `sys_user_post` (
  `user_id` bigint(20) NOT NULL COMMENT 'ç”¨æˆ·ID',
  `post_id` bigint(20) NOT NULL COMMENT 'å²—ä½ID',
  PRIMARY KEY (`user_id`,`post_id`)
) ENGINE=InnoDB DEFAULT CHARSET=utf8mb4 COMMENT='ç”¨æˆ·ä¸å²—ä½å…³è”è¡¨';

/*Data for the table `sys_user_post` */

insert  into `sys_user_post`(`user_id`,`post_id`) values (1,1);

/*Table structure for table `sys_user_role` */

DROP TABLE IF EXISTS `sys_user_role`;

CREATE TABLE `sys_user_role` (
  `user_id` bigint(20) NOT NULL COMMENT 'ç”¨æˆ·ID',
  `role_id` bigint(20) NOT NULL COMMENT 'è§’è‰²ID',
  PRIMARY KEY (`user_id`,`role_id`)
) ENGINE=InnoDB DEFAULT CHARSET=utf8mb4 COMMENT='ç”¨æˆ·å’Œè§’è‰²å…³è”è¡¨';

/*Data for the table `sys_user_role` */

insert  into `sys_user_role`(`user_id`,`role_id`) values (1,1),(4,3);

/*Table structure for table `user` */

DROP TABLE IF EXISTS `user`;

CREATE TABLE `user` (
  `id` int(10) NOT NULL AUTO_INCREMENT COMMENT 'id',
  `username` varchar(50) DEFAULT NULL COMMENT 'ç”¨æˆ·å',
  `password` varchar(50) DEFAULT NULL COMMENT 'å¯†ç ',
  PRIMARY KEY (`id`)
) ENGINE=MyISAM AUTO_INCREMENT=2 DEFAULT CHARSET=utf8mb4 COMMENT='ç”¨æˆ·';

/*Data for the table `user` */

insert  into `user`(`id`,`username`,`password`) values (1,'aaa','aaa');

/*!40101 SET SQL_MODE=@OLD_SQL_MODE */;
/*!40014 SET FOREIGN_KEY_CHECKS=@OLD_FOREIGN_KEY_CHECKS */;
/*!40014 SET UNIQUE_CHECKS=@OLD_UNIQUE_CHECKS */;
/*!40111 SET SQL_NOTES=@OLD_SQL_NOTES */;
